region,hdgc,dgc,lat,lon,n_collections,HDS_richness,mean_QDS_richness,Elevation,MAP,PDQ,Surface_T,NDVI,CEC,Clay,Soil_C,pH,PC1,PC2,PC1_residual,multivariate_residual
GCFR,E016S28D,E016S28,-28.75,16.75,1238,465,163.75,1.2799212860373086,-0.6770970720937086,-0.3039879503940807,1.271237113215399,0.03895506973069676,0.1966391775758051,0.6881320893500301,0.8867156317398072,1.0299690859885549,1.4478410322407118,1.054374225985313,-633.9411494319436,40.30112496572025
GCFR,E017S28C,E017S28,-28.75,17.25,1917,710,281.75,0.8480067622960656,-0.5863553377656531,-0.8014434120411378,1.0111884174365358,0.532642768770182,1.4604426125063585,1.7539129820244874,-0.10052533951908682,0.6039975691479222,1.1816093339888423,2.1507581998471634,-356.1644903293885,160.15938882619565
GCFR,E017S29A,E017S29,-29.25,17.25,1039,450,158,1.0914331429601523,0.1283334060705973,-0.49504986851475147,-0.679168884612148,-0.9022788900074263,1.7262696194020086,0.3362971723983855,-0.04331011031495439,-0.20055803120338758,-0.035400205056488686,1.5796920553911,-466.3344473714242,-636.9189221205376
GCFR,E017S29B,E017S29,-29.25,17.75,2427,806,322.75,1.239466797154423,0.1353585839781779,-0.7656592843918176,0.09462699148963766,-0.3939365399174325,1.5051447472526207,1.5610319001761945,0.4800739801798307,1.8600060782868493,1.5060830931063567,2.1543509367555735,-300.1115209052102,340.97114051965326
GCFR,E017S29C,E017S29,-29.75,17.25,1264,577,202,0.43345349395234056,-0.6365750350106779,0.9816282521805589,1.1949607585108397,-1.6176132880734375,0.9747589225284924,0.6497665426409137,0.24991593666776474,0.5384432224772109,0.7533685471794888,1.6010172661818403,-436.44236003751803,272.4856294204545
GCFR,E017S29D,E017S29,-29.75,17.75,4925,1104,478.25,1.7037593849278994,-0.8382810307836719,-0.39953639003810937,-0.02988793841285748,-0.25012855338674683,0.14660203755484394,0.5499420251651719,-0.23872753406850428,-0.8632251813009246,-0.24182623622854443,0.8185451739909619,213.07933955945973,69.0462512119263
GCFR,E017S30B,E017S30,-30.25,17.75,3324,939,364,1.8252972702812935,-0.22653780022946904,-1.087045511242327,1.067060917017121,-0.8200014400985658,0.5588213087889361,1.7383874865211941,1.0630869349701666,-0.08324607934344264,1.0525386402244357,2.01357113900438,-111.27417314542917,-121.62068264075927
GCFR,E017S30D,E017S30,-30.75,17.75,1186,550,194.75,0.7321078629718775,-2.5389800890564405,0.9006530911613527,0.8481914129138997,-2.501267474192929,0.7916588930023738,-0.048041769559682215,0.09231749343036262,-0.4654985651448441,-0.8919737655132711,2.1076317085197505,-260.8788619858142,718.3413263663384
GCFR,E018S29A,E018S29,-29.25,18.25,219,144,43.75,1.0908182862279905,0.16199194262608504,-0.7323923619191072,1.097455574009287,-1.3596172717136745,-0.2513673381517535,0.537368823785639,0.06990930555015083,1.033440794939067,0.5125812847704007,0.6848458493458781,-839.7982490317942,-219.42634975709413
GCFR,E018S29C,E018S29,-29.75,18.25,680,387,116.75,1.031808472527681,-1.2214343342191665,-0.29814160937931034,-0.3952237349317854,-1.7735187361580105,-0.39755123521956653,-1.1750822568142631,0.3388863495855463,1.3819166462951906,-0.7040685923822809,0.33054326586354843,-447.01248523113827,625.772878779796
GCFR,E018S30A,E018S30,-30.25,18.25,2149,780,260.5,0.45637290127212804,-0.11093324440006723,0.08149056154813537,0.8156755405643275,0.6964163318307636,0.8031221865490157,1.9119756417188336,1.3332857880874713,0.6995144775160003,1.987719442750289,1.5897816745723903,-385.4073543740882,-261.1743024903848
GCFR,E018S30B,E018S30,-30.25,18.75,255,171,47.5,0.0734653221129911,-0.6484445617679891,-0.8775367533005287,0.6793551785023693,0.023457805263984662,0.4445742249750498,0.7169016849388579,0.19902455079802472,0.8701978614095727,0.3560795234383969,1.1850474991110094,-793.5308029920817,-104.63451688896113
GCFR,E018S30C,E018S30,-30.75,18.25,913,514,160,1.4583712473624013,-0.2966023754340872,-0.41412404968786853,0.265832210612982,-0.21165421109432625,1.3693773114564864,0.6526662822287466,0.925376656896749,0.12679638940127225,1.0531744744634777,1.6746361254705626,-536.3524527876945,-509.93997422858155
GCFR,E018S30D,E018S30,-30.75,18.75,353,222,62.5,1.6044697293204706,-0.6904963653453355,0.35364374092642265,0.5826402008486006,-0.4584595764707517,0.7748291621860185,0.3688469884839832,0.13525250115124118,0.7456257688426313,1.0163354242033795,1.1351830017179407,-823.8170762718037,-242.98158573738357
GCFR,E018S31A,E018S31,-31.25,18.25,1388,612,195,0.7744451529296538,-0.32855658408793836,0.19040193869135139,-0.2904397211359006,-0.7663325028640348,-0.2828377456783897,0.2533950751117553,-0.21492866338444364,-0.6671947940492214,-0.5153554188540574,0.19196930529505882,-245.24558406013145,-429.1109001360859
GCFR,E018S31B,E018S31,-31.25,18.75,1748,659,222.75,0.7029017603259446,0.42934980799851996,-1.0624387844296581,-0.6314247309529573,-0.8458459894969882,1.2015025069117726,1.4675878636243975,0.5463479637997223,0.10992712736457917,0.20460217534348835,1.8752449145272558,-286.8819289741983,-548.8609871357775
GCFR,E018S31D,E018S31,-31.75,18.75,5109,1464,595.25,1.0320856485907373,0.16885362229455628,-0.683648476049429,1.236042540788661,-0.7366149865251862,0.6810764635499669,0.06836552340162935,0.013401147014073682,-0.1611763267579498,0.4698403576364512,0.8208446959376609,485.4637269372407,626.1462539270633
GCFR,E018S32B,E018S32,-32.25,18.75,5935,1556,583.75,0.9592586583107852,0.19669823074689832,0.10701741565113626,0.6218740446710067,0.45252712518582566,1.6772798373654774,0.031856494458879364,0.9245625940290082,-0.014422191343970164,1.5387409957716467,1.0710936158461357,445.86785739687286,315.39623198679834
GCFR,E018S32C,E018S32,-32.75,18.25,1347,582,192,-0.5768018645522646,0.20223653451029197,0.919654900671078,-1.6727642566190903,-0.4033625667263246,1.0147458449282007,0.19365783884778964,0.15534903207562914,0.41915741150205227,-0.1366355765663883,0.5727675944740738,-321.8710281659411,-436.18433724216544
GCFR,E018S32D,E018S32,-32.75,18.75,4723,1323,543.5,0.33805486057629086,0.2323370200399383,0.41563596116891605,-0.9874101642366842,0.0895481802966672,-1.4212576121596132,-0.4921194322353492,-0.3940191585000545,-0.20582056153839265,-0.6201375006296721,-1.4904934560126406,478.6544822992339,174.40540048780204
GCFR,E018S33A,E018S33,-33.25,18.25,4389,1239,488.25,-0.2899232401482439,0.9435956889654363,1.2540058822086182,1.0359356265745663,-0.04797828468577414,2.174697291988359,1.436281579963075,1.289129143985867,0.26494973541597894,2.384734143341484,1.76433258362741,24.714861404775434,-201.96062331685587
GCFR,E018S33B,E018S33,-33.25,18.75,2993,1093,369.75,-0.43823249366740835,0.8054750105447801,0.7276464159332672,-0.010550406397389472,-0.6359098289844619,0.5577696829423479,0.3032077798471917,-0.629505144951243,-0.05928239331079444,0.08242770224697543,0.10935184606588207,162.15937182511732,33.727143433086056
GCFR,E018S33D,E018S33,-33.75,18.75,19907,2811,1278.75,0.8705782794598843,1.249617389461751,1.4721352249106574,0.918948833692476,0.3175659992312587,1.6409113338059047,1.2031918776638222,1.1383075979576087,0.03669714654117419,2.75327231472538,1.0025211192713692,1551.3429162568234,1013.2749288984461
GCFR,E018S34B,E018S34,-34.25,18.75,20683,2727,1113.25,1.6624673335034783,1.2528163197907138,1.8724176909259085,1.7067294214899142,1.585419892689326,-0.5193400249017576,0.7695654812516766,1.2744818494016106,0.35413711835200595,3.5671532850053835,-0.9975267141960776,1367.1433559186355,880.9673567455961
GCFR,E019S29A,E019S29,-29.25,19.25,1052,392,142.75,1.0645160562786908,0.034202540704046984,0.4967314165514588,0.8624947374095185,-1.275212648890694,0.2025206003742533,0.5775229695100821,-0.3711280560186693,0.27092097547334093,0.5163768219870569,0.6703036213625756,-592.2655300891524,-266.71156171890976
GCFR,E019S30C,E019S30,-30.75,19.25,500,298,92.5,0.9762197797289055,-0.3920933187410641,-0.35213103312508653,0.28032946499149236,0.8106586327864561,1.2970937977144956,2.1140194358917728,1.0886493961929653,1.0138131121304548,1.8935318319763028,2.148137962909984,-855.8116081489233,-592.3256775104713
GCFR,E019S31A,E019S31,-31.25,19.25,5310,1374,421.25,0.9042497838158652,0.596338695895817,-0.4407773652545844,0.37030602271195945,0.8174084146070125,0.6032982114690578,-0.5047081674169512,-1.0705123146994,0.5780264523480263,0.631494047601953,-0.35708733105474416,375.5620100362835,591.307663489922
GCFR,E019S31B,E019S31,-31.25,19.75,1919,729,240.75,1.2244845385264278,-0.2943590649202122,0.2124658998967008,0.34698035869163774,-0.32152889226403547,0.5752892558102082,0.7679296845313972,0.5384010050469714,-0.27284721652081295,0.7652511836823208,1.0347242330798565,-285.9052704589678,-385.2279893837382
GCFR,E019S31C,E019S31,-31.75,19.25,2673,1144,366.5,1.3158507788242912,0.004527627611937767,-0.20748612789350063,0.7030037708156056,0.19227646831333142,0.38677530922961645,1.1229265653556446,-0.37324042314462247,0.23081971291211997,0.9385003193203849,0.7985589935329012,107.76545922533376,245.336244339234
GCFR,E019S31D,E019S31,-31.75,19.75,774,414,131.75,1.9111639410381118,-0.6049425274837393,0.9966456316498916,0.7876179734897927,-0.3017448129150641,0.8337883580563822,0.8831801032175473,-0.3899830924877315,0.06318998402108203,1.19301046697538,1.1211304100317734,-653.5681212709203,-368.9826409472688
GCFR,E019S32A,E019S32,-32.25,19.25,10196,1910,749.5,1.8253368072560447,0.9701997732752683,0.8856249611629913,1.769819290651922,1.155597188465075,1.1285729240566422,1.1933211753038986,1.0252238902937356,1.3076729299225007,3.6926317829381667,0.742353201940668,534.6952857660237,667.7491179735467
GCFR,E019S32B,E019S32,-32.25,19.75,1148,408,175.5,0.9505106155908528,-0.20165948267736838,-0.0028337014612372954,1.2566979318549982,0.48781569494972904,-0.4641283787125905,0.4649733966692899,-0.3343884952209593,-0.19189279668720158,0.7120809279265653,-0.12372888752277851,-600.359305576704,-472.07754943105533
GCFR,E019S32C,E019S32,-32.75,19.25,7456,1820,753.75,1.3875154292952474,0.8338642982888099,0.8922088640790106,0.43526705163566853,1.4828820334019095,0.16209612249659963,0.998161475238839,0.4273394139286583,1.2539701930855258,2.6159070412737324,-0.18431795161129128,577.2544063987477,572.303525368156
GCFR,E019S32D,E019S32,-32.75,19.75,2531,975,285.75,1.6275411283630272,0.8312376975337527,1.4474030488381782,2.1673216142124123,0.4127828478381709,0.467194259558839,-0.3125542298216957,0.16601115103874986,0.2923341020891835,2.5683674673114893,-0.4533635156805831,-261.89284045475375,-189.0769428829656
GCFR,E019S33A,E019S33,-33.25,19.25,14040,2503,1138,2.153625388679004,1.075665056693696,0.7613233280312606,-0.98392485562103,0.9646272575086592,-0.446556103157466,-0.06947547618481913,-0.0253368138517032,0.34168193838732175,1.3427279973789787,-1.197273105258884,1416.99966164923,809.3839143528924
GCFR,E019S33B,E019S33,-33.25,19.75,3765,1339,480.25,1.30749183020818,1.3000808772423615,0.7688848027548891,1.7534097419429615,0.9994023310069184,1.8900785272846308,1.107326282993183,1.6113874429650898,1.4518631815110674,3.9463428411253307,1.2218013062771582,-67.53991620035768,8.086716042779981
GCFR,E019S33C,E019S33,-33.75,19.25,18692,2875,1322.25,0.7379734362942932,1.8618271451218602,1.860028680572593,0.9767474782858598,0.768003728721171,0.39403782560869643,1.14102473323272,1.313392601791281,0.3766744117056376,3.1669718557666537,-0.2651474818980094,1564.4110065081722,882.3313703546576
GCFR,E019S33D,E019S33,-33.75,19.75,5546,1729,629.25,1.9659222294485228,0.7227356444529437,0.6140475119842156,-0.2254712340745157,1.1266499367130156,0.6547499297471169,0.46465861239441913,-0.8758084655138941,-0.1627894771717167,1.296179879403487,-0.2042720103947698,648.7303533916719,188.61838450813613
GCFR,E019S34A,E019S34,-34.25,19.25,21899,2748,1404.75,0.9712666609739111,0.5695075431233161,-0.06887037170334646,0.6109990486487644,0.6415272025306148,-0.12301627603876615,-1.23333868428322,0.364891432627819,0.4479822363526373,1.0139472495489408,-0.9823023689711464,1702.4769397564899,1742.9129277461116
GCFR,E019S34B,E019S34,-34.25,19.75,7741,2051,820.25,0.9139340494743919,1.0109147994215921,0.031781506060303076,0.2556556729274901,-0.3152770410899217,-1.4159073968553237,-1.412032708651816,0.023621044077184787,-0.1611820297107859,0.047520280196563874,-1.9469462302011962,1124.4569392455567,803.0152309029972
GCFR,E020S31C,E020S31,-31.75,20.25,582,327,91.75,0.4951393329125064,0.08958594431715391,-0.07286584812961074,1.1489908180814254,-0.04800228012863011,-1.5481449532824203,-0.33796690550491765,0.5571647436334164,-0.35676222901148086,0.29808726326626256,-1.0685733110771694,-630.3911853029415,-711.2989724647022
GCFR,E020S32A,E020S32,-32.25,20.25,2247,703,268.75,2.295536258753323,0.3400797491262562,1.5713970996622106,2.0886260472515605,0.6964237969450169,1.1257963386357683,0.9136603302450862,-0.38068131322636206,0.893215675807999,3.10522652048633,0.6333280618298817,-599.9873223950162,-175.5180680814244
GCFR,E020S32B,E020S32,-32.25,20.75,471,240,68.25,0.6965557567747891,-0.16201449756466402,0.860042372891633,0.4248139703557262,0.2346317121343449,-1.0348036643369696,-1.416950996591971,-0.061915125811997686,0.2285314494884183,0.31555900564776174,-1.5336254412251713,-719.5421889126783,-485.9593200046368
GCFR,E020S32C,E020S32,-32.75,20.25,346,221,65.75,1.2035477930413672,-0.7390911871750842,0.7760383834865535,1.1056947911201294,-0.10405012261910207,0.8972849529569763,-0.5865400500407832,-0.009188322592537714,-1.131093631289191,0.4965366596642649,0.4871814135865998,-760.8229425187635,-809.8601973288145
GCFR,E020S32D,E020S32,-32.75,20.75,747,348,115.5,1.7484749182096013,-0.15956835906890576,-0.7831741988708982,0.5482070252519367,0.6626543675700702,-0.5269357673068337,0.07400394836795861,-0.5692432509465977,0.2082204715111141,0.45876459887255205,-0.30406383738823906,-629.1727000108266,-454.3322885927543
GCFR,E020S33A,E020S33,-33.25,20.25,1243,629,208.5,0.6650158221337066,0.13476596848444647,0.8566898752701186,1.0540712273968837,-1.9332352327109994,0.5314552327408149,-1.0203540674574798,0.17125129635627057,-0.2691973739700309,0.17069381499843728,0.22650686942609471,-312.70735932282275,-110.60290571397749
GCFR,E020S33B,E020S33,-33.25,20.75,3530,1157,436.25,1.0371712491101668,0.8905347778204161,1.3762779979530846,1.355162546741465,0.1908939356194152,0.0310898496981989,-0.0013663975337391604,0.623560362891822,0.5181406569488102,2.18330174546677,-0.49258412378698246,-32.4861342666561,-58.48631594723254
GCFR,E020S33C,E020S33,-33.75,20.25,4153,1402,449,1.9172255676594472,1.4321512943636052,2.396397356094593,0.9594453843265227,1.8359567246540922,1.4429923559442552,1.4917830821378713,1.3558928639570422,1.421356518333003,4.655241733449767,0.43166729994941705,-91.81478799235924,-369.7525857789791
GCFR,E020S33D,E020S33,-33.75,20.75,6650,1794,658.25,0.6829576241733848,1.5018516465233933,2.2412154086794054,1.1567150871204979,1.7407226493862518,1.000572840291864,0.18053886894514354,1.2225497296622119,1.3700122868972426,3.8537162309068274,-0.5156491096166032,398.8636501175988,292.9434970808392
GCFR,E020S34A,E020S34,-34.25,20.25,6539,1820,650.5,0.5898706158023922,1.2614287228943364,2.313578733099727,0.3510847218541105,-0.5678827480329882,1.1530145747659581,0.07714150114631897,0.6923345779563168,-0.36659702796424715,1.8002401860554176,0.08146504116096984,677.6738328993944,56.89605717860731
GCFR,E020S34B,E020S34,-34.25,20.75,5669,1504,546.5,0.8661106932331738,0.19730260880006312,0.9730991896744073,-0.39171790669137085,-0.47550556217377765,0.8296836720907053,1.121128841050959,0.08276401065538987,-0.23423789530611963,0.7120293989597577,0.9587911871953636,495.6470383237033,181.79718933082495
GCFR,E021S32A,E021S32,-32.25,21.25,189,131,36.75,0.7181360191396053,-0.5176243313487834,0.3260653582383913,0.54033908853038215,-0.6620242816097225,0.47627142336410555,-1.4665113380259382,0.1774348508339331,-0.26238284097128417,-0.056551462596585125,-0.03353162703746868,-782.7304465610989,-519.3840129052306
GCFR,E021S33A,E021S33,-33.25,21.25,3101,1011,313,1.2524291486858903,1.2726750217141474,1.6353296412202751,2.17887522130855,1.5344317315967912,1.7818066642729589,0.6529745848715838,1.4569189143071901,1.842788398227739,4.570735969611388,0.6159293255320462,-472.4110057541096,-166.22330208706018
GCFR,E021S33B,E021S33,-33.25,21.75,1275,646,198.25,1.5796714482910181,1.5388164910120123,1.895149110543396,2.6673134035436203,2.26243097725721,2.227571853705112,0.9685897525840931,2.057406330387697,2.4922615456097583,5.93371416439943,0.8431606029667772,-1005.2117295151215,-608.9549453198297
GCFR,E021S33C,E021S33,-33.75,21.25,5974,1617,582.75,1.1854470932340153,1.038254805189562,1.7895996541330803,1.021348471520318,0.8816585658622954,1.0120448674329248,-0.6585315504736754,1.1121307128775986,0.8066768599520302,2.9286654575519777,-0.43832690374696,335.74969017179535,245.11103382277247
GCFR,E021S33D,E021S33,-33.75,21.75,3219,1203,411,1.0975170866646653,1.215964473684909,1.9645267674138565,1.0219449949121855,0.9163235242119421,0.37205551650333263,0.15960746530690506,1.435039784576966,0.9565417365482034,3.229467203928331,-0.5148635298426528,-115.28300113870489,-317.43415089118577
GCFR,E021S34A,E021S34,-34.25,21.25,6230,1751,680.5,0.43511442775341247,-2.059808438937569,-0.08774400729283846,-0.07003096129295386,0.11950185043274877,1.2892004672497084,1.1422938717297222,0.44086466798500096,-0.16944401507663578,-0.010918447851909666,2.3149037241989223,831.6515230618676,1326.6539748406285
GCFR,E021S34B,E021S34,-34.25,21.75,2942,1045,370.25,-0.27829719150793764,-0.5746937880176055,0.6802258853151775,-0.16253311636295337,0.2720337452171261,0.8960523739810252,0.5203117115021524,-0.060089631111738,-0.8505866104014322,-0.045146923988014065,0.813406013555892,129.86550322005198,-71.86565622274392
GCFR,E022S33A,E022S33,-33.25,22.25,4789,1367,458,1.042608458861874,1.4846120509766705,1.956132640824602,2.37087170803961,2.248696187454717,1.2248503553528305,0.5308107735677292,1.9480178026323576,2.3203971083108272,5.244179383281856,-0.06456189025060688,-199.3208370765135,141.54604821230086
GCFR,E022S33B,E022S33,-33.25,22.75,1289,638,183.5,-0.27497649255506035,1.3076647854200463,2.1713975765493645,2.0339609196419555,1.6056980308523152,0.7196969333679943,-0.21779164079396615,1.5650782319052612,1.7545538785052255,3.8676150562418345,-0.6752178838526324,-758.8474799353693,-436.90000682481343
GCFR,E022S33C,E022S33,-33.75,22.25,6178,1619,583.75,0.21268999693128962,1.7844473606975255,2.525798548599605,1.4785115076701172,1.428763629174597,-0.8887318244875021,-0.8306951211131265,1.466472789944093,1.29242123863342,3.3917135820160897,-2.3065209575184933,280.74231417827093,133.68524104804987
GCFR,E022S33D,E022S33,-33.75,22.75,5106,1620,574,1.6607949760019916,1.7931203223956178,2.6327559896352675,1.0231986761871816,2.3656147060997785,0.4864219954761217,-1.8037723315883358,0.4025468497418384,1.230089667856946,3.768752230737192,-2.3437902560483694,235.3238473361703,47.91725694943664
GCFR,E023S33A,E023S33,-33.25,23.25,1228,556,176,0.5480450128313024,0.9719369142699126,1.9032535281579581,1.3487754695299388,0.6394945503914654,0.7610077790392978,-0.819167960143456,0.8729110794724384,1.1127958207669013,2.7094431273911,-0.6315278975216775,-698.2611284852916,-483.20950834413674
GCFR,E023S33B,E023S33,-33.25,23.75,603,334,102.75,0.9186536624819515,0.15067781420579332,0.4199542846921465,0.45855128624525165,-1.3746624753591639,-1.8783178374438028,0.9236688249546963,0.23946903163891892,-0.32263655780375927,-0.0667312786034573,-0.47727528720241374,-578.4771759656932,-756.679976897359
GCFR,E023S33C,E023S33,-33.75,23.25,4605,1338,507.25,1.9327410989035694,2.0744862794640193,2.975329458496133,1.1808593942693137,2.8871403401617974,-0.7793016914395572,-2.1578210774742677,1.3057942516663772,2.072732861922023,4.638699584345002,-3.498519239569145,-153.77822966519255,-254.75973446804912
GCFR,E023S33D,E023S33,-33.75,23.75,4362,1342,521.75,1.880371267353159,1.549749022469038,2.589839652813603,-0.6189418394607498,2.2671648505508726,-0.490559109151653,-0.6417444170926291,0.7678887614477297,1.279684958819869,3.221477753903864,-2.2741898396380686,24.7006063039413,-498.37910976945443
GCFR,E024S33C,E024S33,-33.75,24.25,2740,1026,381.25,1.4619063223283786,1.3784577668197786,2.2134124395486854,0.08706072493509973,1.424118352779895,-0.324496856819546,-1.2299022688809151,0.5562622803980862,0.9263090219738785,2.574042118016237,-2.0974545230523254,-211.59146534764557,-524.5700535640088
GCFR,E024S33D,E024S33,-33.75,24.75,2252,893,315.75,1.6676148615807609,-0.1851083346916442,1.8733676481157107,-0.6682572692310884,1.1094389670960716,-0.07553530265813957,-0.6005487385410897,-1.861753683541287,-0.3954661055248484,0.35181720012917606,-1.2791886561687986,-71.00605436519564,-231.69212662678368
GCFR,E025S33B,E025S33,-33.25,25.75,1889,848,269.5,0.9880765958250255,0.08852491820285033,1.3467187487602648,0.8211016875346457,2.3729234649922666,-0.4665950227105058,-0.15977860525763898,0.1949256617584647,1.0829003803142911,2.3728089698808876,-1.2458351109672292,-364.816991309145,-100.12713024508314
GCFR,E025S33C,E025S33,-33.75,25.25,5342,1514,637,1.448509165851256,0.6667579200816489,1.3732576092420867,0.6595774577052882,1.2856668638607274,-0.24992498071781527,0.07721788322433923,-1.0770026898072418,0.4007116330487895,1.647317935134105,-1.1486957899160566,390.5005936516086,370.77847111905135
GCFR,E026S33A,E026S33,-33.25,26.25,2255,956,277,0.5036308417501195,1.3814254278946494,1.89912785682536,-0.6373670453307477,1.239494888334604,-0.1210929482604615,-0.8025724767087868,-0.7016462355838134,0.6583953879455533,1.3476182891792208,-1.8875247177880745,-130.60239824183898,-446.16300858256477
SWAFR,E113S26D,E113S26,-26.75,113.75,1237,337,116.5,-0.5608882567439216,-0.8356482504211874,-1.4514419912269543,0.18629723700844059,-0.3683759924564186,0.09082832450632775,0.4544362073516008,-0.6309123853610108,-0.524690270785481,-1.3891708067887296,0.9091230565659678,-412.66730064397643,-418.3047744307459
SWAFR,E114S27A,E114S27,-27.25,114.25,1011,398,143,-0.5477109644017462,-0.3746172027143781,-0.7218011561507716,0.5852282879564165,-0.3543166943386152,1.2229526290587711,1.205015891958619,0.39440156053768105,-0.5794181046491945,-0.05077844145487828,1.8589424551839335,-516.4411821616907,-506.93108027144865
SWAFR,E114S27B,E114S27,-27.25,114.75,2114,438,164.75,-0.7153346112317894,-0.5086654916498028,-0.8644299731516817,-0.3644171794877665,-2.6735304735872267,-0.8905845729948418,-0.46852936479178614,-1.0287597980584595,-0.7244738952322612,-2.777869541135191,0.1074994173309625,-140.7000367505322,-4.741047026002848
SWAFR,E114S27C,E114S27,-27.75,114.25,8605,1051,541.25,0.13167002151598567,-0.4152017736434983,-0.7703221441432899,0.005894566846642861,0.2753742382741426,1.2778550479995319,0.8227060682840586,0.8616243120009253,0.7111330881470198,0.7137859799776486,1.667058538948257,42.43077986316882,113.95277754763647
SWAFR,E114S27D,E114S27,-27.75,114.75,4725,895,382.5,-1.4400550596732307,-0.20463786061296618,-0.2635768912090232,-0.9349861666533796,-2.4203933780447398,0.45995388411219257,-0.8849237104800811,0.34598188099501576,-2.077818108319709,-2.5707823314118192,0.5932773567174886,290.8047764547633,433.03344350548787
SWAFR,E114S28B,E114S28,-28.25,114.75,4379,902,369.75,0.2759746209931115,0.4561239980554272,0.08140255745375126,-0.6651045934604618,0.3477347822490047,-0.47082906607205405,-0.9110864819774418,-0.7069474238035424,0.33384607736721766,-0.2670852537403318,-1.1857182551264822,14.189060196354518,-108.25986857149798
SWAFR,E114S28D,E114S28,-28.75,114.75,8925,1293,573,0.3806651628563793,-0.7402058530850576,0.04651963238354825,-0.12941613714049588,-0.8514050234724726,-1.3508601432635692,0.04660301993919567,-0.44588062165270115,0.5828822667475406,-0.7253382048506256,-0.37314719968048277,461.6060866432706,481.1916190292823
SWAFR,E115S27C,E115S27,-27.75,115.25,223,160,47,-1.3472028165853553,-0.34996349405843435,-0.6532504437987631,-0.1898976022685043,-0.8126918006213169,0.5153322723006006,-1.0347742218930462,-1.135892872520862,-1.0462795211383136,-2.0569783636948027,0.08168280096368952,-507.4513181650061,-464.85268787781104
SWAFR,E115S27D,E115S27,-27.75,115.75,590,338,108.75,-1.3688994852903187,-0.6396555406613496,-1.0595459492768686,-0.3204064428794133,-0.8447046253748224,0.6066459963339395,-1.6810340481843815,-0.7389610425854528,-0.12271624439734254,-2.0068590960926795,0.12662665077336424,-335.62166587135073,-108.83916208158128
SWAFR,E115S28A,E115S28,-28.25,115.25,1589,531,190.75,-1.027977123481952,-0.3734430577537489,-0.1405335954420266,0.1230880030789095,-0.8304292163557194,-1.8690968539378148,0.42432817357518293,0.6982968512140484,-1.2689947310299508,-1.2785694672143446,-0.5539760075965898,-232.2837949506996,-255.33352251971607
SWAFR,E115S28B,E115S28,-28.25,115.75,1281,390,133.5,-0.7895293046413157,-0.4325178959587403,-0.3096223233286427,-0.41282340018174407,-1.0008898554131764,-0.4216127445772514,-1.7425726052390362,0.5042380509842286,-1.1301366339203749,-1.6768206951753528,-0.6168003088428986,-324.25377778233155,-183.50010679127476
SWAFR,E115S28C,E115S28,-28.75,115.25,3735,856,363.25,-0.8522938202672529,0.298973099738246,-0.7839559589851524,-0.48895743047911217,0.1300728203568483,-0.4426677706896915,-1.0946725851355226,-0.33203151741626613,0.03661683671381787,-1.0130528073516138,-0.9190918302530511,60.027576672159526,81.07695385776272
SWAFR,E115S28D,E115S28,-28.75,115.75,3673,824,332.75,-0.42367740158449196,-0.21621761862537833,-0.8393273723918868,-0.6746457782939417,-0.6230756433130592,-2.627448223433574,-0.9600558330664425,-0.4666143837529422,-1.1516003484144115,-2.32679844189967,-1.9235796044099585,189.76711818354494,88.64798983333978
SWAFR,E115S29A,E115S29,-29.25,115.25,3790,931,380,0.5456665801207993,0.458528028607731,-0.1781635217652995,0.32363314197325066,-0.7119580077899748,-1.1962304331568678,0.7729805776333928,-2.1131883484153096,-1.3381457823779306,-1.2276532304632453,-0.7185834730949365,161.44773985250382,-224.36156124054833
SWAFR,E115S29B,E115S29,-29.25,115.75,3205,857,350.25,-0.6284267074816382,0.12749797437034366,-0.9544827884823377,-0.7481568887309478,-0.028321275231857762,-1.0407711623144815,0.23674290520333952,-0.7278726102340531,-0.5396973987206364,-1.451449398320168,-0.5923666795664907,115.00002138197644,-41.65549041682789
SWAFR,E115S29C,E115S29,-29.75,115.25,8723,1224,611.5,0.8442269464833312,-0.09145385346545129,-0.5504450520463255,0.3708723542061907,-0.1335278221997411,0.09064157418155774,1.6214587455272573,0.09591966603228358,0.2359016122021608,0.5804348799999086,1.1072003017991563,231.8480719197535,101.13045056967333
SWAFR,E115S29D,E115S29,-29.75,115.75,4324,973,404,-1.8565694039511382,0.5549439629732358,-0.9939404234635433,-0.9875525329296438,-0.4422191938853017,-0.5708834890415706,0.7137550045172167,-0.7778596646214911,-1.2365381930452088,-2.042259340058469,-0.16180055992091283,303.73657447430617,144.54242847877745
SWAFR,E115S30A,E115S30,-30.25,115.25,15147,1429,797,0.6758843882291194,-0.35364645290443836,-0.732717013620908,0.33240144963483076,-0.07483199367333657,0.6787017729639971,1.0312955808948923,0.61851963026982415,0.1701039424673407,0.5599382583449941,1.4036252389339707,439.3714783553826,417.57248620332473
SWAFR,E115S30B,E115S30,-30.25,115.75,4480,1047,431.25,-1.2446010383057233,0.9100153750160096,-0.3114272205333749,-2.3271798584444996,0.6138195201344605,-0.4570762605110501,0.546677345290899,-0.47247591190042876,-0.20888815737594146,-1.1349380599685663,-0.7087759200253958,266.0332705879738,17.73930559499349
SWAFR,E115S30C,E115S30,-30.75,115.25,2510,790,268.25,-0.7128008327223916,-0.3720240740644302,-0.7577329492702138,0.9442180135388691,0.15990001454371378,0.23686800699212182,-1.3026924404881615,0.24693656588527907,0.9000488255527809,0.002743772670296407,-0.12638237363424176,-131.03047779520796,118.82302151014765
SWAFR,E115S30D,E115S30,-30.75,115.75,5340,1063,485.25,0.1855365482727966,1.0031342658102307,0.20521441843582472,-0.5875955740447806,-0.10904058724159003,-0.7043754942693286,0.6244352617651712,0.09257733154745534,-1.0356723803093808,-0.13988165377173917,-0.6264576080784877,159.52860706411977,-121.93344611267166
SWAFR,E115S31B,E115S31,-31.25,115.75,7262,1279,606.5,0.22588841369239665,0.6412054526477254,-0.12525921427745607,0.5505755057026638,-0.07988276681568371,-0.2811083221128522,-0.7603438126589517,-0.11765627201934928,-0.06711661946121072,0.17506942381066806,-0.7751763258995268,336.7539450998048,294.6691036002995
SWAFR,E115S32B,E115S32,-32.25,115.75,18093,1941,879.5,-0.7296457125069696,0.985940758256956,0.2530014136249482,0.09369299941133437,0.8719899637106096,0.4134087400586686,1.2109473005268663,-0.4482386971096109,0.15441244549285654,0.7571129325024962,0.09903387240873271,927.0966563828156,705.3343473959414
SWAFR,E115S32D,E115S32,-32.75,115.75,7537,1411,693.25,0.2759197812082802,1.1466886496069961,0.4598970345199025,0.04554154199043219,0.4573589292145399,0.10210713672508197,1.745718324388912,0.211849631623757,-0.5095758728298868,1.0983305152643188,0.25817907423573894,355.088238664643,31.857874851726876
SWAFR,E115S33B,E115S33,-33.25,115.75,6979,1451,668,0.6659394482033825,0.7140009821971111,-0.29543267967133763,0.8457451468020243,0.9206495453752206,-0.6272524479098208,1.2515051955894019,1.4163897950370583,-2.40748454571562,0.8290459355465062,-0.1191343129001436,428.2407480350191,39.983371166986814
SWAFR,E115S33C,E115S33,-33.75,115.25,14003,1697,911.25,-0.09485563110614287,1.4343969387621545,0.47917056404572206,1.006308502235372,1.1934286904988187,1.2324611301286243,1.1608883338338507,1.530989740721617,0.5615775531278986,2.7336654949821293,0.6639724956843005,439.7567762555748,353.9930367541491
SWAFR,E115S33D,E115S33,-33.75,115.75,8011,1368,670,0.5384590674405806,0.6269198349509979,0.35160803492359566,1.309908300264337,0.9717071804125633,-0.2817797170806416,1.0416308794591935,1.6281522924465304,-0.48423041191058525,1.9778737281698056,0.023638818044109885,203.80478389699132,36.2363560134004
SWAFR,E115S34A,E115S34,-34.25,115.25,10806,1328,729.25,-1.0215944134523518,-1.3445023946142982,-0.5416490477231767,-1.154638515669245,-0.6941704701707021,0.3645630152429442,-2.5567986957471116,1.3918370633032757,0.15340292996879604,-1.5427469277318697,-0.009488875810102621,597.2399601949802,1011.3388934112775
SWAFR,E115S34B,E115S34,-34.25,115.75,4690,926,430.25,0.6396550837279253,1.051225859094301,1.1569857150914566,0.33992704777306704,-0.013198009267353605,1.278267112929532,0.8622339120109807,1.548545506388865,-0.1269820824867084,2.0991021927891853,0.8646788536239575,-253.12005069049934,-344.8041175761887
SWAFR,E116S28A,E116S28,-28.25,116.25,762,270,86.75,-1.0523704619334342,-0.5980557259017013,-1.0352062539472244,0.1527175512649229,0.004908080131116744,0.8483171196478979,-0.41530067581642083,-0.07766971137170654,-0.2534235632826165,-0.8901363133995067,0.7749002249912724,-541.1050767526717,-433.8927214165031
SWAFR,E116S28B,E116S28,-28.25,116.75,915,341,128.5,-0.15665151181569972,-1.1707767839326662,-1.2238558647178097,-1.128466249397327,-2.9933383393407964,-0.6785207859870613,0.3151621584132655,0.19603619215390006,-2.8729548679864676,-3.4779899786163417,1.1531096936484897,-151.50590937677555,-157.64310055288615
SWAFR,E116S28C,E116S28,-28.75,116.25,802,367,132.75,-0.3295821926710186,-0.7884050598847018,-0.6815841897459429,0.09484386171804884,0.015395663017854435,-0.8183322700214888,-0.19834647121719476,0.29026537111458245,-0.382308450808196,-0.8269092318651512,-0.14882703461628782,-451.88917049924214,-436.1687245536639
SWAFR,E116S28D,E116S28,-28.75,116.75,465,242,74.5,-0.8382187832696257,-0.849951738120969,-0.4719520319948412,0.47159288478487976,0.42228983870524717,0.20566203860844368,-2.8519414589635805,-1.0639338578649258,0.4103006057146005,-1.1488890929046063,-1.1007945952006968,-537.2491719097617,-340.2237432514706
SWAFR,E116S29A,E116S29,-29.25,116.25,2070,626,259.5,-1.7913653842187132,-0.946608106500105,-2.2822874567917566,-0.7210702896858605,-0.7647424484350208,-0.53533767015157,-0.4332905628251833,-0.029768974302417928,-0.1530238997759559,-2.5819995589379476,0.4377988881395541,23.185766190823642,246.0373231146389
SWAFR,E116S29B,E116S29,-29.25,116.75,1596,507,192.5,-0.1826933358271529,-2.648106918847888,-0.2784173281805168,-1.0975769603302894,0.03122429737014272,1.0523505597678369,-1.4794866093032975,-0.6605561534122745,-0.533503102528203,-2.0053356715966646,0.9216410161861162,-166.8092196664181,-62.62750726707018
SWAFR,E116S29C,E116S29,-29.75,116.25,3082,829,308,-1.5243060563621404,-0.17058257612784472,-0.1836278298865843,-0.7104996331331694,-0.08630920247889252,-0.5615995912686748,-1.2672767461630832,-1.7629067170134032,0.10052983882181292,-1.9215044033124198,-1.1912917779405376,144.87003745912423,140.7308238271312
SWAFR,E116S29D,E116S29,-29.75,116.75,2536,704,287.75,-2.100729087681955,-2.0098214437130038,-0.4157774381370337,-0.23488871321739455,-0.8937159482479851,0.8261656976297336,-0.26249382322614745,-1.6560212770365508,-0.1462806619646705,-2.526951336849628,1.2724180798147435,94.40859870311235,281.3371265985299
SWAFR,E116S30A,E116S30,-30.25,116.25,3484,883,354.75,-0.931736460725732,-0.0758897702296148,-0.2735173570969768,-2.260245215185722,-0.15344614868955767,-0.36018211960601504,0.03413642361419994,-1.2891700008598437,-0.48557720943614424,-2.1021783395340012,-0.4165883590155839,221.11339936958163,27.723132881508104
SWAFR,E116S30B,E116S30,-30.25,116.75,3760,839,375.25,-1.6924513673599202,-0.36796695331942103,-0.3291179699568149,-0.9900757713574624,-0.8111237964902128,-0.18678865398840064,-0.18062350526201223,-1.0263176162398095,-2.954738605630177,-2.988293186096814,-0.11410362355020189,286.2059095485438,73.86453864151964
SWAFR,E116S30C,E116S30,-30.75,116.25,3651,976,386,-1.0949386532639667,0.4699060454960742,-0.006526718901076745,-0.37222696206231126,0.3093169519881951,-0.26393530766159706,-0.9690436017421578,-0.9894301965639416,-0.37054755425476626,-0.9653059974947615,-1.1378156891596845,174.14931003378152,80.00171523671848
SWAFR,E116S30D,E116S30,-30.75,116.75,8412,1189,502.5,-0.8821288979868567,-0.16916390360340136,-0.4234448029119467,-1.2195004128968436,-0.29984358326280497,0.37067722307395357,0.3070048706734218,-1.622019836925332,0.005755119611497824,-1.5672636145413925,0.3214523720155928,461.2582900601177,347.0497043930986
SWAFR,E116S31A,E116S31,-31.25,116.25,6482,1254,575.75,-0.0759417885838367,1.0901848812802726,-0.4243238994817169,0.5431424845668962,0.6810353054262877,-0.5894936531912093,0.529569569064082,0.044107900226982404,-0.2528477017950009,0.574198678626217,-0.6624240049297491,262.6158311605295,60.67394777033143
SWAFR,E116S31B,E116S31,-31.25,116.75,3920,1036,426.25,-0.6279087191758119,0.4296577413620288,-1.0030422875780305,-1.6110592745081105,-0.19063923429843427,-0.32092134745278644,0.1483232911957202,-0.6494957937508465,-0.3369590737081841,-1.5257251884466105,-0.24576961796617844,303.1443579449515,162.18945305570324
SWAFR,E116S31C,E116S31,-31.75,116.25,18493,1820,876,0.14288885387642494,1.7051279802621258,0.4063857907477307,0.7583506236329738,0.34418340062516645,-1.579702987476672,-0.34524968686019863,0.787115106236908,-0.34231251702979737,1.0030461972654503,-1.9519522451384383,775.819004119604,613.964128419762
SWAFR,E116S31D,E116S31,-31.75,116.75,6577,1365,609,-0.5758658764536386,0.9285798407637754,-0.5434048549498666,0.448524321144543,0.5968052797960428,-1.177123323097143,0.5868722916692092,0.35472306356537475,0.10549125548071776,0.36852312138237037,-0.8530295018872801,398.9372247803549,281.659317199273
SWAFR,E116S32A,E116S32,-32.25,116.25,14860,1678,839.5,-0.009918128274950153,1.6957077960098295,0.09089666037906104,0.1787453930914037,0.17127069726505534,-1.4309136364406336,0.8621290004147302,1.1846417699239153,-0.4545993948868183,0.9075962817405188,-1.1038067245618841,645.5701568300856,441.54233833134424
SWAFR,E116S32B,E116S32,-32.25,116.75,5486,1189,505,-0.26220249050109434,1.383672719600331,-0.39134092027031775,0.8975938393674888,0.7359485486679345,-1.4805412963453464,-0.39105001404274137,0.7618973269762797,0.13934032293177626,0.836006100461557,-1.7094537126315505,165.38385926401187,89.32079078015848
SWAFR,E116S32C,E116S32,-32.75,116.25,3784,945,410.25,-0.34367521329626954,1.9660584762907012,0.4127942100442543,0.6481713861682207,0.9511266380462163,-0.22556487579196324,0.4937476448424827,1.2055900210275436,-1.1118182510096595,1.4476796132212078,-0.9030853489347775,-153.9212766060975,-415.1249829247201
SWAFR,E116S32D,E116S32,-32.75,116.75,2626,796,308,-0.812338341911234,0.9852080810926087,-1.2712858309376758,0.36976381172593487,0.09757054311113207,-0.34649594558917385,0.4459569176393359,0.2821941833537369,-0.03068429204556714,-0.0961591739539715,-0.13431936133186692,-112.85421108080925,-144.0640229939623
SWAFR,E116S33A,E116S33,-33.25,116.25,4189,882,420.75,-0.7403014538490138,1.3108629927217383,-0.4716756774724879,0.848068481870582,0.9672321692415728,-0.38815729302153323,0.06626729058735951,0.8029468889101244,-1.2636964023634303,0.5297292569349782,-0.8442349407842107,-103.90939222634641,-291.11758418654324
SWAFR,E116S33B,E116S33,-33.25,116.75,2158,783,296.25,-1.0021702456362782,1.0577291257885972,-1.626623679426161,0.9486971985574832,0.7592521830016637,-1.1567424043407173,0.3214883612395267,0.7221524259556363,0.3365988768221697,0.30950166952562497,-0.7689446407777969,-175.79645036070067,-173.05953635002538
SWAFR,E116S33C,E116S33,-33.75,116.25,3654,968,414.5,-2.360856541181197,1.090718996666946,0.025934755651007484,1.0080979123470053,0.9029250763041835,0.5353297638197514,0.4748217493288897,0.9422903606045677,-0.08215400971960474,0.8718233459859042,0.027536558406272674,-60.025719513619215,-17.470408456857708
SWAFR,E116S33D,E116S33,-33.75,116.75,3065,1035,421.75,-1.0831210111308438,0.8011901822999179,-0.013685789522400384,0.29840703859713164,0.36999950159935235,-1.2878526319319044,0.4062467733341856,0.474853922778136,0.06047652953683881,0.1782063774773902,-1.0037601075529865,92.36774442712084,27.300279913861303
SWAFR,E116S34A,E116S34,-34.25,116.25,6430,1220,602.5,-9.704860018351996e-4,1.8650120849931624,1.0453965789356998,0.8409921114610076,0.773472301674705,0.5922744782879515,-0.9135704258250267,2.129364600824903,0.2644130199513375,2.5040520659335908,-0.8878844198845554,-8.974760076461486,21.56529039027642
SWAFR,E116S34B,E116S34,-34.25,116.75,4210,1075,490.75,-0.3158009570862778,1.4960297998900784,0.2650788591862507,1.3310349323786395,0.9780090233307107,0.24886513830057688,1.0131029016666342,1.032987278565277,0.6738331359558052,2.27006786488726,-0.04048549522802661,-125.16819630724278,-205.11587832573977
SWAFR,E116S34C,E116S34,-34.75,116.25,5333,924,459.5,0.41431303692127985,0.7547598082326709,-0.1733350372755909,0.15663816031279945,0.731379064227854,-1.4522607882988159,2.1539856570183793,1.2753784335740819,2.023103790784078,1.9513470490479747,-0.06791403162647955,-236.9294294802729,-307.3170844785437
SWAFR,E116S34D,E116S34,-34.75,116.75,10770,1200,639.75,0.4079436738292319,1.363987261416968,0.4191142610879164,0.10505639674719343,-0.29431861573199314,0.5766865543785492,0.5540114627761787,2.1936365272237914,0.07335581636164965,1.7752176511426483,0.4477551988963664,60.7544393865369,69.310145603141
SWAFR,E117S28A,E117S28,-28.25,117.25,257,120,37.75,0.019394765965103505,-1.4676499405686982,-1.1789220350629899,-0.7526044710596244,-1.7629768435295712,0.20611584336622668,-0.8666484875037751,-0.23773659815223733,-0.3686358838746712,-2.2260236105089044,0.9658942015751849,-526.6396024147213,-324.5849993439299
SWAFR,E117S28C,E117S28,-28.75,117.25,851,466,154,-0.4483549338114885,-1.5481137477761204,-0.16954137730007784,-1.6301033752474319,-1.8735342087575528,0.18217885866369976,-0.06608509872354867,-0.6312391047516807,-1.3378054168916262,-2.7701538997758886,1.0626801515498312,-113.64993470878431,-96.71945809945748
SWAFR,E117S29A,E117S29,-29.25,117.25,1846,551,220.75,-1.0471673437558422,-1.1426153882645418,-0.40043121551546457,-1.1246946315408581,-0.41768199967628994,0.8052744502047918,-0.08900404151661145,0.5172018576808587,-0.34932470279676414,-1.2675945225104472,1.1614317322840804,-213.6349564524707,-91.93336532782989
SWAFR,E117S29C,E117S29,-29.75,117.25,2594,604,230.5,-1.2928526969778977,-1.555284949667392,-1.2832014230632673,-2.7282860608104547,-0.16643613728986706,1.489514862647614,0.54992225605751055,0.45106536590400287,0.9504083965065037,-1.6617198409296057,2.184305666449867,-112.11289356388667,84.9771272970313
SWAFR,E117S29D,E117S29,-29.75,117.75,879,347,109.25,-1.57983926552516,-0.8308757964290109,-0.3344412633610819,-0.09833116718988699,0.2248502512551073,2.303354117178116,1.3639422293792847,1.3380344767488908,2.5453823695321605,1.2358451323263995,2.829426028779058,-725.841637659845,-338.67420604859933
SWAFR,E117S30A,E117S30,-30.25,117.25,1654,499,204.5,-1.077605231403417,-0.6694763971335199,-0.36755782754966637,-0.9396969598105133,-2.316505674584161,-0.6318093762471635,-1.0025268107742533,0.8719477469848463,-0.51070606680714,-2.1241996226230833,0.1536691675711456,-160.1754881162019,139.02581886500954
SWAFR,E117S30B,E117S30,-30.25,117.75,1554,485,195,-0.15231523187465823,-1.214686360117509,-0.5819423060928042,-0.7564884970317962,0.01844398157396164,0.880001962925162,-0.6427330680782858,0.24768481161936717,0.12492307419304119,-0.77969370596744,0.8838901287595721,-339.7020290238238,-229.21979403821302
SWAFR,E117S30C,E117S30,-30.75,117.25,4052,846,340.25,-0.6830923321614114,-0.014320754080240384,0.03823312899915968,-0.959873096251043,0.19829114495947608,0.5220962909191729,1.3003646845053423,-1.1113949744302336,-2.169851289403752,-1.3442028294892225,0.6186415153849808,90.79654392391163,-314.2821663101021
SWAFR,E117S30D,E117S30,-30.75,117.75,1624,569,220.75,-0.7480928141105206,-1.5773187256240098,-0.32306555615518384,-1.2926324444616035,-2.1400867264987555,-0.47217775460667544,-0.8114038988831093,-1.4698774273702866,-1.4830837852300984,-3.542876755883669,0.2518853288244729,84.48251496457661,119.5758427046349
SWAFR,E117S31A,E117S31,-31.25,117.25,3175,829,337,-0.8024366727613197,-0.43339260594738044,-1.721978600508515,-2.219967490252356,-0.02865280229561794,-0.8931790625302363,0.6116045166653612,-0.3692135927550294,-1.2137044702329165,-2.565634352939478,0.04510718710485023,224.17099191083722,22.75743155326612
SWAFR,E117S31B,E117S31,-31.25,117.75,2454,678,290.5,-1.9666925399479607,-1.537700642862761,-1.6335416007530703,-1.2781686677598767,-0.875201887213458,-2.1478028398208795,0.5409722795288497,-0.9745281579951058,-1.5154188639890358,-3.862312115011357,-0.22491258987312468,232.80925156348488,174.50034639194112
SWAFR,E117S31C,E117S31,-31.75,117.25,5053,1073,462.75,-0.7243477048918909,-0.14930638107124122,-1.0571874427861032,-1.23262578620711,-0.5318145120095648,-4.107246120570519,-1.6261266408023864,-3.626682710685998,0.016209207415297237,-3.8803386301816536,-3.710091263907418,630.0285550740118,407.62867073279915
SWAFR,E117S31D,E117S31,-31.75,117.75,3324,955,390,-1.6085973015678072,-2.0117488334690705,-0.5593165871193264,-1.4714875012172042,-1.363235961103434,-1.4027673354295223,-0.302262825869945,-2.0976511435080663,-2.2222696256060974,-4.44491226424463,-0.24858894769573986,581.5350701264296,460.05472675117363
SWAFR,E117S32A,E117S32,-32.25,117.25,2515,826,325.25,-1.2649421579284938,-0.034233227399023444,-0.9703088191293607,-2.0952061196372864,0.1608531699793795,-1.06318564814896,-0.5343750443687016,-1.4728468456253803,-0.1310292950670018,-2.468520774973613,-1.138089636820442,209.21502025112355,71.0755202754446
SWAFR,E117S32B,E117S32,-32.25,117.75,2426,786,317,-1.1850911911291777,-1.1520452890268256,-1.2908441645314699,-0.8872921656621964,-1.423621537811102,-0.1445346464650893,-0.21317822270699793,-2.3130761232353163,-1.365831858132899,-3.559799023776836,0.467081164775564,303.56587096470173,243.34843285055996
SWAFR,E117S32C,E117S32,-32.75,117.25,5875,1100,510.5,-1.4721030289072796,0.413318551604905,-1.7189986775674824,-0.5046091150527022,-0.1436522386740503,-0.06001417259990769,1.1303503211194104,-0.5067360056537983,-1.2444868573333936,-1.6450933592976202,0.5705489914367009,381.84016565443756,223.2702632796284
SWAFR,E117S32D,E117S32,-32.75,117.75,3228,838,349.75,-0.7426248710884858,-0.8855236541659255,-0.8638681568548335,-1.5203820710835234,-0.8787853467230555,-0.2557303942285352,0.62329970454553,0.003375687449604395,-1.8316902811408984,-2.3729428812946294,0.7836047997174451,209.44811172961147,90.09852148023556
SWAFR,E117S33A,E117S33,-33.25,117.25,3400,1064,437.5,-0.7246857246905828,0.2523253799833789,-0.3781579123137343,-1.0489568730106094,0.43508702490129053,-0.2279908312279822,0.3263373069983503,-0.006482623622703223,-0.8123575021173607,-0.8125333848117384,-0.22565671593186154,243.34097173673442,60.486190606152924
SWAFR,E117S33B,E117S33,-33.25,117.75,2308,810,310.5,-0.749837750308741,-0.32957405792704214,-0.6107868310858576,-0.7699871437078606,-1.1057599353624972,-1.287390231523449,-1.0156767017963673,-0.16655317885780352,0.46719566177664806,-1.6577853979472308,-0.8271936652585495,93.4027242335487,259.50132875215235
SWAFR,E117S33C,E117S33,-33.75,117.25,2917,899,362.5,-0.4884930743478039,0.10358963347195559,0.05841870072392235,-1.2949757491468352,0.26006956103086254,-0.5222002188952213,1.0273047960959947,0.03683847894039201,-0.5069084689716804,-0.5989439472432013,-0.035046925232792604,52.04527430829424,-165.40245204269036
SWAFR,E117S33D,E117S33,-33.75,117.75,1637,626,220.75,-1.319836017111215,0.05303654166996859,-1.5733580468726667,-2.403810457532784,0.036613463064393094,-2.9694030993016574,0.23195676729490877,-0.15193477243791326,-1.5194581785028345,-3.091578960433853,-1.7521173366710006,85.9217605828789,-168.04094802635302
SWAFR,E117S34A,E117S34,-34.25,117.25,2250,836,311.75,-0.6552952915899087,0.936096254287876,0.44908148696359135,0.9636120816168753,0.4286284301091382,0.9979376166489006,0.052671848885266576,0.4813088044582126,0.7266642599439797,1.47018502515925,0.2185234922855883,-265.69199181356305,-216.6473615660687
SWAFR,E117S34B,E117S34,-34.25,117.75,10617,1588,716,-1.596083918491958,0.5693983125363825,1.000200088006336,0.8321390305198232,1.274610749889876,0.09769205671652237,0.5806511960099401,1.0189492299515601,0.9022922236495959,1.6629563904311637,-0.2390613432906123,462.5752920382847,496.46905120827574
SWAFR,E117S34C,E117S34,-34.75,117.25,8043,1321,618.25,0.5097299804172633,1.5578748747443953,1.0592921126304304,0.4006612440146098,0.5682098207481938,-0.010236567493033488,1.0238336102829726,1.0548001792627861,0.7046694589303597,2.302683386486345,-0.29744896565438483,116.81639966714809,-43.519799052575394
SWAFR,E117S34D,E117S34,-34.75,117.75,15007,1797,960.5,0.6805348068053856,1.4653257301980394,0.4972049199824557,0.8427370183041204,1.2110068336672903,-1.4297576992371932,1.7868610186114957,0.502383775020245,0.9913145122750018,2.2686242577200564,-0.9341739077152414,597.0095309142268,308.0045835829679
SWAFR,E118S29B,E118S29,-29.25,118.75,92,67,17,-1.4914692838556232,-0.56622884838641,-0.5371096670460251,-0.7557869585516608,-0.49539142440591977,-0.13676657276405313,-0.9270233066342333,-0.03476367826209511,-0.3214187934767195,-1.6950857371620394,-0.13986404482509401,-645.0051084517353,-510.82043701619517
SWAFR,E118S29C,E118S29,-29.75,118.25,127,74,19.5,-0.6544038394387052,-1.0495800341668988,-0.19002132183729456,-0.8031994964577805,0.010433049857304382,0.3294144807446141,-1.3053496747136926,-0.4291227935091592,-0.19983102981246678,-1.3719404948455995,-0.08276167865404459,-677.7885809592017,-606.318884134253
SWAFR,E118S30C,E118S30,-30.75,118.25,1532,496,200.25,-0.25032768128130467,-1.5086306884973264,-0.9602409033803485,-0.8427705001477679,-1.6982458480837719,-0.027641990017910605,-0.6184837447956885,-1.8120392307321982,-2.4365769159700146,-3.5774524955089055,0.5486588880896087,15.739247871876941,-101.5903662043159
SWAFR,E118S31A,E118S31,-31.25,118.25,3918,883,368.25,-0.4863118542222754,-1.2461750474818096,-1.8559906224923035,-0.3865393641072852,-0.8828754961091773,0.033871093512346524,-0.3649609624117549,-0.32879206628142277,-1.0237790213489384,-2.297573785799865,0.8655070974397072,245.16917475057855,320.3778977268153
SWAFR,E118S31B,E118S31,-31.25,118.75,2994,667,282.5,-0.5150058683569956,-0.5434634745679907,0.05313259393860141,-0.27055053978442445,-0.8149085586704877,-0.20188041204252358,-0.4931911883024401,-0.495090823814918,-1.1557536851823897,-1.4745544219342293,-0.07899454746812101,-72.15544324703936,-112.58033290226591
SWAFR,E118S31C,E118S31,-31.75,118.25,2497,725,306.75,-0.2289497970853212,-1.3533292183638663,-0.5413945348955967,-2.4050724687266256,-1.0463362243383338,-0.04602318142637711,-0.339579454197594,-3.4465138851080828,-2.4802422225143195,-4.316153902501592,0.020810993932198027,335.683205163818,-56.0343916205588
SWAFR,E118S31D,E118S31,-31.75,118.75,2198,655,270.25,-0.4720839249918332,-1.4986549816249481,0.053640986210531254,-0.6353930329221321,-2.0445735248046044,-0.456436261544327,-0.3852144064775893,-1.2180675255922229,-2.139094240829225,-3.045330959946559,0.3806416239850642,109.2280172904747,57.90167381509837
SWAFR,E118S32A,E118S32,-32.25,118.25,2924,848,318.25,-0.5771716900315923,-2.6262413242870366,-0.9679734452488788,-0.15201289782121138,-0.9021572079856206,-0.6568107257958196,-0.5562185713528938,-1.8853557659150486,0.407581741183385,-2.673005463983885,0.5335857194798237,256.3898021699971,414.0870332455982
SWAFR,E118S32B,E118S32,-32.25,118.75,2278,691,253.25,-0.7270343618461628,-1.074610311170036,0.11558363629214771,-0.2102085401732858,-2.4579286206794513,-0.29850039826710445,-1.2612475391248077,-1.8322900244598301,-1.3150849381795995,-3.014667590485576,-0.07032634144081361,141.45294912857764,223.8443189351198
SWAFR,E118S32C,E118S32,-32.75,118.25,2997,888,346.25,-0.5114043793756105,-1.4832775271167182,-0.7078343361514382,-0.5385248148576921,-0.46555205744636124,0.12060241771486363,0.44582246034604384,-1.2148344949712215,-1.2700689567719092,-2.1268977006586334,0.9158901100763219,229.1566811355589,109.2408516778711
SWAFR,E118S32D,E118S32,-32.75,118.75,2191,694,266.5,-0.4303815866876214,-1.3104825225288863,-0.0335855227338725,-0.4377165003709629,-0.7603912007431165,0.09734958910248032,0.2368750202546772,-1.185324750806018,-0.7436976852659883,-1.7118742742257878,0.7032949428562111,-15.93821649340613,-77.70875960205326
SWAFR,E118S33A,E118S33,-33.25,118.25,5125,1018,416.5,-0.6833736697177022,-1.393345795013609,-0.22303241617619343,0.3714313747779595,0.6565360967681835,0.19537610917820405,1.8533011317826735,-0.5812769426665751,2.149364825836216,0.5060460131990482,1.488999902843186,35.006329723640846,112.79991259657811
SWAFR,E118S33B,E118S33,-33.25,118.75,3896,872,380.5,-1.8051891979669588,-0.8292709724056126,-0.18382605306919222,-1.002442238712028,0.02525978378543528,-0.9002508190006703,-0.14339052357395715,-0.2863359400604952,-0.7281012668556675,-1.9194292084416624,-0.43384421782605886,187.61455340032583,167.38836254648157
SWAFR,E118S33C,E118S33,-33.75,118.25,3196,865,340,-0.7539688140062984,-0.38199184716002965,0.5845816483861132,-0.6369864019660234,-0.5189481821141111,-0.7876905313089705,0.5349762749745736,-0.8120404758296464,-0.48535304839911314,-1.1550507388358784,-0.2508098129305307,86.50940856553883,-44.24005675664931
SWAFR,E118S33D,E118S33,-33.75,118.75,2702,887,333.75,-0.7907462090521961,0.06214853784951466,0.5970187359430478,-0.15271898714128868,1.029920637259791,0.6078816537878813,-0.10001220880030064,-1.474510338587374,-0.6288486330252393,-0.3636660427709523,-0.3645590078063632,11.07943845971917,-242.87746012587942
SWAFR,E118S34A,E118S34,-34.25,118.25,9926,1530,649.25,-0.4444144579480677,0.7441354719292985,0.6469155958219944,1.3601518685840945,1.3873569978129114,1.257383355507397,0.3764363352409504,1.6642669867374769,1.4507300048172072,2.86614140041903,0.5523456802018988,256.4472322744517,365.3152757197891
SWAFR,E118S34B,E118S34,-34.25,118.75,5015,1242,519.5,0.5906563769920263,0.2903146901024024,-0.44385243104038297,-0.9791743628191848,0.45776237605684333,-1.772779627365643,-0.7226357186163875,-0.2351515003920591,-0.17184603889876188,-0.7347575063507802,-1.75882593917397,411.7657277990081,214.07780881302895
SWAFR,E118S34C,E118S34,-34.75,118.25,9105,1462,691,0.02092372862305474,0.962715832386608,0.27216363776192676,1.2297242246693512,1.6043727052746182,-0.023039238588845115,1.5839747473650028,0.9275556462645627,1.431846936105691,2.6608850504892843,0.1221657405033361,213.7170159044906,102.14666135218432
SWAFR,E119S31C,E119S31,-31.75,119.25,893,377,121.75,-1.7531108884169,-1.080208269636254,-1.3157837393238405,0.0024977703847610996,-0.4982829898571779,0.3830508839033787,-1.4153053684390995,-1.0363509997759082,-0.4876022966866653,-2.364651878107465,0.19305540974120522,-252.57262091367738,-64.81051340248244
SWAFR,E119S32A,E119S32,-32.25,119.25,1984,692,260.5,-0.12584853589937578,-1.1377586061700167,-0.5594464125558924,-0.11988875707830798,0.22900601315964247,1.033619166323259,-0.8643464690574226,-1.1546281676458656,0.017076806794465462,-0.9797859983513593,0.5804648307902336,-108.06800948527724,-91.54423805234308
SWAFR,E119S32B,E119S32,-32.25,119.75,2997,753,316,-0.886963341133153,-1.1994080602154347,-0.25500775748833704,-1.7298404283800835,-0.9405052365192187,-0.4095572782465708,-0.8557394224316939,-2.038251063159991,-0.6940365809214128,-3.0905061244444445,-0.31402022636652327,212.78968021931325,149.8787212175416
SWAFR,E119S32C,E119S32,-32.75,119.25,2140,740,282.75,-1.3268608784961846,-2.0325960151583615,-0.5677493676173355,-0.9176786965725285,-0.6048816997337568,-0.7775970725837553,0.43209849843634385,-1.1753359535295123,0.7770814496402929,-2.202603558211176,0.6205028265387162,90.4770779979902,216.16720155677345
SWAFR,E119S32D,E119S32,-32.75,119.75,2074,618,227.25,-0.3826813045123825,-2.475143617094404,-0.4032653588813996,-0.9402069214358062,0.4804204732979895,0.2670038451660905,-1.1037800907216309,-0.8585174620444207,-0.5429089850483433,-2.0008634316390537,0.3913153365052524,-56.35981182158956,-38.2763217644605
SWAFR,E119S33A,E119S33,-33.25,119.25,3296,832,344.75,-0.6818730503588933,-0.6803225751737224,0.24394385972217286,-0.28313942745089915,0.2716818533796787,0.8857737883681419,-0.29657593433813945,0.0992982102901706,-0.42973570071302575,-0.36901608743479114,0.5642984802375689,-43.26189996361086,-40.61232663039704
SWAFR,E119S33B,E119S33,-33.25,119.75,6069,1108,528.75,-1.1490887557009923,-0.20320509667208522,0.6506555670170168,-0.8896414668758155,-0.17145166150576172,-0.6515506707075891,-0.29160918548655534,-0.3003472307779415,0.048278719491178436,-0.9150499852407585,-0.6719749593390136,299.96212724405586,285.5872953671122
SWAFR,E119S33C,E119S33,-33.75,119.25,3100,917,356.5,0.17008633301507325,-0.2294591524272938,-8.298587420195792e-4,0.09831445462098695,-0.628200540228532,0.6155376137304828,-0.7623065887965113,0.3260712273516023,-0.646258244773075,-0.3342154484608592,0.32821958481726277,37.453679031341764,77.83432277312083
SWAFR,E119S33D,E119S33,-33.75,119.75,6705,1348,579.5,0.7579711121350369,-1.3920941912750298,0.3691072977781354,0.40352896081261524,1.3959716278552583,0.7431998163062399,-0.3966442672140246,1.2384183982415577,1.1183489416743464,1.50584513325333,0.6626281497894303,241.91777511413667,341.8773839872425
SWAFR,E119S34A,E119S34,-34.25,119.25,6840,1293,570.25,0.143735504601133,0.21881068344486285,-0.8053916736349351,0.0207678299862212,0.5011094102181186,0.1813683923831918,-1.7477956153547087,-0.7344610896051785,0.4356387780098379,-0.3835810367386866,-0.9126355302643725,419.53123879978386,433.7428966234094
SWAFR,E120S32A,E120S32,-32.25,120.25,862,360,113.75,0.08828940586090862,-0.741524096678603,-1.7798744218369058,-1.1091301835466252,-0.015351562703961336,1.2378288736182086,0.250853314841923,-0.061271574964990645,1.6511875991486669,-0.46184191174414246,1.6280619682962016,-503.8338077443924,-341.8703697416343
SWAFR,E120S32C,E120S32,-32.75,120.25,1033,425,136,-0.3087544671640544,-0.5657978938391565,-0.866352353699779,-1.9121672960415148,0.11213992638255008,0.12729140173139014,0.5519381644503253,-0.270968503927331,0.6957993297654783,-1.057212826579414,0.6417361764219518,-365.535738268563,-404.5719846287281
SWAFR,E120S32D,E120S32,-32.75,120.75,1682,479,180.25,-0.11123134616546303,-0.4746258381658772,-0.48486663320968193,-1.221995357926921,0.0957025708088104,-0.7315806168247676,-0.9743855700374797,-0.9584500176770279,0.23953726094262554,-1.4367720092219316,-0.8897522338738278,-264.8069602139317,-321.3643036924527
SWAFR,E120S33A,E120S33,-33.25,120.25,2222,756,268.25,0.12286738936088415,0.24034148036553324,0.6801642391563584,-1.0058666994593841,-0.9485476872370581,0.8715252340265618,-1.3353463530579155,0.05218674576743565,-0.5811022026081489,-0.6204910356646707,-0.11600982882361045,-88.30199284103287,-73.09148991167314
SWAFR,E120S33B,E120S33,-33.25,120.75,1401,535,192,-0.5073378248074797,0.3946490051239072,0.538927689449307,-0.5737627884968733,-0.6543675589314158,0.23648901975475217,0.3923653584093168,-0.9515982668704608,0.8033022953887644,-0.25354746190984023,0.11756985231115133,-354.4776218356611,-385.92515158141083
SWAFR,E120S33C,E120S33,-33.75,120.25,14597,1553,720.5,0.5358297567829478,-0.19356338882337526,0.06204134342879583,0.25908022044816975,-0.05789379299946711,0.2935908474537986,0.46391747879836387,0.915498142182582,0.23772812740397029,0.785790606858924,0.6793393546722838,535.5660536694395,540.9575826037665
SWAFR,E120S33D,E120S33,-33.75,120.75,3078,841,353.75,0.12674533825675174,-1.3595555525521026,-0.09900172472826903,-1.14187284133929,-0.199853797371625,0.20847513183894173,-0.5441940598242252,-1.0921092620087252,-1.2513983227228875,-1.9017798683039198,0.23543481782953818,154.44168514730288,0.7320184991421363
SWAFR,E121S32C,E121S32,-32.75,121.25,2595,633,239.5,-0.12991826236577456,-0.7569310972272104,-1.497980545018273,-0.6882049891747448,-0.59556153584859,0.6911549599516781,-0.8268777056107127,-0.028959885727993268,0.6263739445767326,-1.146891143200776,0.8209681557475174,-146.49514606226302,51.427390066653295
SWAFR,E121S32D,E121S32,-32.75,121.75,2375,518,184.75,-1.6503077973534497,-0.6991720379327524,-0.24666376972296247,-0.13926237526246343,-0.1589221372196514,0.31995007923926555,1.5045387250649418,0.8415466692680371,2.3395681510763757,0.4828052712805569,1.5428445650481097,-462.1324261790006,-163.48426448368824
SWAFR,E121S33A,E121S33,-33.25,121.25,1772,512,178.75,-0.26272637517847874,0.27708257321282653,-0.3713491155507145,-0.6396947333815465,-1.2078314231924687,-2.192193092475712,-0.7541376414261932,-0.8773651445822588,-0.3508913218525026,-1.876111809690334,-1.6949686432980933,-177.71839388357964,-236.50510351841362
SWAFR,E121S33B,E121S33,-33.25,121.75,3741,729,316.5,-0.32301513913201035,0.7298333930432436,-1.534058459752561,-0.11962278850210571,0.06321092211260894,-2.209908651554385,-0.3906489967352007,-0.5095980737759606,-0.4578917197650522,-1.3196183011929543,-1.7618251670354113,-29.230138129559094,-175.15676406237392
SWAFR,E121S33C,E121S33,-33.75,121.25,3188,793,356.5,0.0732511992072313,-0.1725803695636903,-0.12373811853973365,-0.36282158296780237,0.10396011952679227,-0.32144780362790915,-0.9239164811760331,0.19585907909947178,-0.19167322313990015,-0.41844744748542356,-0.5953594167948879,-76.17624281611907,-90.99295987885425
SWAFR,E121S33D,E121S33,-33.75,121.75,5269,1147,438.5,0.12902814626677547,0.1502861357022736,-0.948195076517404,0.6023144983279528,0.5073874534821042,-1.4192024456479777,0.5882190438546008,0.12256603179227518,1.555641276559694,0.5743693451297425,-0.5416752251609154,155.5948198465388,171.3627383500116
SWAFR,E122S32C,E122S32,-32.75,122.25,70,56,14,-0.8812291833802178,-0.2696284606642797,-0.5030246416927341,-0.10537450415679592,-0.3138377493113683,-0.07988323803575235,-1.3091709534837037,-0.8847842512283017,0.025954223822353007,-1.3096495408863202,-0.5566360593649242,-703.457424964264,-621.5146462515537
SWAFR,E122S32D,E122S32,-32.75,122.75,139,94,24.25,-0.5087550831324832,-0.6134119896948239,-1.419574327803931,0.26396969548731164,-0.5582913487587533,0.1968253395772201,-3.237384308653035,-0.5436973766259406,0.5728289358399945,-1.5673940865468263,-0.840113135969793,-633.7256471026146,-290.23244452773815
SWAFR,E122S33A,E122S33,-33.25,122.25,2813,734,277,-0.37925599345915273,0.2038480143443126,-0.4575006485102162,-0.45036010298059304,-0.8920840301325539,0.47975058765508855,-0.9261962299529786,-0.010070472630495403,-0.5961534522247812,-1.0095297161597026,0.06582228995476552,-62.40616265994379,-7.5651975022132945
SWAFR,E122S33B,E122S33,-33.25,122.75,1219,450,155.75,-0.3441326115832702,0.29365576983789166,-1.0492446914517777,-1.0143566283024832,-0.4056066108226435,-1.040609900037273,-2.5052970572076565,-1.8730833332763537,-0.16363178745077553,-2.3840133886635697,-2.0700043894205575,-177.18896173494332,-207.14514788289586
SWAFR,E122S33C,E122S33,-33.75,122.25,5281,1015,416.25,0.08090024979861674,0.3730196463759017,-0.5426165999218902,1.4452022628563317,1.0809778332372153,0.021385657735580564,0.5763076897721144,0.8783222896184734,1.3526122216559806,1.8427090862811988,0.20565308509052638,-132.55465294320453,-83.31275725665719
SWAFR,E122S33D,E122S33,-33.75,122.75,4277,846,404.25,-0.2663329223841776,-0.2007099672297985,-0.13044631250629996,0.8308081911686571,0.7652092841580512,-0.8276503536889238,-2.352445243057477,-0.01837988249897315,0.18536815927198427,-0.14916591159625125,-1.7884542905544991,-56.328377450750466,36.20146489229143
SWAFR,E123S32C,E123S32,-32.75,123.25,509,268,78,-0.27867229981152264,-0.47721252795422175,-1.1646714655294401,-0.32821463630793524,7.826588518746207e-4,-1.8687676112655276,0.018854091377074063,-0.8306114612498449,0.48871401933959446,-1.3449821190245523,-0.9121718452118842,-487.1075151809605,-534.2653191384632
SWAFR,E123S33A,E123S33,-33.25,123.25,3558,879,314.5,-0.8141186192548683,0.1156721130327939,-0.8853291324536996,-0.5689375799416968,-0.3830421129925206,-1.85175636923329,-1.6870573298942446,-0.005685337983816052,-0.9864165950442099,-1.965251440231986,-1.89338161449327,200.2558789095405,204.862419456388
SWAFR,E123S33B,E123S33,-33.25,123.75,222,153,40.75,-0.08503382797963954,0.29507021424979424,-0.8282128415545855,-0.10032628185009418,-0.37998843317109915,-0.8696600020359883,0.5576047730974367,1.1263746208075087,0.367592892502229,0.0656790000440095,0.04743611443617603,-775.7786404171458,-726.9791876331999
SWAFR,E123S33C,E123S33,-33.75,123.25,2818,774,299.25,-0.27440709555798565,0.33159663931141364,-0.2845663531579995,-0.9272729353593139,0.8787654651173924,-0.22964221987576533,0.29637617052720444,0.06526568665628686,0.4013009759053301,0.055286770141356606,-0.3453030670462224,-153.49921884912337,-288.41396973570875
SWAFR,E124S32D,E124S32,-32.75,124.75,371,172,54,-0.985468319097635,-0.9881267126004967,0.09786723513983726,0.09520081240597898,-0.6902128104929872,0.8923294866316253,-0.1688168522959306,-0.24677896534475058,0.12328435575149163,-0.7506668783102393,1.0410507919849392,-656.2756171472362,-497.80674446486177
