"","lon","lat","HDS_richness","mean_QDS_turnover","mean_QDS_richness","Elevation","MAP","PDQ","Surface.T","NDVI","CEC","Clay","Soil.C","pH","rough_Elevation","rough_MAP","rough_PDQ","rough_Surface.T","rough_NDVI","rough_CEC","rough_Clay","rough_Soil.C","rough_pH"
"1",16.7,-28.4,355,0.958254145740877,103.25,171.080126271949,110.609435986991,7.69149979822401,308.178360863537,11931109.1305208,6.51697268052535,6.70755311792547,38.8178168903698,71.3374206542969,57.9740118228627,15.5866715062777,0.479494567307658,1.065869210559,1979852.00087525,1.12015570992206,1.90222507483526,6.25678782591281,2.89913349256648
"2",17.2,-28.4,672,0.907165485111677,226.5,536.658735514727,88.0859076248275,7.74375786394351,306.523424110385,15478370.8208936,9.3857061598036,10.6742701530457,43.834566069238,65.0966754018525,129.802824986584,13.2014952270944,0.984592844951257,1.76557470064048,2217051.68961054,1.23118223509593,2.71510339385535,4.14661062702898,2.58749511325569
"3",16.7,-28.9,355,0.958254145740877,103.25,167.730502384968,83.9418283524336,9.87626690995277,303.923193727784,17589536.2285538,7.46997069275897,7.47390097260744,26.693412490513,50.3090353690267,38.1459471945089,8.47422237437283,1.84443838586874,1.23855823959255,1868947.56119067,1.69836616292944,2.13884043549545,7.68031692408603,8.54565124753876
"4",17.2,-28.9,483,0.871479198933698,167,485.957643454083,100.429776216329,9.21073084564635,306.070132974626,17108665.0546863,7.0481731819384,10.3416605236554,38.9113394419352,68.9787209636033,63.771112253323,8.53622657122529,0.634305211348842,0.918812844441927,1960166.52660401,1.2438963823963,1.86810849522176,8.12948642844322,2.95866197688812
"5",17.7,-28.9,868,0.814436608038744,338,686.292260373019,98.555860961477,9.887461796426,305.97490866432,14305040.2212167,7.54355808404776,8.52955401860751,31.5985115784865,71.0017997154823,67.3768871019059,8.90040993164482,0.987938536432391,1.15045403924627,1348584.74632965,1.24832341267076,1.71643386467764,6.97231802274893,2.74600249401088
"10",16.7,-29.4,139,0.97841726618705,71,42.960666073898,91.5950164233937,12.1610088715482,299.706871187364,17073151.47664,10.9516875403268,4.59865845659748,39.074015889849,19.809398753196,28.8971864458165,15.565341758127,3.82449102771782,1.46503590961848,2087221.82165026,3.1366403930717,3.06661570488385,11.6819091661717,12.3405620769394
"11",17.2,-29.4,483,0.871479198933698,167,193.229330653564,131.939064850042,12.177139228333,305.969850816993,18508319.9413786,9.11565099716186,9.70148743748665,23.7380233287811,70.5304167616367,35.0556662382958,10.4061779044609,1.6351183441829,0.860180719926852,1300440.16496595,1.42029568604818,1.35464550542645,6.52296500290765,4.40274506429417
"12",17.7,-29.4,1179,0.754619377464766,498.25,739.768037952948,155.472237985399,12.8611203135921,304.210711165577,19022248.8562092,9.30174540996551,12.8484232759476,39.1675390529633,68.3909395217895,71.7767188252942,12.0619468634806,1.17362041095057,0.694209592108435,1549527.81106259,1.20505171140035,1.63646537303925,6.06340547826555,1.88433836195204
"13",18.2,-29.4,159,0.951486535208143,58,912.901038928662,144.977612905363,13.4280377857609,305.815177812988,15669248.916177,6.70074938764476,10.0472685785005,19.8424276679453,78.0540600400982,37.1515824116351,8.07252738461401,0.757673847274249,0.696300027062811,732844.576206472,0.668545157880341,0.758809152743899,3.83662126714915,1.72812070520868
"14",18.7,-29.4,31,0.972222222222222,10.6666666666667,837.324799883019,115.46854051484,17.1332618206292,305.675859636538,14768972.1823689,5.78885814620227,8.7571170155595,12.463813095558,81.4412290991806,35.3157108923562,6.10996773929613,0.860852647277052,0.649552624068296,611487.138731538,0.705085767284642,0.618014450332613,4.4874167519487,1.47695673028028
"15",19.2,-29.4,13,1,6.5,962.721447225707,137.178543965357,22.2629829245697,305.301546634125,15503382.1805797,6.79349574559852,9.66634003723724,12.8402926589869,80.7151010247726,28.478540214151,4.94990871541028,1.50795357664172,0.570051629297594,751745.093497584,0.501426213192896,0.608199488189725,4.27311649815682,1.25007870302206
"17",17.2,-29.9,608,0.874727146485645,210,163.925425809055,144.157772664212,18.9902011098014,303.332278795777,20351587.8879732,8.35474759113939,9.47839422716028,25.0984639880023,54.72904946812,31.7930965260723,16.6572366991783,3.99006801897948,0.990210936856739,984266.128071754,1.40435790002693,1.94205648909915,5.56761371201244,7.41389865542382
"18",17.7,-29.9,1003,0.830123675498324,381.5,546.3359783114,178.965193341573,13.2135737597217,304.484063834423,23054703.8398693,10.2096945738792,16.0300844764709,47.1253692245483,66.6071596908569,74.1846572498179,11.8896049534833,0.93405826008112,0.679237145969486,1536602.07879437,1.44005665328768,1.66108290248447,5.60471895429823,0.930621910095215
"19",18.2,-29.9,159,0.951486535208143,58,887.71387257385,182.899131554498,15.2378368524084,304.197516884531,17961804.8747277,9.10070683002472,14.5849808979034,31.6900842857361,69.0952519989014,53.193353346182,9.19101064658459,0.94822832763911,0.615079829339135,915303.086419684,0.937931053373548,1.18985464731852,4.50103530671861,1.03400182088216
"20",18.7,-29.9,843,0.901525876474059,277.25,982.438561839622,160.294805569119,20.8624261729572,305.306531692538,16000280.1606754,7.77184826135635,14.5822197794914,18.6569693386555,76.2532950639725,11.0195540711436,2.48078939524034,0.59814453547582,0.257878890613921,708118.872228161,0.556942714511284,0.912888245976397,2.44999051302198,1.3340992961138
"21",19.2,-29.9,23,1,7.66666666666667,904.708140400046,148.143782176669,22.307323369715,305.34105245517,14282745.0980392,6.74144829236544,14.2601368977473,15.1995234122643,79.5227185762846,7.77263027813736,1.72566045987333,0.343368792196167,0.147300825173368,518420.765100886,0.374485632074913,1.21907769084996,1.84452186760303,1.35121328332922
"22",17.2,-30.4,609,0.891945992844899,267,89.2859268712699,159.340883831919,22.8483906350794,300.217332710862,21750800.1997095,11.1285987172808,8.76944453913408,35.0916411808559,35.7123260560135,27.2478615687837,28.6395365188934,7.20336567083954,1.70875385249264,1458173.70358114,2.03242902294578,3.05655912740168,8.83279865617384,10.7642745345401
"23",17.7,-30.4,1003,0.830123675498324,381.5,340.29123952885,191.756712608337,13.320196679571,304.68229912854,25229221.5413943,9.14681297779083,16.1853714084625,43.4750497436523,66.2219572067261,49.5350520718134,9.2660176723386,1.12187237455412,0.629058563301867,1326542.57595003,1.06491280476252,1.2296145898766,5.79414963616265,1.13857020537059
"24",18.2,-30.4,843,0.901525876474059,277.25,886.300465861828,205.276238897112,16.4549807104961,301.988860784314,23138365.2233116,10.8763261699677,19.4551307106018,51.7901043891907,65.7598797607422,88.5981422670373,14.5874929348039,1.0961381077479,0.790506656983794,1926497.24037752,0.899976959758335,1.30736613273621,6.6622369088067,0.94532406700982
"25",18.7,-30.4,243,0.962632687150332,68,932.641465861516,172.970685081482,22.0947783553636,304.693296568627,16449766.6394336,9.06305809497833,18.3274589920044,29.4174051094055,72.373268737793,28.1975325374188,4.8608859344765,0.72887788466346,0.541848329702248,1422508.28794477,0.586998270352681,0.718725154664781,2.91343045128716,1.34424528333876
"26",19.2,-30.4,322,0.924277467440994,98.5,832.94133272229,152.518600328138,23.3952499762613,306.420546235778,11156778.4737352,10.3815303537581,18.5336178143819,22.6691005071004,73.7612940470378,27.3824867143803,3.89716623312719,0.652666951069337,0.396815610458864,1031604.10976287,1.04709685299342,1.14427002020824,2.19171615824287,1.29499292921978
"27",19.7,-30.4,33,0.96969696969697,17,888.447957147749,151.504092721378,25.75833646349,306.217317698321,11432432.5579905,12.381269903744,21.3089205797981,24.5762727400836,72.5872268676758,31.5038550618209,2.62314976047512,0.580457613146086,0.379867122230148,847801.038252897,0.978677271460953,0.62027302571928,1.11593701788246,0.341362340376825
"29",17.7,-30.9,568,0.850622795272644,199.5,138.284833295912,180.059368275272,20.7310524627499,302.583738490767,24615438.1174083,9.37947437090751,13.2514629922393,35.1719496800349,51.0700455581148,32.935551515742,15.6855928385978,3.81439069423798,1.04274763452191,1379159.20888472,1.78690142671801,2.06206262275453,6.67123984481244,6.29721649263948
"30",18.2,-30.9,664,0.926690079236685,208,337.56167217173,176.22394015842,14.2276830576741,304.967484259259,22887020.9422658,7.33389189243317,16.5332961654663,38.0182008171082,67.643960647583,41.9850475361828,9.22585650055497,0.446310656032325,0.457758194141856,1257680.18034366,0.944986381000942,0.827680546442668,5.41477957195706,0.738027030097114
"31",18.7,-30.9,692,0.885543547613174,231.75,470.330893778291,160.131736096276,16.1809635939398,305.480844934641,20231770.7244009,8.01507015228271,17.3141580963135,31.5827558898926,70.5851457214356,43.1982557651086,7.44317533540137,0.668461292883755,0.453440547083029,1251870.05567652,0.906864389313592,0.8175618563758,3.72970630645752,0.886330193413628
"32",19.2,-30.9,1448,0.92182544053809,440.75,650.18993023048,189.084108024173,21.6918465037317,305.142066830065,20263983.5239652,11.2513224363327,21.8317215633392,45.0094497680664,69.3124871444702,63.9898557011545,11.4004398435428,1.00282626455969,0.825017822561123,2659370.18276433,1.06876988357968,1.33818857722812,7.98351249482897,1.30601925320095
"33",19.7,-30.9,786,0.915020844040658,256.5,913.727823647665,160.81237792748,25.7926071238041,305.684360021787,14855763.548475,12.2249056696892,22.8826240897179,42.1931059360504,71.2870817184448,29.7403156273973,5.4496297089625,0.610178161950304,0.439463271001561,1399490.85730766,0.846131643625321,0.743738012733283,4.51520338772781,0.696194873915778
"35",17.7,-31.4,131,1,65.5,59.9002324507187,167.13708663405,23.981936625259,300.156664086687,25488409.8129993,14.4780128598213,7.22985293357461,45.5863100290298,22.829217997966,27.3023601450554,38.8786521201964,8.45039803570088,1.33812838252583,2517020.63025552,3.491903917657,3.50028676197836,11.5220302078932,11.0131329341206
"36",18.2,-31.4,664,0.926690079236685,208,165.463654033509,186.642456777472,19.2717062255105,303.612338275009,24570831.2983313,8.59424357665213,16.6561334624868,37.6933537533409,59.9548382609424,29.8779505931681,11.3422277845956,2.12489746583079,0.62490488081324,1864523.8047972,1.359894498504,1.32026098421385,6.93652829539905,3.65539175957368
"37",18.7,-31.4,1542,0.791161670398233,621.25,182.096122796326,168.072938158247,13.6806473738107,306.02626372549,18703127.3965142,6.64744746685028,17.5046221351624,35.7401539230347,70.423694152832,29.409984998771,11.9628381034474,0.665919908427242,0.586563398692807,2101514.33974815,1.05108442995283,0.950226469039917,4.32256996790568,1.18603524949816
"38",19.2,-31.4,1448,0.92182544053809,440.75,647.70963276588,251.786548938751,18.4391984417372,303.764867429194,27395039.8692811,13.4030220174789,24.3362335968018,56.6741878128052,65.8339427185059,66.7008493436133,16.2182658730024,1.06421910360759,0.85371755628176,2529131.56620663,1.12742584016588,1.19380080752903,6.99684215121798,1.01230420854357
"39",19.7,-31.4,786,0.915020844040658,256.5,988.503913485432,200.787274172041,28.0530507379511,303.620215631808,20890688.8888889,14.7341969203949,25.0641536903381,57.9500219726563,66.9843919754028,72.8057673376085,14.5289745208363,1.24957635316852,0.882050859356075,1692327.03643173,1.28763299306234,0.786217782762316,4.65948960834079,1.09143475850423
"40",20.2,-31.4,324,0.947765536836428,119.666666666667,1070.19408283051,159.935248346926,29.0313943435443,305.016663974658,14360587.7344553,12.7016187974776,22.010326144339,35.3591612454118,69.3657918469659,24.2881141654737,6.48566422541632,0.868060275220407,0.558628492581218,1508753.42874655,0.841641817682743,0.994356382547819,5.28922377069421,1.00662067645093
"41",18.2,-31.9,540,0.807407407407407,322,102.164501368323,214.928915177343,24.2386410153803,301.295946204871,28532720.0695094,11.3455774325591,11.7920543590726,46.7805902774517,39.8957259432908,25.8958117441466,27.0555850245416,5.74321367517103,0.958080783490087,1381481.47839375,2.44559987081131,2.54077274254507,6.19482815920652,8.05271876264485
"42",18.7,-31.9,1634,0.833704208863897,605.5,273.970062418249,216.999976005554,15.804240893658,302.786812254902,27997747.6034858,8.81474421977997,20.1675517272949,51.2071217727661,65.1159452819824,77.245611475127,15.9236773733445,1.05150431764794,0.829180071411259,2501443.96029999,0.992762520578172,0.806726794772678,4.88577168358697,0.804958716498481
"43",19.2,-31.9,2027,0.845592425690427,783,494.645667663611,217.751725408766,17.1983952787536,302.558279084967,26059754.711329,11.5706289672852,20.7719724845886,53.0322983932495,66.0117673110962,72.3213748091608,12.830508262493,1.10945510257641,0.800650968288531,1775011.07480019,0.943336000972324,0.914813724093967,5.12696413252089,0.837711847093371
"44",19.7,-31.9,421,0.71678497262288,180,647.491029846235,196.784505564372,19.0244732158777,304.354282734205,19400665.6045751,13.1167244434357,22.0366813468933,49.4567962265015,68.9014379882812,81.6681116339148,15.5772848423616,1.48520070408157,1.06095826676347,2466940.94045014,1.18964131779141,1.05036034478082,4.9356421746148,1.16356757269965
"45",20.2,-31.9,740,0.834937379499541,279.5,1209.30955854302,209.021056457096,32.6809164697325,302.04974046841,19199999.3464053,13.4433473491669,21.3862264251709,43.256754283905,66.707324180603,66.8020207745982,12.9009550400134,1.64504095608383,0.764982089687711,1811056.40696859,0.809605326255162,0.774453816678789,5.69370774878396,0.825960019429525
"46",20.7,-31.9,257,0.975485528207061,72,1332.51855439347,195.490157995274,35.2160475562779,301.446182565619,17422218.7856624,14.654737722306,21.5526069459461,42.4304963520595,66.2875681377593,50.1785126540387,8.62216605067884,1.87338017364447,0.741628713368054,953607.701413865,1.00094915884332,0.551422580245401,4.9138591362866,0.73217324983506
"48",21.7,-31.9,141,0.943262411347518,74.5,1428.49956528776,205.227269313954,18.3261147135938,301.245801217039,17613552.7946811,14.6490054952687,22.3627638323554,34.5091480715521,67.4286984410779,43.6969216260685,9.66645284092896,4.46368792544028,0.766626907659617,1083500.7909826,0.926873060230616,0.379543189396934,7.22246273575288,1.08828119435595
"50",18.2,-32.4,600,0.864697723601967,253.666666666667,63.0850133305545,268.882745363559,28.4850486135203,299.179058848287,30739587.2865275,13.9500491380692,9.75907965157181,57.1941154956818,32.252483260259,27.2930969473045,32.85446462766,6.21729920079808,1.07503672540846,2101920.13421744,3.011288305767,3.21625097862942,8.46974822835317,9.80323566376773
"51",18.7,-32.4,1634,0.833704208863897,605.5,266.701589150161,291.02161342197,21.4531729423767,301.827340359477,31641928.6764705,9.98087923526764,21.2861025619507,53.9372824478149,63.3941725158691,72.5010010814019,18.9767684272484,1.17379576856668,0.649490329218104,2570736.56802219,1.23492907683055,0.962424952189127,6.51353605482313,1.2422526550293
"52",19.2,-32.4,2027,0.845592425690427,783,828.56734050731,317.823507177565,26.1234190561392,298.873927941176,28928259.1230938,13.9793671417236,20.3318652629852,68.0693573760986,62.7911824035645,147.442930864627,23.0402491213951,2.05716257336878,1.17170850883563,2343638.56511736,1.11856903394063,0.936044865714179,6.805887582567,1.39001143985324
"53",19.7,-32.4,1022,0.945561739279801,298.25,410.232708543219,178.156764945984,13.6456641537721,306.850540849673,11794051.5795207,11.3085511779785,18.4954675102234,44.6850950241089,71.6295315551758,41.9181686699307,10.7727016006281,1.44864251972403,0.974242162914549,1563648.21169204,0.829118835661147,1.23906370480855,3.58109681023492,1.1041933186849
"54",20.2,-32.4,232,0.938627674304475,68.75,803.140338898638,199.846511573792,21.5526956150437,303.617427723312,21526430.7461873,12.8280380964279,20.5956516075134,52.8059567451477,67.0424510574341,106.030678465222,20.3308860192476,2.58600523590785,1.18624019002663,2403228.31336234,1.37246421919929,0.950950917137993,6.56457471635607,1.23125453101264
"55",20.7,-32.4,380,0.901260320166598,123.5,1465.95263949116,227.228708110385,38.3885461416438,299.99372962963,19921584.5860567,15.5805628108978,22.4240786743164,43.9884861564636,65.3168146514893,61.0400258963328,10.5597724382377,2.95996242891113,0.593424328249819,1380332.07455819,0.879392472373115,0.637537206013998,6.30147637049357,0.843241466946072
"56",21.2,-32.4,97,0.952898550724638,36.6666666666667,1390.09364844312,207.453742508195,22.8032358192335,300.737236312399,17046056.3784692,15.8768609295721,21.6125494500865,44.5632285449816,66.817632716635,75.6667721070505,13.8857656124006,6.24554930425293,0.851425460740522,1334517.76756393,1.27285503642653,0.552237903421874,9.0297753178555,1.18469548709151
"57",21.7,-32.4,141,0.943262411347518,74.5,1241.53807437966,216.967821751953,30.3403166402723,301.094427326486,18755415.4995332,14.9991856302534,22.0432596206665,44.5725296111334,66.3490489778065,125.771296783016,23.2908889162137,9.96096580335167,1.40247233373802,2134545.63615565,1.13130599064802,0.790553506125308,8.3683438300726,1.5992532833183
"58",17.7,-32.9,52,0.980769230769231,26.5,36.4855281307202,204.474647356116,19.4539046897669,296.103388404745,36642713.6561694,18.851772181193,5.15264748749049,71.5104977925618,15.1782796209788,15.0333452185297,49.6109793474389,6.87433011049942,1.68719564908152,1828406.01028552,6.2246566864927,3.33801022001658,13.0436356412292,9.97100312972909
"59",18.2,-32.9,1236,0.873665622543437,447.25,47.6319640205999,295.777418754533,21.6072806290669,300.416351762927,35336409.9873868,12.2831054975589,17.005544935083,52.3128034671148,50.9977863580361,15.0960098016273,14.7896163811848,2.30420636770757,0.737361952938137,1787995.40111843,2.40821547311529,2.42390974106901,6.46675413744475,5.89299148771505
"60",18.7,-32.9,1144,0.877065903690899,384.25,168.173689206943,373.861649521722,31.1083701122237,301.757222875817,37343228.2407407,9.86424443244934,20.2740893363953,46.6703381919861,61.3515910339355,59.2327811693427,21.5217852312253,1.32291863620759,0.699410784313723,2230582.05337683,1.32923803488413,0.804635473887126,5.7924086104499,0.897946438259549
"61",19.2,-32.9,1898,0.782759396920888,777.25,838.228727821418,426.364162279765,40.9936668271399,297.84891416122,35196288.0446624,14.9215623474121,21.9780804634094,67.607525100708,60.1625155639648,149.474733464782,36.1932151323483,2.38806420095312,1.17260620915031,3262819.96792531,1.23717195457882,0.966971107059055,8.08020969390869,1.41000104268392
"62",19.7,-32.9,1407,0.864236787303941,498,792.649499802049,247.192141647339,31.4934647070724,302.09513251634,18509090.9313726,11.4004341411591,19.4900340557098,41.7320659446716,68.0770502090454,83.7232020337527,20.3301467285627,2.49937478743426,1.08737420116194,1558501.41914786,0.713505278163486,0.83362413406372,3.94264100180732,1.21848076290554
"63",20.2,-32.9,653,0.886457043936862,215,809.705549245112,208.11348757214,28.0468293565306,302.780541013072,22876469.9618736,11.8942879867554,21.0855974960327,40.2789381790161,67.1820325469971,63.9828390299178,12.8337232168221,1.65751027068288,0.758885021786494,1769305.49806337,0.962451169225904,0.844456375969781,5.1872779083252,0.783690982394748
"64",20.7,-32.9,1215,0.838202486350313,453.5,1038.19990066404,196.923891031477,34.4444729739141,301.16525462963,20933398.3932462,14.6875627422333,21.011794757843,44.1421397972107,67.2244181442261,70.4403120472115,12.2854480086433,2.24171760314727,0.594142943597189,1519205.86722338,0.853607867558797,0.749455038706462,4.21342792934842,0.813964093526205
"65",21.2,-32.9,1004,0.964917864503695,302.75,995.701854431924,199.014604102241,36.2145738695395,301.642693211788,15398450.4357298,13.9781874271861,21.1338784401877,44.7239739602072,68.1736146358022,71.9494938641815,12.0876276648226,3.34144584029715,0.831258621961887,1088220.18624157,0.639968561090423,0.626701736729047,7.47986449377346,0.777413516786895
"67",22.2,-32.9,1335,0.931732654923501,428,758.383087577666,169.383008526821,31.7801896706158,304.571819652698,14894375.400487,13.4287405014038,24.2672866372501,36.2280422659481,69.6501592748305,50.8567599255375,10.3976284044414,2.86379219304452,0.645096642723904,1238034.13258455,0.974856516326509,0.644925917920167,4.96856717653746,0.762188126059139
"68",22.7,-32.9,596,0.977922381550411,167.25,935.789097819186,205.821371700146,32.4726372621678,303.600048293391,13451010.4393609,12.6477794647217,24.6712678909302,30.3090304692586,70.6339235941569,29.733474644884,2.55907305533013,1.84657772552618,0.307815338223771,926007.818173543,0.544459534132922,0.451977750107094,4.55290098240767,0.475170335820112
"69",23.2,-32.9,586,0.92519201628599,183.25,843.019121690671,212.857774693479,29.7378761626273,302.951713753602,16021901.486401,11.2879028935586,25.7918749163228,25.7028957182361,70.1361969978579,28.7938661214454,10.3901219886433,2.22411646262225,0.656105759099737,1051992.97412113,0.882841740421191,0.589618715065538,8.09594948332064,0.653833226381176
"70",23.7,-32.9,232,0.963060428849903,61.25,853.965755706326,317.552067494532,43.6382153849853,299.537926843252,26188357.4131407,13.6272820673491,25.9363908265766,44.3105323942084,65.0126819610596,71.989548583508,41.7962639858981,5.98380151561328,1.4732161272485,3628742.22977442,1.0170644242164,0.847013255388615,10.8284052929583,1.93678601558943
"71",24.2,-32.9,240,0.956875160146188,87.3333333333333,781.487794549041,304.905380650571,36.2629180149725,300.85807619539,26636027.6917786,13.5715760180825,28.7599676031815,46.0049359171014,65.2966139943976,59.6552982891507,43.1236965606131,4.17204945471131,1.29930781770148,3977006.12199065,0.679518870024653,0.772444583300062,9.78409607850619,1.99631331729809
"77",18.2,-33.4,1236,0.873665622543437,447.25,72.4391753178791,388.244576581319,33.4163955543224,298.850918502706,42940106.5688331,14.7503136941942,14.197869071268,70.3139969777253,37.3368945796554,27.0272681875849,38.708366135473,6.226590036723,0.902468840010119,2655353.65144763,1.92795592860442,3.53374176443215,7.16299091967197,7.21077029686742
"78",18.7,-33.4,3029,0.71424354072772,1345.5,150.478375879979,461.59254840427,35.0055371084872,301.277726470588,41584905.3376906,10.4573163509369,21.7318139076233,48.2468824005127,59.7519078826904,36.2922451112244,17.7125842256899,1.77322527991401,0.430164639312516,1482421.16618246,1.08585004170736,1.07669799910651,4.59959747314453,0.699385685390897
"79",19.2,-33.4,3040,0.712178383939485,1370.5,539.3917259283,553.051078041924,52.7492660095921,297.238833061002,42870530.2015251,15.1918255710602,23.7807931900024,73.0417015075684,57.747854385376,169.544017085055,59.0222087436252,4.29282877223946,1.43719805737109,3908529.50254158,1.33834902975294,1.39226943122016,11.9603626039293,1.79357448154026
"80",19.7,-33.4,1407,0.864236787303941,498,982.604083057595,353.240194218953,40.6864362205435,297.626898093682,28856648.093682,15.6628047084808,23.6706786727905,67.0643501853943,62.0207759475708,155.517122659759,39.9456217645716,2.53181627970797,1.34323099733721,3302158.67223422,1.01866245375739,0.86632393942939,8.53994053522746,1.59085586971707
"81",20.2,-33.4,653,0.886457043936862,215,908.649453631802,257.332654177348,41.4569403753624,299.197678267974,23194374.4553377,13.7158716201782,22.3146214866638,46.0417863273621,66.2982976531982,69.4832517721151,16.7631326642448,1.8567460490172,1.10438794480755,1741143.47010406,0.897622472974989,0.885825682746039,7.92323978424072,1.64713091956245
"82",20.7,-33.4,1893,0.848727900750127,685.5,812.21349691687,245.739523474375,44.8727855650834,299.769493845316,21260643.2461874,13.3375164794922,23.9351545715332,47.1061658287048,66.4714793777466,85.430196604101,26.9983837167716,3.23588154003218,1.38510885378843,2190590.3806584,1.10645387119717,0.899894019232856,8.68873174455431,1.78835368262397
"83",21.2,-33.4,1893,0.848727900750127,685.5,780.275949477247,290.465269904667,53.0500708519965,299.149107625272,26053927.8867102,13.9095024871826,25.1985008811951,60.3327198028564,64.0700944900513,122.838076237941,34.1740398849676,3.92691352370961,1.69875222101186,3289598.04829335,1.39810641182793,0.947016690572103,11.3273215230306,1.90238452487522
"84",21.7,-33.4,906,0.921890759851809,284.75,647.527519899786,290.961354598999,51.070357937897,299.828868191721,29749358.251634,13.9940554618835,25.0723062896729,59.0039386558533,63.4670840835571,134.917715492229,39.1543691100603,5.03249222143565,1.63541906923263,3725996.919632,1.31960447099474,0.788060029347738,10.0825095452203,1.77783077663845
"85",22.2,-33.4,1335,0.931732654923501,428,753.607860877868,313.487774467468,57.4291409199124,298.977803159041,34811282.4618736,14.3727728271484,26.4954137229919,60.3998248672485,61.8155383682251,126.662553902139,34.9652507958589,6.15673042731043,1.41960996126846,3644830.66448797,1.16460300339593,0.925846449534098,9.43716909620497,1.70690610673693
"86",22.7,-33.4,596,0.977922381550411,167.25,863.164825890117,334.308750822279,67.3973114313037,299.627562091503,27519359.9400872,14.2951014614105,26.2888708686829,55.2367049407959,63.5493887710571,123.769621299834,32.2523409770447,6.74063817394746,1.5856456003389,2954827.16351968,0.904939215977987,0.803811403910319,9.53141982820299,1.59866468217638
"87",23.2,-33.4,586,0.92519201628599,183.25,871.054549766488,351.557994478014,61.8104184442096,299.472096023965,24705255.0108932,13.5820726585388,27.21273229599,51.2921698760986,64.3647992706299,76.1631678911351,38.4843660794953,9.28952631803942,1.25081243040426,3134574.30706846,0.957927912606134,0.903334223429362,10.1316386053297,1.79859135097927
"88",23.7,-33.4,1379,0.818724619837234,531.75,932.309224992118,399.546156099108,57.8060055377086,298.319531535948,29287295.1797386,14.1964182567596,27.7540982818604,56.6995498466492,62.1444287872314,89.6323102435533,41.9234684593295,6.88171078405998,1.13789819656257,2602549.63386585,0.864872432284885,0.7401913134257,8.76333665423923,1.5651871448093
"89",24.2,-33.4,1050,0.832598134261948,385.25,642.929231021055,343.38247145123,44.2426045706206,300.080885130719,31002517.3474945,12.9128667640686,29.1752047157288,51.9469511032105,62.9175980377197,77.6349061899178,46.6232910555549,5.28086730906927,1.2436308791109,3650336.52663216,0.716573153280077,1.04107865064863,8.01472065146007,1.58057096647838
"90",24.7,-33.4,916,0.867167745572811,317.75,579.065527242794,362.847689683702,50.5510129761365,299.853768954248,35509215.4411764,13.1248261642456,30.4792582702637,59.4106282043457,61.5326843643188,79.5204841774616,36.3990474310123,4.8255415586298,1.15968849249577,4759250.75701567,0.897212754658291,0.927682668027424,10.0972259958964,1.7271482064232
"91",25.2,-33.4,1568,0.775050875754464,643.75,422.686848880283,383.399171589951,58.9840095087334,299.35931123395,46134810.9326472,14.6904524742289,31.8226528573543,69.9998490759667,58.7466423359323,79.296521556238,36.7571102047782,5.28502564669024,1.33819366670033,5397196.57483092,0.699849576351813,1.46992407453821,7.07868741412938,1.82734119147314
"92",25.7,-33.4,18,0.972916666666667,5,454.144396167653,403.109774581129,63.0725420973078,298.175354549227,53175377.2002628,14.1811770181807,31.8322373647538,70.5644797673301,56.7238460722424,80.9933232428556,22.6636878326083,3.95089139587728,0.937019907791645,5935033.23213711,0.72201198840748,0.720864319891436,5.39752917735455,1.37405200173976
"93",26.2,-33.4,46,0.992592592592593,15.6666666666667,466.310580460815,478.709855120623,75.2978015027223,298.134819554084,52774318.8891718,13.7134241005043,32.0166814482057,76.1040142108868,55.3573394379058,56.7619620070288,21.8681484967366,3.70928824191956,0.493339566578592,4080369.86023357,0.481732883243997,0.621561638396245,3.17304595966139,1.0992016030105
"94",26.7,-33.4,46,0.992592592592593,15.6666666666667,382.625256044705,564.978234760345,85.1238932527956,298.29757300386,56401244.5055994,13.2361327723453,32.423587899459,77.9643201326069,53.7368900232148,69.1818658086246,18.6254782087108,2.82980106285212,0.593101910056853,3677656.52741215,0.720905293869926,0.629960587893778,2.43251585624438,1.22360718909561
"96",18.2,-33.9,706,0.940509915014164,374,138.343692359103,512.449681450801,42.5881561936108,293.909042797254,48165328.8040363,24.7578454451127,8.68723820285364,112.774985573509,18.0241678056843,83.4287676355483,116.69904408429,12.742359864777,1.33279904819671,5471032.47873192,5.09657220059487,4.91489770385289,12.349938631677,10.3400866267558
"97",18.7,-33.9,706,0.940509915014164,374,123.906722703519,581.220789856381,48.5668620800672,298.871001355982,44084104.9764935,15.883584985733,23.1289304608107,72.7401058578491,50.5592928242683,54.1806010269214,36.3810089843403,4.48334863674784,0.902449499636532,3778206.00026058,1.14020744217767,2.76823137621085,6.48104483861772,4.88680106931262
"98",19.2,-33.9,2898,0.646709295498177,1452,587.522930995347,644.541742875841,62.5399671662928,295.527470751634,45961730.1742921,15.7637518405914,27.2217978954315,92.6495943069458,54.6085442352295,168.872993777449,41.2006697732431,3.06966440001089,1.30769370007262,4682356.19704653,1.02119548267788,1.31522867308723,10.3056387201945,1.8635258907742
"99",19.7,-33.9,1819,0.844555262539352,653.5,444.756803870243,424.435311495463,51.4000608161906,298.051354466231,40773942.1023965,14.6890982341766,27.1945646476746,70.3750403213501,59.0011068725586,131.258905086612,34.9676917921467,2.41006067836289,1.38761600096829,4951261.00823036,1.0270815287696,0.650221982532077,8.1537736468845,1.32829189724392
"100",20.2,-33.9,2122,0.795657794301564,841,427.76124540278,391.091066881816,64.5089357269848,298.510172930283,39675061.1111111,14.2756395244598,28.0722074699402,68.2433431243897,60.6141920852661,106.750772306741,40.6160198710877,7.23034162335349,1.16988125756475,4433319.95884767,0.923311816321479,0.698734664916992,6.52762023501926,1.25061542934842
"101",20.7,-33.9,1893,0.848727900750127,685.5,512.677107496037,449.009049809774,90.6601276705215,298.877512091503,37199743.872549,13.9810433673859,28.0986960983276,64.8702276802063,61.3118622589111,109.28928365281,37.3254092854629,5.06216060243171,1.34739583635923,4926087.81469373,0.844675413767497,0.798314611646864,6.34086623509725,1.51341766781277
"102",21.2,-33.9,1772,0.893680489239507,632.75,374.583725519939,397.20622127533,79.3979069211426,299.422127941176,36967143.0283224,12.3993846321106,29.1831798171997,61.8987545013428,61.3089270019531,83.0487066291449,30.3693921906271,4.36097643452602,1.15507988380538,5122512.98111832,0.933563742637634,0.599818986256917,8.30828999837239,1.62482526567247
"103",21.7,-33.9,869,0.963105101825469,250.75,353.640377496123,403.818871909248,79.1213637946855,298.34685157952,42500477.5054466,13.3696303272247,28.9236799049377,76.5974673461914,58.2335014724731,96.1075539910134,28.9369007477937,3.63198204196301,1.17398800532559,4688763.15359474,0.977603409555224,0.83513150744968,7.09010600407918,1.39671802096897
"104",22.2,-33.9,1692,0.867968410850746,599.5,400.728159060807,466.951096522459,93.9502129058222,297.576797614952,47873657.4952562,12.7974591506155,25.6238235631585,75.9830937435753,50.5722227147222,84.6294283727578,44.8973415145477,9.1016861049569,0.974527945908705,5410981.57109645,0.833195472600167,2.07179891019527,6.20763066625635,3.81011708211509
"105",22.7,-33.9,1696,0.865735073831978,593.5,467.550911953062,574.789487601885,121.718945733811,296.095745390297,56169735.7403469,14.2464050359504,22.6527899310915,83.6337888407153,43.3126218512117,102.180987695384,49.2623234061431,11.2569995213196,0.993519334404946,6191322.30334859,0.977510155417814,2.6857764813283,5.60609957014516,5.01089651149196
"106",23.2,-33.9,1392,0.828060997548066,521.5,493.138729969693,733.901315499468,148.456131515568,295.186052678318,62183886.4409684,15.0257018184662,23.7574175533652,91.5264803314209,44.8371393358707,90.7979625187854,60.8985593155638,15.4082678353235,0.749301848027188,5499540.82950447,0.995682160059611,2.33206751647315,5.6081538128323,4.50572490518811
"107",23.7,-33.9,1379,0.818724619837234,531.75,587.467563751211,720.857154556185,132.837580567323,295.500953159042,59133957.6865469,15.1720599779269,21.9643773388664,96.6142950290587,39.9609173315314,113.671746541362,90.3736950959489,18.8557439460231,0.870518059186636,4599561.77378356,0.804308121221914,2.55044155905768,5.24200943423665,4.58529511727195
"108",24.2,-33.9,64,0.9375,34,469.429861708534,620.515270067298,103.536585577732,296.386384280208,55093121.1935532,14.5209186453568,24.667880997695,90.0652703536184,45.5702481647581,88.5897587425785,57.6901876083831,10.2399409735145,0.699966492318673,4120433.9762981,0.49885602208108,2.45556816129199,3.11237310181684,4.1619632872914
"109",24.7,-33.9,371,0.956873315363881,193.5,266.517066820509,524.280824983385,96.8035296323135,297.500944989107,55058591.2717865,14.6978747820613,29.1344984197617,80.9532361271405,53.345739865303,70.6710183098236,20.0562406265588,4.15254442559323,0.546676169619082,3931846.79556991,0.478896301679931,1.66734090440803,2.67718185246211,2.4649293396208
"110",25.2,-33.9,1568,0.775050875754464,643.75,253.072355378365,494.766492442081,82.4583785779643,296.766873129993,61348435.1989741,14.4299299842433,23.4023565572094,79.9293677681371,41.7139984823086,74.7975403847111,24.579911217003,4.81544785658986,0.6922895326855,5240452.50264487,0.603086704249769,2.92353230527042,2.81840111948394,5.11034483124958
"114",18.2,-34.4,2092,0.924474187380497,1125,107.211191533489,462.599754757351,39.4804101969875,293.588341503268,48403500.4765795,23.5797421382024,7.20771585460494,117.329754169171,14.5767443382776,51.5551422375923,89.6420253899229,9.20877467489946,0.916582974727963,2588259.91252973,3.26140165852976,4.73452402728173,9.76989834497845,9.59849612374322
"115",18.7,-34.4,2129,0.944107784157989,802.333333333333,238.341202835684,534.38485579628,47.4834224318599,292.752079157589,48883174.5869644,24.6680263900757,6.76535930694081,123.017838134766,12.7121717421431,117.499363191375,92.1012510265483,7.8027460614261,0.726522477262515,3633149.76227749,5.82848211724418,3.70765365408553,17.835037622361,7.09716992487739
"116",19.2,-34.4,2898,0.646709295498177,1452,201.166283098305,563.517731823272,64.9901877965907,295.595462291462,50469171.0239651,17.3623280715942,18.5890855035448,87.7804554239909,37.2783235987703,78.5359097876238,44.8752707903629,5.10148009852763,0.792530818187234,3643390.06714499,1.99002741509392,3.43217476082601,7.10445396540405,6.42321664249922
"117",19.7,-34.4,2122,0.795657794301564,841,222.157841710974,493.530247921414,62.0548848261525,297.368273856209,48267072.167756,14.8682812976837,28.6469654846191,75.513268737793,57.0183854675293,56.1648234558623,19.3793107882841,1.1786242186349,0.671619160009671,2665065.88900984,0.933589453167385,0.864029181798299,4.68811180962457,1.17233803272247
"118",20.2,-34.4,975,0.981307963440753,332,121.17853238405,413.449355531087,70.5265413680234,298.634352897163,43738398.0190014,15.1199842764407,27.261614792347,71.6885286058698,56.9560147666931,26.9838779890587,15.5283926085192,3.68797478160348,0.487262774850549,2361944.12297016,0.981148064696446,1.58559892591503,6.13919444731381,2.74418687441992
"119",20.7,-34.4,1555,0.858660203581004,559.5,108.668549552677,450.926316526927,89.4285808029848,297.81670486764,46870459.4935386,15.6874082668408,20.2289569520175,78.8748304006216,42.1120445858188,33.543696907147,35.7435448686843,7.75996160264635,0.618689436932388,3294449.44098679,1.14743755998043,2.90671247432225,6.95198137401154,5.91657685649946
"120",21.2,-34.4,1772,0.893680489239507,632.75,122.5693518243,451.544749744355,94.568117593278,298.449316597346,48345643.7000726,16.5529980735173,19.8051750248311,79.841305445111,39.4340239222455,26.5257516590855,20.2405111473374,4.5733629179622,0.627107830365589,2559557.51986999,0.788953637992684,3.29401226563079,5.08943342428479,6.35801536414401
"121",21.7,-34.4,869,0.963105101825469,250.75,118.748658244424,443.514829905724,92.9949829411129,297.477954632834,52285379.197656,16.6130141888635,18.9849853759109,84.7769154694121,36.7908213637332,31.520651858735,25.6449453891088,5.5571412434893,0.659837508145357,2890912.91818178,0.893077993380116,3.85961102615643,4.21236425019542,7.15246950906304
"122",22.2,-34.4,687,0.981077147016012,350,94.4832730796078,345.704936557346,67.2454800794856,296.51986546841,45978722.7668848,15.1380823135376,6.72396156976098,80.8238868713379,13.1823086722901,39.1464296993544,55.6511144908399,14.3166622447441,0.662385070200924,4739972.47029791,0.523488695962088,4.95023891195482,1.74725087483724,9.5661463093211
"126",24.7,-34.4,371,0.956873315363881,193.5,47.4068476182322,517.541078877245,94.4713762526591,294.864566365008,59167879.9019608,15.3545754551888,4.9786226890449,82.6134724617004,10.0270278272884,25.1062945811169,56.4811884737099,12.6509357751522,0.65284322720067,5021683.0035883,1.22359322756529,4.84157419321634,2.53191950056288,9.43976913816391
"128",19.7,-34.9,1336,0.922530663053858,463.75,42.4310150586621,496.262774709671,66.561388873788,295.411883753501,52564983.9743591,18.8883214879919,12.1191700639292,83.4858576456706,26.5370814910247,27.4428275078752,27.2044369287592,4.54600745735262,0.588617701401546,2645187.8562915,1.71710972902286,4.62335826117142,3.86343094535886,9.70882955654675
"129",20.2,-34.9,975,0.981307963440753,332,12.9597992065285,420.676073307461,60.7125860818961,295.670119008715,46714953.8470359,21.2226999070909,8.43829654106362,96.3064295450846,20.0212467145739,6.99040250765622,43.2706121976119,8.2954178852279,0.609825700496249,3943582.70841618,1.62667279802723,4.27973239944653,9.51607480578953,9.66679784425854
