"","HDS_richness","mean_QDS_turnover","mean_QDS_richness","Elevation","MAP","PDQ","Surface.T","NDVI","CEC","Clay","Soil.C","pH","rough_Elevation","rough_MAP","rough_PDQ","rough_Surface.T","rough_NDVI","rough_CEC","rough_Clay","rough_Soil.C","rough_pH"
"1",142,0.943661971830986,75,33.9833366638766,180.114061016507,16.0451131615347,301.958951416122,27469866.52282,14.128385591507,7.24446217610591,66.3962926864624,19.2029376743782,16.6642896619496,5.07554091224518,4.02003752571986,0.643231626184421,3286023.33717164,2.23577882341034,5.0245569669981,10.5320029999557,13.466085097594
"29",244,0.700250597871405,127.333333333333,19.7283311752998,203.994437853495,12.8710543083184,301.198266122004,24639729.0985839,15.000997543335,7.21361588117751,70.0396895059725,20.1112440797416,7.37364689551345,5.3388260755677,4.13297423823244,0.885952836523468,3821831.22460401,2.55897671593006,3.87812310910668,13.6264074577733,11.2425908542478
"30",130,0.909166166998704,52,20.3424676930946,225.8286137522,20.9239317326885,303.057075540473,21591968.4510277,17.232309613909,6.68067033721568,62.8683728587871,22.608635616527,7.12085346580318,7.805439651795,5.0348323339896,0.964630480107513,2795530.98746541,5.91993176287959,3.00476519902556,15.9416270646842,11.1482299401928
"31",130,0.909166166998704,52,32.3881911503153,217.904326905145,12.2031415217453,305.808895969499,22482441.3126362,9.49899935722351,12.210505926609,46.8858053207397,48.0784120082855,8.89649849448783,5.19125617977593,2.32934182912315,0.668316796240097,4047642.83266547,2.29061232671851,3.50213459651148,9.02763706207275,14.5361116430305
"58",304,0.936480939279533,97.75,37.4698641287323,245.910641981697,12.5798130261725,303.280209125939,27939989.1302306,14.2014628841031,11.8512850284674,65.9117248904321,35.4669255797114,14.8721412103186,10.2010749147154,2.62721508167878,0.981996413887081,3236187.14141013,4.37840287074088,3.62731917786977,19.7862101052641,10.662614928456
"59",304,0.936480939279533,97.75,85.4391640126297,249.188385138351,11.4515299615511,306.589028236763,31128327.5195222,8.02146468537577,18.0602994447344,35.1733112120896,63.3110173686167,8.61803211194619,5.04933706341059,0.507673045407611,0.37876665054633,1435438.91601758,0.835671568142234,1.09420483674471,2.89006852125641,0.79037456165475
"60",84,0.908681765389083,35.3333333333333,157.271151894749,259.146141221788,14.7837110312449,306.740885893246,29149239.9237472,8.58490664958954,19.1645016670227,35.6182233810425,62.5239358901978,8.01031818546699,3.72678145521322,0.370924362644711,0.336145791186841,762537.94453736,0.36809907706957,0.725051394152263,2.99506031993836,0.527044378386604
"86",158,0.949367088607595,83,70.8812601012872,214.333787161206,16.1727847723568,301.086358543417,28759467.1387073,12.4175067901611,3.59158701850818,60.2869239807129,10.4532687698419,33.7775072533921,37.7438930174241,3.84042970337452,1.05466448848055,3235119.0578855,1.56553309137859,3.697887375828,12.9484021768116,10.5644512196245
"87",403,0.851078501709293,144.25,132.038402715698,288.067180211944,14.9414408740705,304.428800608206,33936637.3375193,10.8402190418034,19.6570233336339,38.8791335179256,55.2860129303299,18.1845187278363,11.7940125940011,1.11184349734614,0.611308210998189,2696728.22665183,1.29335645674495,2.53967220446479,6.23637486159562,4.62037615158543
"88",410,0.915088906270433,143.25,197.11905398074,284.066918262729,16.6583491230106,305.163687704248,29172060.4121278,6.91058292984962,21.5079291264216,24.8517910341422,64.2380235592524,7.57523232029053,3.59827457010256,0.354804246760199,0.226823476931273,1556987.99482493,0.558206106931287,0.980528902786749,2.48838814457573,0.574303854662905
"115",1062,0.656652416257108,533.25,124.024789832075,320.950595891034,15.3534078704691,303.074021822803,34081662.5004065,13.2957059491065,17.6554250466824,55.7532415697652,44.8649020202955,26.7428180005782,22.3155145668502,2.01898162743013,0.722016652704277,3951598.12152472,2.34151201925092,3.43481928306061,9.80744903428214,6.72328768706385
"116",1062,0.656652416257108,533.25,227.405361150493,308.016973491245,17.6064808526608,305.112512527233,28652882.3801743,8.17881258010864,21.8238627624512,34.8017112922668,65.1280199432373,10.1213205456577,4.85747359240497,0.475661095158434,0.347283829581222,1716319.22052765,0.676137848960029,1.04099150975545,3.05247729195489,0.631205126444499
"117",69,0.991803278688525,18,251.082552068318,263.938397712708,20.3804998498564,305.120833442266,26860444.4444445,7.10163502216339,22.205362663269,25.6420210266113,64.8958963775635,6.36630422951378,3.73676364192256,0.344798661522719,0.367948656499613,1608623.14512206,0.472061512735155,0.621375906202528,2.83752491845025,0.678283653259277
"118",336,0.91620773712412,103.75,289.55025349497,233.817693977356,20.9206531440218,306.759181917211,21881208.7962962,7.51986573219299,23.0380820846558,27.0820347213745,66.8881583404541,9.75492829183984,3.02339468791161,0.414723216520599,0.249364022028556,1113561.68149346,0.669533339010345,0.566790940761566,3.08313465356827,0.641954758961995
"119",183,0.947581933325817,69.6666666666667,328.67643646613,224.576104643749,22.7463633370155,306.571099357872,20533633.1126018,6.96581626565833,22.1978135108948,21.664651707599,68.0728625247353,11.2596663554269,1.932238027623,0.461736608690947,0.19829007186857,831465.334044103,0.529878689008847,0.602992891139952,3.2205703042653,0.560860447895557
"143",585,0.814184174793215,270.666666666667,84.023834633669,319.527672839421,16.8420524640184,301.644568561431,32099753.2485216,12.6550295012338,10.5183170082502,63.4858290808541,27.7285136308001,29.1361246969593,37.7137257333732,1.04471956225822,1.2348815643728,4540795.91130435,2.12003268657628,3.60981034677528,8.30621324212643,8.67251349275213
"144",923,0.785236593635476,376,209.426371353696,364.993004654393,19.1437361926418,305.04777587146,34773812.4957887,9.44890660950632,20.3613962042332,49.3107700925885,60.3520955991745,20.0122618898363,9.73320622641062,0.601275162148473,0.38284068705259,1149688.48676031,0.687893672977213,1.15908783701426,2.78776861211897,2.16081039030134
"145",923,0.785236593635476,376,260.330372190136,300.645844298469,24.0541168135145,305.538663126362,28058989.0795207,8.98270784854889,21.4788479614258,40.8882915306091,65.3971468734741,8.69906690694732,5.01373835057388,0.503639790102924,0.41234296780437,1422803.54030487,0.388866430388557,0.560741672515869,3.95567728890313,0.470068380567763
"146",397,0.901608915948235,135.25,281.873747790184,273.725643641154,25.1087920874357,306.254027015251,24906429.6296296,8.33065636157989,23.0906681251526,39.6986358642578,65.9501879501343,11.4446747666769,3.17117972056071,0.549441755016645,0.381504484386335,1583309.71617032,0.70242550055186,0.795226476457384,4.3756179661221,0.769139679802789
"147",397,0.901608915948235,135.25,335.45952197378,256.811434817844,24.6332732158899,305.494810784314,24026602.0152504,7.73251513004303,22.7705099487305,29.0193227577209,66.1622064208984,10.9789656040617,3.49895152480514,0.386069084825339,0.297341019123696,1296684.50435721,0.718689586321513,0.543665256500244,4.60553226470947,0.508477961222331
"148",335,0.805459308781798,124,351.085454391774,246.65836619907,26.8338241504961,306.267530337691,21538422.9847495,8.14158648490906,22.8988961219788,30.5994573020935,67.2872068023682,11.5217768459846,2.20633346604712,0.540865914564074,0.250217598644382,1078313.73154186,1.00635055383046,0.823988821241591,5.11285375489129,0.702075856526693
"149",71,0.896281203696818,20.75,386.489892900459,234.815321050804,24.9449444607812,305.645909641634,21472421.8020542,7.44233167414763,21.9461053926118,25.0932641807868,68.2100626887107,13.4373792375797,2.01180651158806,0.441766674090859,0.215441930255352,711708.440033765,0.523024915803162,0.658282372902851,4.2476050491506,0.575442134287507
"172",1297,0.743298923219602,565,90.1177418146652,372.923715305042,20.4635755310727,303.196373444846,37905882.4342342,9.95379837354024,16.1752573330474,59.9564395095363,42.905833967926,24.1049866259412,33.8861846028341,1.58816957698377,0.646490567789428,1862958.4009159,1.63996879750573,2.80549805056476,6.83619373841261,6.43998762195528
"173",874,0.751769462721371,368.75,229.002209088311,360.311612959968,26.7809521784475,305.383990577342,34005751.6339869,9.35513992786407,21.138659992218,46.268978843689,63.2754672622681,17.9867756603243,8.39571226284828,0.623018555158689,0.269771387073339,1314926.26482674,0.442658883200751,0.585032679239909,2.20243581136068,0.450559014214409
"174",841,0.790236815649632,338,293.383757597336,312.72958059099,29.060559726728,306.053188507625,26430807.9793027,8.99373492717743,22.7182085800171,52.812340888977,66.0615467453003,12.4801758443627,4.60469014721152,0.449218470820555,0.271526282982317,1475822.10421187,0.615643312136332,0.574542028639052,3.80363400353326,0.677046758863661
"175",374,0.857597786426933,134.75,326.902537803786,286.181126391093,27.6655197528336,305.201300163399,25541845.1252723,9.23015287399292,23.9110608673096,45.6149997329712,65.5187244796753,12.1195428113982,2.7024116092258,0.459695758429575,0.431819377874604,1857718.96937773,0.617724429766337,0.632614351908366,3.48408107121786,0.755225986904568
"176",243,0.932873462649137,74.75,332.705302725345,271.9108945126,28.651171844999,304.944895152506,25134860.2941176,9.10905586242676,23.1967258644104,37.6444528388977,65.4380183792114,13.5984359598247,2.86820372734541,0.604516631909359,0.305975617283944,1281927.40861765,0.817037126753066,0.611268236372206,4.36825383080377,0.673157878451877
"177",480,0.90348751243253,153.5,343.407331528454,252.917213452657,28.5778629136085,305.226600653595,21829721.6230937,7.57195216178894,22.9367834091187,29.4310431098938,66.7748677444458,11.9068075570328,2.09827141885404,0.650349539409817,0.221384185881143,1063860.02972932,0.579369936916563,0.594297956625621,3.74155354102453,0.578619971805149
"178",480,0.90348751243253,153.5,332.593882578418,251.294631245931,26.7327538053195,305.340821568627,21330495.6427016,6.62881162643433,23.2011430358887,28.7343599700928,67.2844879150391,12.0369070464357,1.64533726492046,0.517755900589457,0.219202358301323,744254.781184037,0.438242188325004,0.46185915065947,3.39270628356934,0.529779460604229
"200",518,0.793436293436293,312.5,19.8416343242254,346.444885526385,22.1153789680437,300.394285433309,45215031.5450255,13.3052083969116,5.26497016935831,77.0380367279053,13.2265508190862,11.3367174927618,74.1693625585292,0.967198267590267,1.18100352343439,2198774.23112374,2.93189294796141,4.20664649330909,13.1301157778785,10.8437676446089
"201",948,0.779616264715912,384.75,131.561851195627,417.975176213583,23.6575825083972,303.853715250545,37954522.5220672,10.4899584644973,19.8730608175322,51.1747357146909,58.8698902248591,24.9625186252008,17.5343903696222,0.703951521427607,0.57461737348489,1949844.69737661,0.956459361283237,1.84979203639249,3.96038382349631,3.07128346112498
"202",948,0.779616264715912,384.75,265.727174725292,352.637686860826,29.2478513512597,304.643287962963,32358448.8562091,8.89338519096374,23.3716967010498,47.3163019561768,64.0283115768433,19.0884690180088,6.83981848493034,0.51540436329307,0.302561437908478,1550866.50024193,0.502283393541972,0.975741149054633,1.61396780225966,0.664130206637912
"203",638,0.797609842660857,263.25,290.991716214235,294.350891418457,29.4080105185813,305.37850087146,25712680.0653594,8.46828774929047,24.6950298690796,51.3514026832581,65.8274353408814,12.5166488885822,2.91710512608658,0.43106916022253,0.361267120551908,1918969.59573925,0.704042077594334,0.631608702341715,3.81544288847182,0.946033359103732
"204",520,0.831362564991739,195.75,310.902885861813,281.22367348565,31.6025226620833,304.366334204793,26994080.3376907,9.36425532341003,23.9610576629639,46.5964197158813,62.8111548233032,11.4544496776967,2.09593019179356,0.73404919769293,0.426702723311504,2193755.50714077,0.812564890119765,0.880668074289958,4.92412604861789,1.92060507456462
"205",520,0.831362564991739,195.75,325.945928060587,272.249509565565,34.0143396241797,304.722187091503,24383324.8638346,10.6527447557449,23.4132974243164,41.6813780021667,62.7818050765991,14.7331890221455,2.34772515614828,0.752927178203323,0.387912696683619,2184569.56850619,1.15708529896206,0.831141543918185,5.87341506534153,1.94791937086317
"206",341,0.933099200258704,109.5,345.857073697218,264.923455118557,31.6589615759642,304.566202578858,24249272.3725963,8.02398207394973,21.6026287338008,37.0560809840327,62.2008677150892,13.0968230910284,1.95965678850006,0.637579602365485,0.35037862020476,1938296.88063819,1.09910484921776,1.34048839704673,8.13865677033563,3.5207859096073
"207",29,0.96551724137931,15,360.732784161156,275.949698630059,34.9939698486977,303.820664162846,25485863.8588105,8.40640895758102,22.8982353210449,38.0137978738813,64.1386259847612,12.3373706029686,3.06414961579531,0.473395099062564,0.298583982127957,1089624.24181475,0.619369295981506,0.406894935304253,2.49636397864462,0.634044466784599
"208",5,1,2.5,437.469686963295,278.360272948806,37.6576658169608,302.760140581758,28131096.9057292,10.7203068990965,22.8275880040349,41.187530723778,63.4230483802589,15.0464911447723,3.20265213439824,0.462277441633442,0.311830742215123,1419762.11767015,0.700549854389949,0.311448334307693,3.5187832069622,0.831078067065206
"229",1238,0.650984824258276,616.5,81.6980276561062,443.45395465427,26.4847617807045,301.979582570806,39380177.4388764,10.8770722299814,19.7517015519738,57.8909081617991,52.492132397294,18.4849860173393,26.7042662161368,0.517056058263795,0.626844520091973,2991898.78358723,1.09712120097071,2.72088882490076,5.86925659012542,4.88991129721263
"230",989,0.777953909274222,409.5,264.30713808484,391.255855734083,30.3213480629148,303.286629793028,31640055.6644877,9.08343962192535,20.3146540498734,40.4182914352417,60.6341078281403,11.6515193454213,9.58465201954783,0.476091042087998,0.604602578068215,2616244.45654772,0.626587219238281,1.88918123245239,2.5767697652181,3.13809947119819
"231",840,0.82299255655626,312.25,295.307086583404,318.143279156155,30.7979956177387,303.912194662309,29688378.2407406,8.10511133670807,23.9201823806763,41.46427110672,65.243561706543,11.170283495785,5.16805673716981,0.618704914348421,0.243068252239164,1462837.89336704,0.528116620381673,0.649895623524984,1.23029884974162,0.64891173892551
"232",712,0.780705230920402,291.5,312.918090865513,285.133386065165,32.9518598276377,303.643561655773,26006501.9335513,8.01322734832764,23.4285641765594,44.3734579849243,63.3284605026245,11.4657274929031,3.21544682820638,0.555693138933476,0.515884707092665,2156306.83248578,0.877436777220832,1.38117323345608,3.27342780219184,3.0850826772054
"233",609,0.836553321642181,232.75,339.487744981466,274.402090148926,34.1557640882995,303.325863779956,28699003.3769063,10.1112435102463,25.073904838562,50.955335521698,63.5503733062744,13.0548349055577,2.14523082497679,0.604542520450957,0.426501519002671,2044508.56632754,0.9775631819831,0.622683351304796,8.88040774451362,1.02442271762424
"234",609,0.836553321642181,232.75,327.291372513366,272.862241610132,34.5790065003833,303.892590061838,23367457.1147204,10.9511493528732,19.7312328598716,52.9562346333205,54.3131628325491,10.8489158833116,2.33486292706379,0.520804224226062,0.524234923892203,3639810.21117569,2.83626486210749,2.81484027369121,16.0710615529948,7.66134740145367
"235",67,0.984153195837978,17.75,346.066228503471,295.817826991343,39.0707134701699,303.28540111966,27444488.8792366,9.08326418188554,23.2066443962387,43.1479236989082,63.7349916289124,12.8093481481816,3.16922473333899,0.679432583191883,0.397476957129163,2421530.23268407,0.878996822068508,0.718674882923668,5.44270100203628,1.18950048741361
"236",14,0.928571428571429,7.5,439.533701487477,295.68797511348,40.9068090657393,302.417866557734,30212477.0787945,11.1768947124481,23.4721476554871,47.8829619089762,62.8939297993978,15.9182201779816,2.24686995826981,0.538872684824912,0.303095666548484,1453239.57733541,0.750121833016633,0.36724576744453,2.97171460863144,0.71145017058761
"257",1434,0.5767569033025,796,101.822790636418,482.318291093286,26.7489567719788,300.950094305191,43693829.4586468,11.2852884818768,18.5028934733769,64.805905440758,46.8574628141738,23.7016505039514,29.5304928263727,1.02834897428919,0.782588030187836,3220009.30741051,1.17763588978761,2.50521868684338,5.71569677797292,4.83233668995243
"258",1434,0.5767569033025,796,264.492362889256,475.321873677572,31.3853579927457,302.665572276689,37420742.5108931,9.62829361438751,20.7024204540253,41.0814945411682,61.6772629165649,17.509632133294,10.5624402105072,0.503008693219385,0.451360584604176,1807838.97663978,0.562057530085246,1.40939603699578,2.27494558546278,0.564564954969618
"259",901,0.79841105329276,361.75,279.911516604722,354.282319700453,35.4749426938159,303.00656546841,31742634.17756,9.23841732978821,21.567373714447,38.9836049842834,63.0053484725952,11.5687908441889,6.40064806667375,0.561884104064357,0.301264518276441,1727479.16061461,0.415319131215413,0.667827616797553,1.81431602478027,0.597088894314236
"260",851,0.719973414880631,381,314.19329602988,312.594051089817,37.9584752365884,303.252991775599,27613117.8376906,9.2089068365097,23.8720148086548,41.6724277496338,64.8929839706421,9.90070222062146,4.21962041124885,0.715287205306816,0.25833017429192,1179031.4118856,0.528510830137465,0.557298039330376,1.78944623311361,0.527671182420519
"261",851,0.719973414880631,381,326.87265020476,288.022269172668,35.2386684150166,303.431188562091,24965962.6906318,8.80243420600891,24.1833832359314,43.1966492462158,65.1311135101318,12.7931019646069,3.61189062189173,0.618588066535232,0.248768518518513,1416382.44069213,0.947601793607076,0.615977312723796,5.19576252831353,1.10086199866401
"262",467,0.798372149009157,185.75,347.807591225281,289.349147054884,35.9835727312167,303.453310185185,25135084.2864925,9.26250308513641,25.0003525733948,44.5695228767395,65.6909506225586,12.7840330566517,2.34236157358429,0.551061473047292,0.463238513677034,2342571.17828595,1.33691241688199,0.678219465679592,6.10579333411322,1.28948263804118
"263",160,0.975889850889851,57,436.184529149888,307.396750790334,41.0080113841428,302.50029461931,28293322.8700836,9.1989407225659,24.1493305909006,39.8555940326891,64.0508175398174,15.6016669067624,1.9470424971673,0.582388057275966,0.414169570565409,1900520.6793364,0.805609333398149,0.320095191832473,2.51649212012614,0.633666642526835
"264",160,0.975889850889851,57,449.917069132501,301.804145962584,42.5514071649975,301.648916442394,31993961.2969366,12.4530036028694,24.6498159520766,42.0190176122329,62.5319352991441,14.6826348310377,1.46246974086079,0.571203942454842,0.402490803165828,2095939.01479409,0.782507754707871,0.337549410124564,2.98859998469704,0.680274928027954
"285",745,0.914907645698464,248.5,50.2984349277416,497.767960498025,26.8093869532281,299.279609560918,44826933.6282731,14.1531956690662,16.675909834344,71.4650470085864,37.9652744190239,16.1521465285955,42.7946319295109,0.814598682279826,0.700651357898281,3753190.36115871,2.2074357109107,3.57380334989562,7.58784656653186,7.28108647981567
"286",1081,0.705569709868157,491.25,175.118828480232,546.27003217909,30.6553759565368,302.22549956427,42089909.6677559,10.2437282562256,20.907144536972,47.9467832565308,59.8852832794189,20.2967619729655,12.266671731266,0.728518313451691,0.48325745582182,2171834.77063638,0.91581738366021,1.51728320333693,3.24467809677124,0.783373692830404
"287",994,0.805742893921261,392.75,251.677403900587,413.76388838874,36.8110593418388,302.56274537037,39034962.2276688,9.33919848918915,21.3680386161804,40.5536134338379,60.5979881668091,13.6791398819708,9.19138288898232,0.660060111795381,0.278151065117408,1464760.9356087,0.536952680481805,0.883813031514486,2.19325963338216,0.489108776516384
"288",1207,0.753049078096079,509.5,290.042538956575,351.22535208808,40.6718461352336,302.321794662309,31554907.8431372,9.95509896278381,21.6733438968658,39.3691254806519,63.1907141876221,10.9055410320755,5.56269161224365,0.644116457874353,0.298163556039695,1684854.50859342,0.570614274342855,1.34618083106147,2.49872237311469,1.45792216830783
"289",862,0.786082126509059,345.75,340.029211826058,317.119155964322,40.3824563580931,302.315403159041,28436464.2701526,9.05594068050384,22.2664270210266,37.2311074829102,65.4954655075073,13.6708330959072,7.39762247956829,1.00848698304103,0.203846568627456,1416876.77620421,0.581777735286289,0.758955345153808,2.15315447489421,0.539958449469672
"290",582,0.805852410554696,225,346.606492028346,295.11789165073,39.359986621009,302.482937908497,25108830.3376907,8.79746033668518,24.6075404930115,41.0092499923706,65.9789727401733,14.0814498920481,2.14902037020083,0.557122441346262,0.244426385862967,1190093.50944068,0.780522178543938,0.75776727464464,2.58466948191325,0.692500156826443
"291",502,0.787286365847536,202.5,366.881781666781,299.021758978102,41.8345987006691,302.915885021787,25765448.4477124,8.79642360210419,25.1435452270508,38.2479341506958,65.1895542907715,19.3294425104253,1.86004984679045,0.495292137655211,0.333565002420724,1131346.42338407,0.492644385231866,0.544461599985759,1.6179660542806,0.622623320685493
"292",541,0.850437002038561,232,390.518169402563,298.427993670915,43.9265633710595,302.148574251406,28729495.5223691,10.4556180266447,24.8534839097844,39.5315646238105,63.2472925407942,19.1113739752098,1.75329078080191,0.585744122882508,0.626226502340074,2349976.83081606,0.964985833142946,0.673407861789508,2.69098932459681,1.31232131128603
"313",289,0.771626297577855,177.5,21.9016157436546,399.746976640489,26.5043116981113,297.872804647785,45657853.5766158,16.0952570778983,4.46461255755275,82.4134717668806,9.98910570051521,20.8543544201773,117.447862721947,1.71731429018447,0.852791140736067,4440058.50616994,2.23386203242538,4.45502615300606,7.99219926414576,10.3280194756394
"314",1306,0.679436480887478,617,73.8252858491396,616.880720337232,31.1859688752753,300.210862428305,45917746.2820877,10.9206414373297,21.903993692097,55.4603348179867,53.0859890566493,14.3518139035464,24.7478635742393,0.741300519668674,0.671700693901885,2589444.06758075,1.02504554343403,1.92114128550617,3.91196361799885,3.74591042801405
"315",1276,0.70232519218658,584,241.446624921795,543.334633950128,37.8959032313978,300.637594880174,45873976.9335511,9.37262275695801,24.2452121353149,49.5435333251953,58.5641591644287,21.4808994301965,13.694801874043,0.634864376410867,0.481881275720165,2424460.7480026,0.581636338233948,0.608360110388862,2.61587564256456,0.495238121880425
"316",1053,0.753150266503111,433.75,255.437458119074,394.956894137065,40.2561822629333,301.899411982571,36601470.4248365,9.02872069358826,21.4272427940369,34.2360264205933,61.1381776428223,15.0701142999657,9.57108623174974,0.593394308380576,0.264637732994413,1265149.27680935,0.458297007878621,0.878859072791206,1.87024256812202,0.656683158874511
"317",847,0.78757679563479,343.75,289.331478054908,325.940296677483,41.1157606436505,301.936120915033,31069550.953159,10.0567410945892,21.5549623680115,33.2642137908936,64.255782699585,13.8150165718176,3.91127170091794,0.54394707238173,0.290517084241104,1501077.65371568,0.439684221479628,0.707868745591905,1.72354953342014,0.638962983025445
"318",692,0.746495865274411,296,314.576068930221,313.411367123922,43.0269063667582,302.092767211329,29037600.2723312,9.30652935028076,23.3738990211487,32.7555773162842,65.2036687088013,13.7170729773418,2.69738229869324,0.840148377478381,0.204563967562318,1254979.43294589,0.451078411208259,0.833637063768175,1.75619980494181,0.394233025444878
"319",910,0.754980743809964,377.75,315.845347935673,299.939275690715,42.4998018616527,302.10144869281,26737999.291939,9.45700207710266,25.1768408966064,35.2396063804626,64.4490235519409,16.602948804741,2.45544226093057,0.514496182151186,0.358454381505692,1734622.81227288,0.56455901728736,0.86351936340332,3.0749335331387,0.847419128417969
"320",676,0.766381723232754,286.5,354.090262996884,309.240777770148,45.8801093894906,302.093419008715,26911662.3638344,10.4178185653687,26.0697932624817,34.7382552146912,64.8835770797729,15.7039088351531,3.23554736102069,0.747999222227085,0.371849497700299,1310995.29774855,0.439152218500773,0.581362347073025,1.86594186147054,0.683210368686252
"321",676,0.766381723232754,286.5,390.653648226829,315.892961535538,50.62880423069,302.296239708749,26410361.2831097,11.5528590352912,26.3013827876041,35.5557317031057,64.8377300061678,15.2201017050697,2.67625720836675,0.699693803480439,0.418445010197063,1531229.73807285,0.777814760427228,0.723691434437968,2.13814071671208,0.783916773497311
"322",377,0.932387286815804,121,413.938793262354,330.241914678503,55.1623794635137,301.762440994916,33464622.5944081,15.8153363863627,27.4538594881694,42.2654196421305,61.6382884979248,14.6168816351773,2.36748097175574,0.66205391043174,0.81890193484803,3749065.54211197,1.56233185072425,0.977270866764916,4.082916071806,1.10499725518403
"342",2622,0.773198640334049,1042.25,40.4758123600038,620.16192896882,30.8445838034784,298.020519970951,42567234.1714468,12.1185288062462,16.0952857213405,63.1822341772226,36.1267706171299,9.20008653744455,61.46174664409,1.3806096560859,0.637425052052696,4102223.71173941,1.04843278316933,3.62666914857899,4.21119637343764,7.72943518311677
"343",1900,0.663206513946546,902.5,189.516344665067,705.160411758423,36.590766523441,298.628841557734,51319156.9716773,9.83973801136017,25.3224888420105,63.9021974182129,56.3105015945435,30.7225329947406,27.2743027128997,2.09030342169471,0.702576198257078,3059205.54042574,0.717128797637091,0.663399181365967,4.97527355617947,0.791135508219401
"344",1900,0.663206513946546,902.5,251.504563346832,447.420003170437,38.2946816224647,300.942562091503,42817799.3736382,8.91890709400177,23.2438569259644,41.3669732093811,59.2255032730103,20.7219712126159,17.1259877000032,0.690338940392902,0.347167296054205,1355654.9745823,0.630778934160868,0.783505636850993,3.09797378540039,0.456567077636719
"345",1090,0.765553320126933,469.25,262.52396333832,349.671538056267,40.3932516626678,301.692110021786,34371045.506536,9.88045636177063,21.4637166595459,30.3823977851868,62.5583292388916,16.5998067252208,5.23563800670482,0.507929434269558,0.246912000726206,1168438.74061956,0.325949291653103,0.675067880418565,1.15537666532728,0.477622032165527
"346",1090,0.765553320126933,469.25,275.898151434156,310.945878545973,39.9053390217472,301.522956862745,30436836.5468409,9.85729150772095,22.1123991966248,31.3289359664917,64.3847478485107,16.8383878083099,2.55696092723328,0.645133459472362,0.227696193415617,1603562.37593785,0.364885198805067,0.858029539320204,1.52393631829156,0.708534787495931
"347",735,0.761071101904712,311.5,303.382352709347,312.99410021464,42.7209954220289,301.635317102397,29041607.1078431,10.0635762214661,23.853930644989,31.7933969688416,64.6977033615112,15.7545348051287,1.9708645144804,0.733701562182403,0.263107225853303,1373975.26022743,0.429554224014282,0.734507056342231,1.35726184633043,0.665799327426486
"348",664,0.787833547838397,273.5,380.830945321271,327.271745872498,47.3936750015303,301.107573965142,29615030.1470588,10.8255473232269,24.9302543258667,31.784805431366,64.5309340286255,14.5881897588111,1.97583212299111,0.72322214456809,0.265227245219036,1088148.19958828,0.543420713212755,0.553188624911838,1.49447343826294,0.452204534742567
"349",383,0.896284880884612,123.5,415.212921884339,340.909685126411,53.4352810738931,300.496889052288,29866636.9825708,12.440759601593,26.4341756248474,33.2122327232361,63.9601903152466,12.8512511853641,2.14831174261776,0.722860650444055,0.542891696925656,1919329.76579509,0.690135549969144,0.50871821085612,2.1469245507982,0.913702490064833
"350",383,0.896284880884612,123.5,414.942100838047,342.600945844823,54.9972622293202,299.896163550692,35888902.0304502,15.3966564910356,26.6602747052215,39.2792408300001,61.3983034533124,11.5265113736482,2.37863773864462,0.789041057979143,0.470519569541829,3432833.28652422,0.887162726908515,0.622969267059402,3.46997124901466,1.49130148294448
"351",433,0.887827945688079,180.333333333333,413.462359430625,337.079940781283,60.681027265233,299.984149387724,32385473.2927654,13.9572924909921,26.2465408588278,36.4993536061254,64.2921324105098,8.80638076624103,2.30825366740142,0.44562111330748,0.233209592138229,2769983.33480842,0.413758302361311,0.847507221266815,1.9154912823331,1.08408410662696
"370",1996,0.777487021472732,844.25,13.2872402382058,664.01144262077,34.5375009945486,297.346522727273,40999392.8174108,18.4367609620094,13.2510160712525,77.4313969612122,30.6050478574905,5.18256679333349,101.780321464337,1.53002584587317,0.874285115825246,4472601.52017469,5.82007461153957,3.65043455054916,11.2939353966839,7.85494169204019
"371",1733,0.631392014156805,857.25,233.914673346371,875.47631579929,43.8165839929337,296.295274509804,59561216.2581696,8.1136226606369,24.9397223854065,82.4005583953857,54.8576586914063,31.6261817545875,33.7688049193959,1.99508580995274,0.702801652142355,2706066.44577583,0.494149185286628,0.906006842719184,6.08140669928657,0.716752713521322
"372",1733,0.631392014156805,857.25,296.36700497107,553.443331943088,40.6244838435263,299.282956753813,47120557.6525052,9.89084654331207,23.9852834701538,50.9123840713501,57.8536639022827,16.9775049885004,22.1319625006782,0.534298021371737,0.529535288065826,1986052.35717731,0.838193896081713,0.672279652489556,3.27378969828288,0.472009811401367
"373",1208,0.750478332673295,512.25,263.602527682342,368.513073827956,41.6006928188772,300.9686,36000664.2701526,10.3491394615173,23.0182079696655,34.4128984832764,61.0961578369141,16.8288203674091,6.36168866522518,0.523292658606648,0.307060070200926,1519960.64209624,0.348493066363864,0.674038672977023,1.59339383655124,0.606626591152615
"374",841,0.80472274866127,331.5,293.688829288494,324.28120903439,41.0937579378173,300.994970043573,33216070.8061002,10.8384647750854,22.4454611778259,30.0333202552795,63.135870552063,14.5517614605551,2.7865180422936,0.354036743686642,0.196728503994168,1180339.4335511,0.281185865402222,0.695651196373834,1.43886198255751,0.441916054619683
"375",795,0.796072054281817,320.25,294.128951553893,315.60440103319,43.8593590581972,301.008317429194,30194463.3169934,10.9435430145264,23.8078909683228,31.3061025047302,62.8761796569824,13.402769676753,2.10738184752288,0.586673072898909,0.340008242556283,1597804.64173318,0.291565243403117,0.710889322492811,1.29498244391547,1.21762972089979
"376",702,0.851259877902523,256.75,332.037786439313,321.677290912204,47.9748139522813,300.633998583878,30278887.0098039,11.578444070816,25.2564318084717,32.1322462081909,64.2223377990723,14.5278627212615,2.14220028394534,0.711066271320636,0.312786782861284,1395705.25599119,0.440077446831597,0.554977344936795,1.57371093961928,0.579592255486382
"377",698,0.843325220172367,263,371.907628809642,349.662930454678,54.7688441142198,299.952908169935,32125282.7069717,13.2580222797394,26.2035433769226,33.7866423225403,63.0074016571045,14.214649236334,3.00992625719235,0.612560222621039,0.426325732268222,2206944.88017424,0.655941753387451,0.662040127648247,1.41438712649875,1.04600632561578
"378",763,0.768944103860492,320,410.719911271158,358.908713387383,57.9143173513685,298.982113997821,40183536.5740742,17.0771642208099,28.1806497955322,41.2727872467041,59.5968548583984,11.1658445081677,2.47283381709346,0.747039564326082,0.255329435971915,2711738.93730302,0.920903964572482,0.673747715420193,3.53359565946791,1.13734300825331
"379",316,0.91185177044826,101.5,397.127752552017,330.934600406223,60.722668234475,299.203795588235,35438926.9607842,15.9123955726624,27.0000353622437,38.6152495956421,60.7857802963257,12.7592968013079,3.134935073903,0.49041975819506,0.244052245219071,3124200.35619159,0.745539472311262,0.78725409916469,2.5853522119068,1.74669233783843
"380",316,0.91185177044826,101.5,344.123276159532,319.843880361516,61.7688994385672,298.736789836792,35372585.9037573,17.2154696113185,23.7337004009046,51.7954510471277,50.0808302896065,12.2834483962043,3.2517181597671,0.455289703625513,0.433977416193919,6586071.20998935,1.69005939576062,2.2136839141689,4.65359563065319,4.56902969881407
"383",43,0.976744186046512,22,310.978131136806,343.120398744624,69.4257149136217,299.353403675891,43406484.9001065,17.9409130583418,28.6387066536761,45.5738396340228,57.9144556573097,10.5349538541734,3.56012782831882,0.538809410807199,0.41240071202497,3040646.18006992,0.883803632178044,0.573291967447365,3.08674512899876,1.11238791257375
"384",54,0.981458333333333,14.75,313.189033781681,332.806112083307,67.3576781209019,299.364910018802,44448920.0017908,17.5332926005533,28.085096385381,52.8758219366204,58.2085111957707,13.6573340243165,3.22986162410131,0.531855509383198,0.266823581047519,2320874.11363558,0.594172212885214,0.399810025909201,3.33372000024277,0.899535686831341
"385",54,0.981458333333333,14.75,249.470148493715,324.664809277668,66.9820811791463,299.483576063276,39406127.4509808,17.2447467472242,27.8566059444262,45.7187053846276,57.4503981548807,10.8145761779848,3.46679121422883,0.405308569823702,0.385134792832836,3884870.75490381,0.588313962213741,0.650799211294097,2.77236514015803,1.1728422341304
"390",49,0.981481481481482,13,84.8766295041179,255.615832500428,53.8680293177563,301.091733660131,35245259.539843,16.149341042362,23.5533846050081,56.0230767548974,54.4169942803786,6.9435881578223,3.26902944978109,1.1193306109147,0.532076802264115,1941718.61615948,0.873159435077234,2.27612262242893,3.69901201512062,4.9905660970067
"391",198,0.889070747394101,81.6666666666667,72.7979090310182,278.051479205379,56.9304926346163,300.754505765908,36082668.1158573,15.8564601455416,21.0437350117243,54.9862431798662,48.9934333324432,11.0771270749728,5.09893075251145,1.3588437907823,0.750255018115169,3450756.36506516,0.987358006078099,2.61316506812279,6.38007876056663,6.15156692837912
"392",198,0.889070747394101,81.6666666666667,49.0691365245341,282.245200086523,58.4276435445618,302.043385076253,38186735.2033404,17.2309431234996,29.4752451578776,66.0159037907918,63.2692734400431,23.569968471033,4.68876567673221,0.782364173080135,0.736354938992038,3904996.95734743,1.56580629525361,0.659824900841587,7.68686980091075,1.32780007508697
"398",1446,0.688778096834872,698,11.2435629582319,724.300461511764,35.5673385554043,296.827460585586,49320127.6395176,12.3553626984358,14.8786655624674,77.3473705649376,33.2844032419694,5.64653139154233,69.6944854105399,1.4576035063774,0.834426844678434,4031141.57626297,1.22438131915553,3.12297717022903,4.50593189024736,6.3806583649854
"399",970,0.735947662994342,419,263.541180209935,924.137211685181,46.0983565224005,294.754342265795,63038162.3093677,9.08592353343964,26.3517316627502,93.5899237823486,53.561873588562,31.1271581216134,37.6475502117769,1.71842450804101,0.782915280803686,3592932.86734417,0.633698994848463,0.880280204349094,6.96081225501166,0.619538832770454
"400",970,0.735947662994342,419,310.692334723124,546.471942774455,40.5139591729212,298.794490413943,47922619.9346404,10.3022421741486,27.5962106513977,57.4674484634399,56.7907893753052,18.0831576081785,19.297992278676,0.557472475749634,0.611389929799034,2199106.32110835,0.612998669412401,0.844183349609375,3.84735023498535,0.554117105272081
"401",811,0.813629239923271,313.75,340.56334075342,408.053134362963,42.3504235679251,299.872850163399,41594169.3899783,11.5634195709229,26.7322542572021,44.4977406311035,59.6271358108521,13.9597546053514,7.88793370517683,0.521391566135424,0.365685233599622,1537624.46744114,0.434193221198188,0.562498654259576,1.97807086520725,0.34971199883355
"402",860,0.773919310181562,357.25,323.42916154872,343.589401652018,42.6408829053708,300.352952069717,35451343.4912853,12.1891686725616,24.8078848266602,37.3198477935791,62.1566487884521,12.1929653081317,2.82980424810339,0.399983551143049,0.217236861534716,1128644.26591613,0.349596585167779,0.704127570258246,2.34266889148288,0.55378971947564
"403",905,0.816880170176858,352.5,321.175238447701,321.103006621467,44.3223244497475,300.311553812636,32232204.0849674,12.7652841854095,25.3792769050598,34.9877460670471,62.4350537490845,12.9096600698172,2.21764431329421,0.478537647457253,0.28727400750424,1126867.27487276,0.306123888227675,0.711937039693197,1.61805756251017,0.829162991841634
"404",699,0.821728745804638,268.25,316.762029253594,326.916454878913,49.1295253723233,299.681302995643,31451072.2494553,13.4218999671936,25.5828190612793,33.4566739082336,63.1773345184326,14.5662689094879,2.02079070903637,0.698830310417526,0.415414754296766,2066015.55918643,0.518012783262465,0.673676874372694,1.84330194261339,0.840381334092882
"405",746,0.824010679244698,284.5,359.622555934661,337.675432874892,54.7272309967634,299.278031699346,33174625.680828,14.2416640090942,26.8448139381409,36.1605979537964,61.7287173461914,15.6145994724778,2.24952534192874,0.5397902018329,0.437826240619708,2094344.62297253,0.555656323962741,0.753530555301243,1.94878895441691,1.5710671573215
"406",624,0.849363040214489,229,366.943598044129,345.214280115763,58.5666800266021,298.824567538126,35437508.4422661,15.1973719596863,28.1478255081177,39.4941555213928,60.0214301300049,12.0381734373704,2.28898268758515,0.578687869146103,0.466276851851829,2662790.48656474,0.718409612443712,1.07597030427721,2.69163940005832,2.08121671888563
"407",624,0.849363040214489,229,354.856817884726,340.303069055345,61.3714967460603,298.740103485839,37218486.111111,16.8825256824493,28.3006630897522,41.0058586883545,59.4636289978027,13.2358785420659,2.69909602977611,0.530043232553913,0.346839603001679,3471462.0158551,0.952654061847263,0.756468342675103,3.05785983191596,1.80521190643311
"408",473,0.857302310840072,178,310.988811132838,334.901987592909,62.6928293667506,298.550161328976,36588745.4520697,16.8038354301453,26.9588845920563,44.835396232605,56.4923894500732,12.1906279234092,4.01159000396728,0.586362736863536,0.5174427559913,4827247.25853252,1.13927890035841,1.53358716540866,3.06408390045166,3.57822065777249
"409",645,0.826509188017498,243.25,286.255558479185,353.589959547255,65.3374359975813,298.849557352941,40202596.3779956,16.183882522583,28.1013896751404,44.713545589447,58.3145821380615,14.1754756490342,3.19064434616654,0.450157288601289,0.413510889355716,3875100.87145934,0.892206367916531,0.891915175120035,3.20945018768311,2.21403047349718
"410",487,0.911559437432588,159.5,257.636387653132,328.936638053204,65.3044201831936,299.068662825955,33386396.8903712,16.0359721429569,26.2382175652022,41.1186832939227,54.9843414542601,8.56233898770135,3.54844616867048,0.582552032031171,0.462771716437623,4737416.534567,0.923070741979449,1.97958023787091,3.39859797969775,4.37321373776121
"411",487,0.911559437432588,159.5,281.680564562694,368.69302415212,66.2333003670997,298.509242156863,44017203.4313725,16.7800212669373,28.1923258399963,47.8853012466431,59.1052506256104,8.55777454610551,4.68462509602676,0.51273219813396,0.414784212357745,4182678.80507098,0.883335987329483,1.02880865209632,3.57380512714386,1.97424812051985
"412",95,0.993417874396135,24.5,275.623131824543,364.495861125522,66.626897349934,298.616232026144,44616673.8562093,16.9650217533112,28.8172890853882,48.6733012771606,59.3344086837769,8.73684234321305,3.72417206752448,0.434736773015103,0.359000151295096,3157255.01089293,0.617860418955485,0.668915969000922,2.35596200731066,1.27053738488091
"413",144,0.968670245876128,51.3333333333333,208.291150400841,357.004004976371,66.9847447525185,298.475658748565,43794043.4734227,15.9520833723007,28.8688206826487,50.33557416034,57.1355903379379,9.11910992386935,3.88293781385052,0.450400516456537,0.329424621906351,3533354.89034958,0.840487580137421,0.973031806538874,2.69336801923813,2.48511047630225
"415",14,1,7,129.320692927287,290.062727408124,62.1810440867678,299.576558998599,40204784.0924563,16.2288842127873,26.1666078384106,57.9334401057317,60.3673650007982,8.44775163313748,2.9085694651409,1.12401006494877,0.516353556661852,1737761.34123825,0.995181840231713,1.18337135152194,3.22210275521936,2.59333678017113
"416",147,0.890526900415339,59.6666666666667,101.576649736242,274.24924191369,57.5097401579221,299.635213262144,39809370.7000344,16.3899623126518,21.5172925915184,57.5714837051019,49.8621583796781,8.98168848881672,5.05841062996753,1.69082048876155,0.56029755831649,1798895.96895835,1.00395849962083,2.69666421437443,4.43240442469837,5.89156252686976
"417",147,0.890526900415339,59.6666666666667,82.583773062583,256.407940507426,53.6823056382646,298.628343404448,42338552.3571129,16.2796226228986,16.5191309725245,64.7848713933205,37.2740561231971,10.7462099722709,4.79419481951,1.91861448219473,0.552545211212824,1031897.51206494,0.484086431528628,3.72470590054698,4.64216285303336,8.14875978342755
"426",1478,0.745810497411187,666,43.8659278041256,701.926403728532,35.7743870806363,296.29120672546,53534550.0484149,13.139701003459,18.4521852679158,78.2391027194351,35.283261988261,20.2228449128685,59.276510888678,1.29124618591829,0.751049536261303,4276547.4816292,1.93382001075663,3.65319650556939,6.65768240221697,6.06791065438519
"427",1478,0.745810497411187,666,255.224698362671,811.370716306898,40.3415603848048,294.031457625272,64692295.9422656,9.76323198318481,27.5314663124084,98.3302099609375,53.068705368042,22.5079602449289,15.8051540647907,0.599885691209041,0.722313192931488,3773356.17586499,0.620915892918905,1.00460795296563,5.37593668619792,0.874287134806315
"428",803,0.826857791215061,302.75,298.270528720541,559.198533401489,40.2753490669842,297.927473474946,51896948.5838779,10.9257811880112,29.4128503799438,66.2120223236084,56.2176573944092,16.9670428280962,18.0585220120277,0.304695541308569,0.545243790849642,1978209.7494552,0.708760621812608,0.900887917412652,3.94493903266059,0.587776035732693
"429",1085,0.785537016138058,446.5,298.470862161485,418.048366580539,38.4738175591298,299.482707407407,41767355.147059,12.0069589710236,29.1236971282959,50.9641500091553,59.9065893554688,12.7032286069872,7.4300430994858,0.791017725033326,0.248711994674414,1590266.28237705,0.596184562047323,0.459888701968723,2.58345917171902,0.572486610412598
"430",829,0.825391472621265,317.25,309.145457058896,361.784135284424,42.748448410564,299.503592647059,35662667.0751633,12.9086525440216,27.5369107532501,48.9703607940674,60.6461467552185,13.8591333000549,4.5488799869867,0.624364494660874,0.375984761558926,2303188.39264086,0.511387712690565,1.13088213814629,2.83510015699599,1.75008691151937
"431",1036,0.789073172806587,422,324.515314192984,331.866196077135,46.450534579276,299.351748856209,33640031.9716778,13.7851417541504,27.1006863594055,43.5751463699341,60.3800489997864,14.4060737886544,2.2880198589372,0.520328592736204,0.397722300895683,1889308.15177901,0.607244078318278,1.3258060614268,2.66551376766629,2.20955242792765
"432",884,0.760866563649949,384.5,316.015911337712,335.490395079719,52.1487404944643,298.746193681917,32178561.0294118,15.1660607910156,27.721872882843,40.8891033935547,60.3472559738159,12.0095596118845,2.38582187793873,0.658244199502019,0.478286982570771,2431264.56063889,0.69937801361084,1.25155564308166,2.73661328421699,2.32220998340183
"433",847,0.773227452714118,349.75,325.105189376338,360.976361147563,56.4982104008728,298.46515664488,33995327.0152505,16.0044624614716,28.7862192344666,40.9140104675293,61.3213651657104,11.5011088535202,2.89094215864017,0.689717001752691,0.443566999515851,2936456.82643419,1.0106364748213,0.877436947292751,3.04060786353217,1.81058941311306
"434",847,0.773227452714118,349.75,333.701424853096,367.837285563151,63.5668855525817,298.182028050109,36093858.5511983,16.0239490032196,29.0882792663574,43.6824494171143,59.8656332778931,10.3416239018543,3.79711221859779,0.826223928925193,0.443458393851354,2791152.16654538,0.89937185075548,0.964214585622152,2.93096820407443,1.87973613739014
"435",765,0.872973572008108,271.75,329.241385579894,381.239340256585,68.4012193672113,298.322563180828,37757316.3126362,15.8976784038544,29.1660436820984,46.6592111206055,60.4103368377686,16.590030484526,5.48718129334626,0.940526924694145,0.274629557007983,1992070.31287789,0.729125156402588,0.619844387902153,3.11850934770372,1.14657297770182
"436",541,0.853201301553315,194.5,257.712725167173,403.152281850179,69.4198232222176,298.075076089325,41048141.2581699,15.8000632381439,28.7747888183594,51.1829945373535,58.051454334259,14.3897467821625,7.40736666408586,1.0067905952897,0.319210996126844,3560200.90777028,0.936339841418796,1.00363097084893,2.659984503852,2.13988423877292
"437",517,0.867317237931602,180,216.620379709985,399.503289078607,65.179899637828,298.221138834423,39567833.224401,15.1363540744781,28.8020383262634,47.4835367584229,59.4822704315186,9.99905540789949,6.08283359574683,0.672849396023704,0.438394656257525,3708019.17513872,1.07493544260661,0.705224681430393,3.33496674431695,1.11055256313748
"438",740,0.749992677877866,320.25,208.638175871957,385.520104823642,62.332084287695,298.831133932462,35957324.2102397,15.658435459137,28.1025059127808,39.0028276443481,61.0407521057129,7.8266675854879,10.9867647133344,0.582898619186889,0.309919958847755,1584165.82546588,0.39245656437344,0.546983360714383,2.35588367038303,0.902140172322591
"439",743,0.848968422595227,279.5,200.807157451121,433.963157183329,64.4882630632232,297.620971895425,41176143.8180828,15.6411721897125,28.5074138259888,48.6726821899414,58.6980816268921,6.96961442753012,7.37997163372276,0.576559951206347,0.456702511498395,2930642.93754502,0.781522908740573,0.54989151848687,3.70066088994344,1.37461381276449
"440",453,0.859872538396623,156.5,210.457215734483,430.701914914449,67.2949346829284,297.681487145969,44379161.0838781,14.9241837692261,28.8432417106628,53.1414304351807,57.5357849502563,7.94565315046979,6.43724615356069,0.473449688323706,0.391984477124187,2537069.06318063,0.617778908411662,0.480595003763835,2.64569135877821,0.790591464572482
"441",842,0.889048007841593,288.25,165.088111946154,413.788869367572,67.3292792706811,297.802091892312,43773060.8096213,15.4543367347332,28.9516261514991,56.8211028359153,57.7548435866231,7.88858139576925,6.43048081516852,0.445641401940221,0.393758683316617,2860264.49099075,0.709010874210154,0.490655372478038,2.38970311826786,1.03066056069415
"442",842,0.889048007841593,288.25,144.568531864907,352.657556380349,64.8448254179606,297.878826910074,47028702.1072797,15.1864620186817,28.2617862526028,69.1192912397713,57.3106099271226,8.22769634200054,7.0372362271108,0.53209278488322,0.354829912772546,1975634.416057,0.513382101689697,0.615612682280935,4.64639231261275,0.907832397098329
"453",331,0.954682779456193,173,76.8102291148762,768.685026000743,34.8968797741043,294.595007309942,60417697.8213505,12.4304568950947,16.8061303715654,105.859645256629,33.4040830920345,18.3508168559665,82.0416059914162,2.0395727502456,0.745519564968593,4297275.58647712,1.70881334673742,3.45409773101424,7.41665629447841,6.62158288284246
"454",1412,0.659739119261876,686.5,126.141221690385,848.035063942803,39.6652380028573,294.616560675381,65394557.365595,9.2372788263827,26.4569111990929,104.972967576007,51.5610354995728,22.3775611680467,22.5523334976142,1.04341406384444,0.703483275841185,2628107.08206594,0.681319651786741,1.21577362894391,7.85616034645844,1.82895934451785
"455",1412,0.659739119261876,686.5,245.435561302568,746.253068813748,44.6026975236426,294.77245664488,63908105.3376905,10.7523521518707,30.2965721511841,98.7800393676758,53.2254708480835,21.014590889328,16.7850266425992,0.678925460401598,0.799101809489217,2897019.93766629,0.620157213211059,0.69376440472073,4.88625661214193,0.51278012169732
"456",1058,0.782421252016594,429.5,259.231070458825,574.873154364692,44.1514739939723,298.059721895425,51028853.2952069,12.0455321216583,32.6263402175903,76.5527813720703,56.0283904647827,11.4703137539513,11.214908623401,0.526246188926347,0.447724455337668,1702055.08048883,0.565946641498142,0.759633515675863,2.8521214167277,0.547553325229221
"457",920,0.790746906175358,370,297.308758122938,461.19403541565,43.9597540344025,298.951766394335,46304314.7603486,12.6507342910767,33.1773428153992,67.8456748962402,58.6397791671753,10.4993080177391,8.66545694892789,0.631423759126329,0.255375114984269,1312638.43802942,0.458181479771932,0.586945730845133,2.10708743625217,0.375844345092773
"458",648,0.861642070692944,227.75,311.370401277761,403.101568667094,43.6890324699413,298.979111982571,41146286.1383441,13.6866304779053,31.0101246070862,60.2967152404785,61.0291108322144,11.6212878675293,7.41857799624219,0.610525697952594,0.239296114742188,1437612.04006282,0.612974703047011,0.566087510850694,1.89583529578315,0.426405957539876
"459",648,0.861642070692944,227.75,316.552891993184,358.217992676629,48.249288581062,298.942079575163,38149574.4008715,13.2494192409515,30.1075514793396,54.9881747436523,61.3896382141113,12.2952064529831,4.16758550573278,0.822605539701126,0.234552475187608,1174747.11026379,0.405786684883965,0.495434127383762,2.20705422295464,0.418101581997341
"460",905,0.832646904918473,339.75,304.406857413964,354.920415306091,58.5247679418379,298.310150980392,36209319.1993468,15.2127715015411,29.4217310523987,56.7970945739746,60.6229499053955,9.45304460148398,5.25605492532989,0.962389488537629,0.386207020091977,2117566.04635666,0.738711459901598,0.669542149437798,3.64746038648817,0.980702273050945
"461",934,0.811254720390535,362.25,289.512993961315,402.493121346368,64.1394156839396,297.615154520697,42728646.1056645,15.3699526500702,29.8700330543518,58.3689033889771,59.5534620666504,15.7632062675987,4.7501459927029,0.648257651006057,0.479855416364072,2516999.34640519,0.684518284267849,0.618276854621039,4.70378135681152,0.984578022427029
"462",1362,0.752005746760709,586.75,223.614483545834,413.295485869514,68.8152164855662,297.425295507092,45388565.5850444,15.9082175731659,28.9846959877014,64.2322249221802,57.371156539917,22.8637968405234,4.57535142215681,0.789189606159577,0.351184390202274,2511240.18825148,0.676874967151218,0.89409331228998,4.31708447350396,1.55745478418138
"463",1362,0.752005746760709,586.75,118.539265968317,420.9683041259,72.7287112975877,297.360572069253,46952913.973614,15.5804975986481,26.1262063419819,67.3101003646851,50.2518692445755,23.841067034289,9.80926372650413,1.21726080600446,0.660621305663706,3801307.49333319,0.808746439691574,2.78420401051227,6.39493375657097,4.67036106337586
"464",829,0.797767527408045,336.5,96.3273465925657,468.140853269601,75.3554619007402,298.013620793997,45334827.3604073,16.284292915593,24.3014850240163,57.4466201948083,47.9307787048094,17.1276735586272,10.8466802123236,1.85991362932662,0.448511457865036,2430105.07710827,0.63944812895842,2.39219724065075,3.53142381721402,4.65418552839249
"465",796,0.753471462612262,351.25,94.1427533498306,478.249372449695,66.3872860520975,298.216658021233,46106640.7151097,17.3509169331303,22.6465341636251,59.7335245108899,45.3360244943657,15.8477360222015,10.5984849620436,1.20970874515874,0.448883090856351,2375923.0933067,1.59466026068995,2.69199090793086,7.11411134509416,5.19218102555862
"466",1073,0.837483427337192,411.75,90.8168147363608,518.851095498326,62.9930043358927,297.388955918664,47688347.8461708,17.3940562354194,21.1993788856198,64.9176295810276,43.627090285377,14.2596663601444,19.6377958058931,1.38025283269716,0.663538762089198,3815092.49171974,1.32832597647605,2.48494268925888,8.24548855658772,4.81048647205995
"467",944,0.786345736405624,386.25,86.6657776294658,545.808153390082,64.0788297792017,296.7775673047,47868924.8063423,16.8287254450273,24.4414538695957,64.2881372802112,49.5072597039468,12.6803917820965,23.2660177741218,1.76433312370198,0.562911410397471,2785051.89827272,2.0731288144841,2.54458870973246,9.83981173379081,4.56436485539759
"468",944,0.786345736405624,386.25,93.6240800462179,508.085747746924,68.1994697613891,296.994381001372,49290871.9438393,21.8950460125702,23.2270240466297,68.6130287863991,47.8020605811477,11.6042307852614,19.3644504961603,1.38793593519453,0.628672968907525,2441137.55749207,4.74193485584782,2.34549668437063,11.3055063783157,4.47450954520041
"469",766,0.815474397191926,294,92.0395720575445,452.490973727127,69.9626439066591,297.230903491026,49265598.2717682,16.6218021249258,23.4938690020144,68.3920907051333,48.2771464899182,10.7742273883538,11.9558570254488,1.51894870772148,0.343952630760791,2404110.06750271,1.58303562212894,2.41231264872565,6.7591128416203,4.60418477804415
"470",505,0.917062540769733,170.25,64.2421448971498,373.886361215013,66.4440724603487,296.306072303922,49356863.1670196,16.0269984545773,19.1691961340983,77.9235946446249,38.6395742815365,13.6733332161609,7.56854530970463,1.10307895958761,0.383272186856996,3150242.34194195,0.860682175003412,3.01336912700597,4.83010131452726,5.93046330570177
"471",505,0.917062540769733,170.25,6.42517688148998,334.995273898346,63.5590313588405,295.372276143791,43437618.4640523,17.6797126531601,5.13575508453262,88.3142795562744,11.165264065067,2.49486358738414,7.82945301419213,1.40713743195732,0.504348066232627,5251131.60078846,1.60331962406635,4.06639155673064,2.17814445495605,8.80462709069892
"481",1335,0.59555339115407,722.5,56.1393538074757,909.658187467288,44.7300653969456,292.781119434472,69438899.1717375,12.878443257014,15.4611752253072,118.652568689982,31.3648143449315,15.7306335259217,77.7725742262668,2.81697660150557,0.709933154010583,2670879.95526754,1.34576668056231,3.58940870355597,15.4214320926565,6.45767830282956
"482",933,0.690478266562809,433.25,109.058461177941,969.626457285741,51.6002118709096,292.384523621144,73062388.1370181,12.5265860506829,24.522132820177,151.829184106056,46.6590922724719,20.6878296712296,23.9899838300178,1.48083615607136,0.560490985474738,2354603.58526105,1.20997971790701,1.84188655887276,16.9743705607153,2.98225082036264
"483",933,0.690478266562809,433.25,235.518585491718,908.044549212986,56.1038389097284,292.324267374728,71505854.956427,13.2204504871368,29.5834709358215,129.933106689453,50.41221824646,19.1579276709162,31.9180530435068,1.73239125221898,0.692433484628402,2953217.14173309,0.75514680756463,0.653407933976915,12.7052538045247,0.43058590359158
"484",1090,0.730588144663558,496.25,241.584905821732,706.271732652452,52.6554900082417,294.113222004357,62996888.2897602,13.1072166538239,29.5200936222076,96.602815246582,51.852350358963,14.2783538451644,23.653049480297,0.761165016450841,0.611218010167011,2840433.65407873,0.830420142279731,1.31323866844177,4.76033097161187,1.40020238770379
"485",857,0.833931074253649,318.5,259.855748845072,568.786717919244,52.2254075210231,297.141645588235,51490905.3649239,13.7963749313354,33.0416633224487,80.8504684829712,55.7997718811035,14.8160579419214,14.1120342838617,0.790002018965042,0.434442786250299,2074789.2550228,0.576374456617567,0.765522848765055,2.55190192328559,0.73189086066352
"486",1613,0.761463871601503,725.5,266.392360526485,462.894595947266,50.4296091852496,297.73478164488,45625843.9542483,14.4582607078552,31.2928461837769,74.8366118240356,57.7674438858032,16.7347612652556,12.7321983323274,1.47191594315959,0.50272135681431,2657976.73686747,0.82368283589681,1.21079107920329,3.19300223032633,1.63785132514106
"487",1556,0.789019045743037,658.5,245.904818125779,442.526351623535,53.6331135936292,297.337425980392,45774868.0010894,14.2229060840607,31.0580013275146,77.9672498321533,57.8444789886475,29.2093434075728,10.9795082407822,1.2259980319952,0.720792737835884,3418122.80319529,0.686882257461548,0.883235549926758,6.82691433800591,1.26265352461073
"488",1260,0.770001933300271,528.75,180.429269748461,445.010933473375,61.4477349787467,297.835325272331,44277043.627451,15.6995801830292,30.0107351112366,69.3878744125366,58.9614683151245,19.1425922414455,8.89178894137159,0.67912301152159,0.402601876815517,1818352.79631129,0.665638825098673,0.860240820844968,5.14907120598687,1.50158267630471
"489",1290,0.731952503852874,572,105.439069370692,478.699307696024,67.0693016083319,297.144607254313,47994048.4462791,15.6336949253082,27.237905216217,77.7898865127564,53.6502922058105,16.4520926288434,16.4598527795718,1.0249994617333,0.615495163931435,2851570.56061537,0.935388183272074,2.3275369230575,7.68969388356284,4.26711973766486
"490",1290,0.731952503852874,572,53.3861396754731,423.514867391065,69.8760069383885,295.494568114828,54292033.4059549,16.4763398369153,13.3884344619745,84.9713277816772,26.1308628674291,16.2155453827282,36.3820349663394,1.3075692838661,0.562047965882077,3241766.09959802,2.35755977281345,4.3372470527353,6.6017508818359,8.24819919792906
"510",353,0.973392079248934,124,64.5147512398942,850.343468560113,55.4768582113274,291.554260861207,56618300.8805373,17.9160978143865,9.02606744420799,157.026408802379,17.1088526804339,17.5409614895753,131.255410262438,6.3327176447817,0.236129177651435,8260952.57727542,2.31824394682957,4.73589682847834,15.76323271417,9.04863107725709
"511",942,0.66486591207332,461,88.4897774406529,1012.23142829391,61.4430187403347,291.458049005819,73629331.6695015,16.056894338131,20.928094597273,176.547562885284,37.1315508786068,16.4061347679208,48.7857507395228,2.02666027635899,0.491977652429923,3966270.81860337,1.30298158942707,2.84361611303183,16.9302329417638,4.82413584094423
"512",942,0.66486591207332,461,138.931409693507,990.657215627035,63.7510878317635,291.139138071895,74425531.3180828,14.1124129772186,27.3947062444687,168.452978897095,46.9357564640045,19.0778052968654,28.6131626959368,0.956707936552407,0.467119324921307,3165194.95257957,1.06097293104444,2.03066005706787,12.7880975632441,2.96959812482198
"513",1345,0.714251804731982,625.5,156.119453923301,808.102192264133,67.3390373465249,292.831689270152,70572202.7233115,12.8818152427673,29.4949565505981,119.243003845215,50.0555930709839,18.5208194329408,24.4725676896837,1.45509615462464,0.437238882837098,2053646.7108447,0.629138164520264,1.41301591767205,8.16166401333279,1.71689798143175
"514",1873,0.600936035877893,986.75,146.613816352839,705.552605344984,74.0387217252032,295.172405283224,62767207.3529411,14.9534045028687,31.0645360660553,101.288437652588,52.2831927680969,22.6379157408747,23.0442107890565,1.74291786129768,0.620077003146928,2421358.76301128,0.736783498128255,1.14438253614638,4.87622539944119,1.31915923860338
"515",1873,0.600936035877893,986.75,115.389122305845,632.815499813919,70.7849785973718,295.148358565649,58124383.464726,15.2914044586654,27.537798371315,94.9458146242751,49.0286895656586,17.8542276361865,20.3099136800148,1.94754695701351,0.72898262876581,3392625.26252695,0.716307694930294,2.31768663415833,5.05868520114021,3.75931888767651
"516",1469,0.689998766800676,690.75,88.923278893443,493.756951496519,66.1755308555534,294.770429026311,57487213.4687209,16.5974149509352,13.9966347835385,97.6798584607183,26.0871970947545,18.8158675490723,44.5383558190754,1.75708049821772,0.667149462004632,3984073.81949664,3.1411323579415,3.9504283665429,9.50764727819534,7.41873324946699
"540",763,0.639580602883355,519,53.5802445377378,827.610873207213,62.6281099543711,291.459573529412,69130320.5337688,17.1351154115465,1.86826247639126,183.057696872287,3.33734260665046,21.3466025175793,95.8904462881129,3.73433059307928,0.673544390626589,4602153.30622982,1.16018519578157,3.19275656093716,16.9199803670247,5.63307943101983
"541",763,0.639580602883355,519,34.043183891382,808.076978848304,69.2043861110767,291.633685268979,68151232.9174092,19.0217216809591,4.24079116980235,145.274812910292,8.09380778744817,18.0043189267852,132.891096372677,5.67636835833838,0.721117838422185,2374169.35755769,3.47578063522066,4.42698049520108,14.362902400439,7.99779364169679
"542",1604,0.631546134663342,1097.5,61.7950013125909,732.952620173779,69.0906054352682,292.048838255467,67009000.9746589,17.6446320318407,9.7022638072873,136.188355968845,17.192327012785,23.8601671510377,92.9889297643108,5.4163310985547,0.723758735089786,2707546.80688853,2.11743799764806,5.28608611425207,15.2217997045561,9.06086211084169
"543",1604,0.631546134663342,1097.5,49.7553243000664,592.364650391696,64.6099241152182,291.285421568627,63583538.0355848,19.9120189666748,2.94612901347379,150.538180033366,5.75117921425651,16.7562375077158,100.722321683929,4.33328886384054,0.662371923378347,6973389.24164035,3.77760880298715,3.2345045292633,19.7628820290137,6.12478214490632
