Elevation,MAP,PDQ,Surface_T,NDVI,CEC,Clay,Soil_C,pH,region,PC1,lon,lat,HDS,n_QDS_in_region,n_collections,HDS_richness,mean_QDS_richness,QDS_turnover,QDS_turnover_prop
1.0433239365302545,-0.022841620901999416,-0.29770814684267727,1.45575602073739,0.7771114799528803,-0.10434214223491282,1.9574059708039515,0.6854998594097684,1.1595467425937733,GCFR,2.0697114734135162,17.2,-28.4,E017S28A,0,1674,639,259.6666666666667,379.3333333333333,0.5936358894105372
0.7770262430955581,-1.446180925689359,-0.14534770772217528,1.2563823574969646,0.46883379874389774,-0.17251631527423825,0.74448013547395675,-0.425978125207312,0.6947738819986052,GCFR,0.480572221431401,16.7,-28.9,E016S28D,0,1238,465,163.75,301.25,0.6478494623655914
1.1417664168838824,-0.16516676344588507,-0.34881534433485784,-0.3797908978220612,-0.6556197971766121,1.0351074651139094,-0.0018029464621557773,0.10955859313391061,0.9357892003000845,GCFR,0.36447115239933137,17.2,-28.9,E017S28C,0,1917,710,281.75,428.25,0.6031690140845071
0.5858645984091475,0.10629741332356558,0.2130198772282449,0.9162550530693867,-0.7248097940919352,1.5804111612692375,1.1692071387177605,-0.6312984905867399,1.014584685644207,GCFR,1.0760986078913346,17.2,-29.4,E017S29A,0,1039,450,158,292,0.6488888888888888
1.63819055525701,0.07650063071643433,-0.11501981352075183,-0.048117714957853726,-0.30680212000896917,1.08630066317387,1.256290424634891,0.6933008980292611,0.9425764220021532,GCFR,1.467177408364233,17.7,-29.4,E017S29B,0,2427,806,322.75,483.25,0.5995657568238213
1.1273147399150085,0.4097415675663735,0.10224927350747283,0.6574943179352803,-1.3003013018642133,0.2336628887993228,1.1420934506263107,0.4461205169216723,1.3402037197307246,GCFR,1.2487740543425192,18.2,-29.4,E018S29A,0,219,144,43.75,100.25,0.6961805555555556
1.2067811383967446,-0.650804150165775,0.32812561118495637,1.4421320914171678,-2.5415464718418277,1.0461197213926283,0.8186427236019334,1.042850805407541,1.3544706486614169,GCFR,1.1883186344274546,18.7,-29.4,E018S29B,0,721,338,196,142,0.42011834319526625
0.3138329560432609,-0.3521509121543154,0.4094961485656154,-0.5437020572313457,-1.4179530975074488,-0.4672229896392132,0.1190382902885783,-0.09220017383454215,-0.6270372922351631,GCFR,-0.8666622935566515,19.2,-29.4,E019S29A,0,1052,392,142.75,249.25,0.6358418367346939
0.5638419457520603,-0.0885383993442232,1.1788391180137714,1.4493318347285562,-2.1105708830204155,0.2507245892944052,1.0425985738660641,-0.22087737233600072,2.112016429491031,GCFR,1.2635221751893064,17.2,-29.9,E017S29C,0,1264,577,202,375,0.6499133448873483
1.672248731895358,-0.9092143779149477,-0.7096253956390595,0.7077043586419345,-0.41624454560313795,0.4839033598153394,0.9532983105140915,0.6931522037836715,-0.07941459299222738,GCFR,0.6445460070185913,17.7,-29.9,E017S29D,0,4925,1104,478.25,625.75,0.566802536231884
0.3944832786075607,-0.3097418252766629,-0.32129715974098233,0.47004875981568833,-0.23381160775869156,0.3657769245368742,1.1896937626837591,1.1267797594798656,0.8136988258142922,GCFR,1.0081513889185494,18.2,-29.9,E018S29C,0,680,387,116.75,270.25,0.6983204134366925
-0.09149635998549675,0.18742734669553415,0.9011012463307645,-1.208493300260613,-0.5399642279936204,-0.46001250397733945,0.2922276948272089,-0.15822447842115314,1.6021215432534361,GCFR,0.09799369112203798,17.2,-30.4,E017S30A,0,1624,594,281.6666666666667,312.3333333333333,0.5258136924803591
1.6609078805046924,0.10234761967189861,0.26489915144001713,0.8166318355822767,-0.17715231950688556,-1.5998191154367287,1.3245932722622407,1.4143534608742472,0.010803445279388842,GCFR,1.4461314010382365,17.7,-30.4,E017S30B,0,3324,939,364,575,0.6123535676251332
1.6377699265754495,-0.1880587553786877,0.2719557959694945,0.33110423385630866,0.6946244771996449,-0.12192029396208594,0.9803733203845434,1.109821954895055,0.09024166717002563,GCFR,1.594795640937351,18.2,-30.4,E018S30A,0,2149,780,260.5,519.5,0.666025641025641
0.5709296799583072,-0.192433517294489,-0.9777768153481716,0.9761884163427963,0.45281146028552094,0.7217928833305672,-0.09611949947082152,0.8026900931257641,1.0062426537634097,GCFR,1.0335507155882129,18.7,-30.4,E018S30B,0,255,171,47.5,123.5,0.7222222222222222
0.5616829225168697,-1.311204428827991,-0.967999151216114,-0.75174093084540206,-1.0763633337008334,1.3182055685471887,0.8418653140876163,-1.7792188662669108,0.0059806241890937905,GCFR,-1.5534433331462085,19.2,-30.4,E019S30A,0,35,27,9,18,0.6666666666666666
0.019207480871118742,-1.847733110738131,0.7202641248061519,1.011289126147195,-0.9873225341825307,-0.2694208901266333,0.5274170048612911,-0.6135014984722252,-0.31458301219146523,GCFR,-0.633274258805163,17.7,-30.9,E017S30D,0,1186,550,194.75,355.25,0.6459090909090909
0.7751050852112751,-0.17161658626890586,-0.5715617985779711,0.10142404712620759,-0.3719439640024731,-0.2575742422952035,0.04302790912730039,-0.47362202707645823,-0.34523442936607973,GCFR,-0.4376973421857213,18.2,-30.9,E018S30C,0,913,514,160,354,0.688715953307393
1.4240426856267288,-0.24818364465957374,0.27814479311817025,0.2392163342322058,-0.04298460745093324,1.4491146397187635,0.7769243952627352,0.7339270147540393,0.5281909320500051,GCFR,1.4950201967629861,18.7,-30.9,E018S30D,0,353,222,62.5,159.5,0.7184684684684685
1.1159724091105887,-0.5685797428447023,0.1544432659691116,-1.680809422429889,-0.2474782727581886,-0.050523503962889973,0.8887602653698304,0.4182918675361212,-0.1817202214777859,GCFR,-0.23221751191067597,19.2,-30.9,E019S30C,0,500,298,92.5,205.5,0.6895973154362416
0.5310526480489521,-0.2880459885921034,-0.9778602272239485,-0.25480644325994695,0.07307877655076417,-0.2230587672728917,0.32777206929626646,1.248287456679066,0.3321262560556325,GCFR,0.2297515251665305,19.7,-30.9,E019S30D,0,122,84,27.666666666666668,56.33333333333333,0.6706349206349206
0.9806257088384627,-0.6804579491267829,0.7337348580682348,0.6566318807589319,-1.1923054370737567,-0.0039266903014887845,-0.5614261681951612,0.27578599169981305,-0.410366551865795,GCFR,0.07026166120935891,18.2,-31.4,E018S31A,0,1388,612,195,417,0.6813725490196079
0.24217194436870332,-0.996341466138583,-0.8319905642697372,0.4151515092120498,0.4336657931007114,-0.31310556525381883,0.6566647532107586,0.30283607448591143,0.5558312685237133,GCFR,0.05753769443150457,18.7,-31.4,E018S31B,0,1748,659,222.75,436.25,0.6619878603945372
0.7685043253176425,0.8645535147321842,-0.6566221179688109,1.3084383712710936,0.519938316409063,0.00624336827947234,0.6122084053389822,0.004885464276012771,0.5655973413826253,GCFR,1.3268458999266874,19.2,-31.4,E019S31A,0,5310,1374,421.25,952.75,0.6934133915574964
1.3375985587838632,-0.7322314704657767,0.5341047963732952,0.7751182855004686,-0.9296424090259383,-0.5225241628922623,0.10671389925813005,0.6016647540213043,-0.7100997203024033,GCFR,0.29922180728436354,19.7,-31.4,E019S31B,0,1919,729,240.75,488.25,0.6697530864197531
0.28160160781880744,-0.2983639117303382,-0.14291726227108423,-1.8726841675607009,-1.4558896950757372,-0.9437962229184088,-0.5399219453362943,0.410819531508568,-1.7495237200071803,GCFR,-1.9804227294832741,20.2,-31.4,E020S31A,0,111,89,33.5,55.5,0.6235955056179775
-0.335800527381368,0.6906619581700882,0.053975741236683486,0.8542815886012167,-0.10305440275890747,-0.4873716526997847,-1.827404310150625,-3.1368982584266787,-0.297998033517878,GCFR,-1.3309562800019181,18.2,-31.9,E018S31C,0,977,500,186.33333333333334,313.66666666666663,0.6273333333333333
0.8730382080505404,0.4619546366070745,0.04526718599152848,0.41975578320891754,-1.38907799931133,-0.0011155344999979548,-2.1647175769414098,0.006344997740965848,-1.6992731594593768,GCFR,-0.7840948519211928,18.7,-31.9,E018S31D,0,5109,1464,595.25,868.75,0.5934084699453552
1.0081525314809865,-0.39946205073806934,-0.44777405670663845,0.7479368803582468,-0.49823306421668767,0.15219757844472132,0.3961876699850437,0.5907690028537959,-0.46103907559735485,GCFR,0.35409104666375535,19.2,-31.9,E019S31C,0,2673,1144,366.5,777.5,0.6796328671328671
1.8056869444476835,0.19021170661975917,0.9084248784367199,0.9831867030486177,0.10484022181181718,1.4852923436867485,1.2042276306849684,0.45769741083414933,0.4174590775677654,GCFR,2.328395382378347,19.7,-31.9,E019S31D,0,774,414,131.75,282.25,0.6817632850241546
0.9965241997090439,0.2784111520294644,0.5345190931315792,1.1349693866074009,0.7206332631771496,-1.284803589313531,-0.6642322958790406,0.5098042168502097,0.03285568806574946,GCFR,1.1249134442518298,20.2,-31.9,E020S31C,0,582,327,91.75,235.25,0.7194189602446484
-1.5906739705322581,-0.5228008362498361,0.7908328659002898,0.21002874264956836,-1.7237999352081328,1.2211947274936048,-1.56464251236141,0.9495653237801454,0.7873554635167336,GCFR,-0.4114794485437805,18.2,-32.4,E018S32A,0,1285,525,314,211,0.40190476190476193
1.102475332672999,0.4451108712195856,0.4872401686794645,0.396806102539878,0.4257439318408953,1.364012983608768,0.4676934502863752,1.0728952523692703,0.23002457615537217,GCFR,1.9061851564890588,18.7,-32.4,E018S32B,0,5935,1556,583.75,972.25,0.6248393316195373
1.1882478750315277,0.8165141634371065,0.8741238099761193,0.9056569440013762,1.37783891376403,0.17389622101891528,0.6884484314168335,0.591094305768104,0.9382663058600466,GCFR,2.5585980573229836,19.2,-32.4,E019S32A,0,10196,1910,749.5,1160.5,0.6075916230366493
0.45020743011236974,0.5718626757964353,0.8775618055499687,1.555783215842343,0.14754308195799723,0.02052291800680423,-0.19633305329615267,-0.47048596761758754,-0.027393688493742147,GCFR,1.132129835482933,19.7,-32.4,E019S32B,0,1148,408,175.5,232.5,0.5698529411764706
2.0875653467244306,0.6578889492969301,1.4704750269885978,2.038029970599646,1.0360953402918778,1.3553871302730958,0.6423552628759999,0.07300119480671174,0.8246463607803869,GCFR,3.369402078320487,20.2,-32.4,E020S32A,0,2247,703,268.75,434.25,0.6177098150782361
0.46249358475855074,-0.5393146560473314,0.056785273813144105,-0.05669535164882894,0.6684526391457238,-0.7399320547852938,-0.6121508932018023,-0.082880501754276,-0.024843676468713494,GCFR,-0.14562209945659224,20.7,-32.4,E020S32B,0,471,240,68.25,171.75,0.715625
1.5587270874304429,-0.6827005271064458,1.154131391403586,0.9397364821769665,-0.9349564232091541,0.2691682778707355,-0.2998054483072588,-1.339041916400664,-1.1033980203434026,GCFR,-0.09119319520680796,21.2,-32.4,E021S32A,0,189,131,36.75,94.25,0.7194656488549618
1.180436736316518,0.42217128339740484,1.6752309869813455,0.9523559987720112,0.014043058538699572,0.21337581622308388,-7.855981279347588,0.8223477364774738,0.24632115067157184,GCFR,0.34792228911827994,21.7,-32.4,E021S32B,0,1252,475,174.33333333333334,300.66666666666663,0.6329824561403508
-1.2306538916890999,0.6500647898212633,0.930815568631476,-1.3850105037434346,0.26382840408501745,1.0967093655442204,1.1618163351292117,0.4598069554260837,-0.6228649554768285,GCFR,0.20395764375230835,18.2,-32.9,E018S32C,0,1347,582,192,390,0.6701030927835051
0.9214393351724969,-0.5613200821368741,-0.2849548723414973,0.5425913710411137,-0.8121387555578157,0.9951525038851687,0.20179752780905572,0.550262144765082,-2.3568808652970645,GCFR,-0.297642360104142,18.7,-32.9,E018S32D,0,4723,1323,543.5,779.5,0.5891912320483749
1.8883449663300922,0.8964309155361234,0.9960179310266676,-0.31296809529684455,0.8800652503401432,-0.5217447699363866,0.08027717147860917,-0.4654255035417572,0.28056948338781873,GCFR,1.3420103916687922,19.2,-32.9,E019S32C,0,7456,1820,753.75,1066.25,0.5858516483516484
1.9890001623561278,1.5420675005250852,1.6349999661322299,2.3486033949255405,0.5344261224435939,1.7486977793745164,0.38249213853047137,1.05229911700017,1.1855375031551594,GCFR,4.195287561387628,19.7,-32.9,E019S32D,0,2531,975,285.75,689.25,0.7069230769230769
1.128578683538594,-0.3966695441796698,0.7615923342068112,0.9761049549125882,-0.09472858094329344,0.7906812217328362,-1.0259207720809822,0.024058016089216473,-1.1877981558160895,GCFR,0.48549958128888304,20.2,-32.9,E020S32C,0,346,221,65.75,155.25,0.7024886877828054
1.2160530716630278,0.4979251017537688,0.6966740503804559,0.38272698295531826,0.8544079022032487,0.7020452188984886,-0.7918924471410275,0.455743927348997,0.03631938071825275,GCFR,1.4791889681845702,20.7,-32.9,E020S32D,0,747,348,115.5,232.5,0.6681034482758621
1.704836743082637,-0.13726915686865143,-0.9966396660538877,1.6256332556868494,-0.30588562710281186,1.1775223345097412,-0.36545742896032224,1.2417123075059264,0.07006104129055588,GCFR,1.3611447573060613,21.2,-32.9,E021S32C,0,60,49,14.5,34.5,0.7040816326530612
-0.11834915014243913,1.3494059300384267,1.6979723160931564,1.4565734620417006,0.11514676916252681,2.560445011599068,-0.4387443717674214,1.7542148210052133,1.5644904019824715,GCFR,3.3237567776422443,18.2,-33.4,E018S33A,0,4389,1239,488.25,750.75,0.6059322033898306
0.050980038937446424,1.3642774378310063,1.3328974288913584,0.2341057190283539,-0.3766768583717981,0.5313746945191868,0.7453914570698299,0.41948446576835813,-0.22074314719147944,GCFR,1.3663439079313633,18.7,-33.4,E018S33B,0,2993,1093,369.75,723.25,0.6617108874656907
2.0462888122948493,1.128178175762951,1.2868389228240273,1.0522737639497588,-0.03956532986869686,0.8086529758275597,0.700045662975935,1.1136545424097752,-0.3871225254014356,GCFR,2.6448000055275442,19.2,-33.4,E019S33A,0,14040,2503,1138,1365,0.5453455852976429
1.3803680317439162,1.6797377211017124,0.8735902993708631,1.2090784551092448,1.219132753829078,1.3307840848645467,0.7588259590509107,1.586056157896279,1.1346676185552493,GCFR,3.72068876411199,19.7,-33.4,E019S33B,0,3765,1339,480.25,858.75,0.6413368185212845
0.7958674781473528,-0.07058141215891592,0.8265743593924931,-0.25819283292465744,-0.4463827855034506,0.4100853606755586,0.3388584322160848,-0.1545607998756878,-0.6529377422108205,GCFR,0.2110325545110105,20.2,-33.4,E020S33A,0,1243,629,208.5,420.5,0.6685214626391097
1.511210559354194,1.125239502033973,1.7079876261950246,0.3106517631452566,-0.6332094198626824,0.7225592900014226,0.8701013755742184,0.2629781453108857,-0.3227559421804476,GCFR,1.8346918158964727,20.7,-33.4,E020S33B,0,3530,1157,436.25,720.75,0.6229472774416595
1.5106724580048736,0.9399744397491013,1.4873617049736632,0.11100546698179499,1.3615916978776101,0.04435270301895429,1.2090037459520908,0.47609784443475256,1.0732210626647491,GCFR,2.7080754038655814,21.2,-33.4,E021S33A,0,3101,1011,313,698,0.6904055390702275
1.3516581294694132,-0.9620377589906117,0.6054980858519088,0.9387135454783673,1.7251204462159426,0.6870888111137647,1.2431416523700547,0.5610263613817553,1.3121915070633883,GCFR,2.305785801102965,21.7,-33.4,E021S33B,0,1275,646,198.25,447.75,0.6931114551083591
1.9903983796215379,0.3844910108615231,1.3064127629144588,0.25490891427460927,1.467589392048447,0.671008130156581,0.969640378911203,-0.4376396144267658,0.477361154446231,GCFR,2.2423499315497346,22.2,-33.4,E022S33A,0,4789,1367,458,909,0.6649597659107535
0.6069871182166521,1.663354209279586,2.4446265269829066,1.6871592005326093,1.735082419454874,1.156741402365294,0.5822672850629027,1.8840746441742884,1.753493519156546,GCFR,4.634784640779413,22.7,-33.4,E022S33B,0,1289,638,183.5,454.5,0.7123824451410659
0.8707081645685972,1.599616442220476,2.2988143703542305,1.217028724340613,0.8118063428748195,0.17121288338637455,0.16925183982377195,1.2884104494103399,0.9096457892094069,GCFR,3.362925567616229,23.2,-33.4,E023S33A,0,1228,556,176,380,0.6834532374100719
1.5110341716428184,2.028792964549103,2.3502210637099092,1.5424113827118893,0.47577883711168306,0.7090278035439191,-0.3900699587915996,1.7065974319962287,1.0997485087613936,GCFR,3.989593032942648,23.7,-33.4,E023S33B,0,603,334,102.75,231.25,0.6923652694610778
0.5333404130265874,1.3235045296142336,1.7077559962789999,0.17700954150014606,0.39507733811518936,-0.5213883913952708,0.02172375867725692,0.7489800077816229,0.27047053546510813,GCFR,1.7911464565376471,24.2,-33.4,E024S33A,0,556,267,81.33333333333333,185.66666666666669,0.6953807740324595
0.18652357269676542,1.2111246682551438,1.5940492180976542,0.7132174491174624,0.187844549074363,0.5279887030399494,-0.2337358016516816,-0.4482798289123505,-0.07846124738734095,GCFR,1.3335545844893817,24.7,-33.4,E024S33B,0,278,156,55.333333333333336,100.66666666666666,0.6452991452991452
0.8236076327701966,0.54003712355473,1.1723496094846972,0.41079208817214924,1.1502947888853625,0.3829402170787535,0.7008852824177229,0.15200512353357573,-0.4090834796587618,GCFR,1.6514333870536664,25.2,-33.4,E025S33A,0,467,315,112,203,0.6444444444444445
-0.2177331821867767,-0.31271133817638846,0.30188106289810196,0.20222540197303177,-0.5954656858987374,-0.3128339207153387,0.2684736665692993,-0.7496973906765371,-3.90398541502891,GCFR,-1.6593451766034593,25.7,-33.4,E025S33B,0,1889,848,269.5,578.5,0.6821933962264151
0.9349667629105628,1.4568128943199927,1.9478468376092313,-0.6291173341157169,0.4199629814352807,-0.4227268881367007,-0.2296244655533654,-0.7609674547249549,-0.287286218762654,GCFR,0.9804928989831341,26.2,-33.4,E026S33A,0,2255,956,277,679,0.7102510460251046
0.913961100911835,0.9262700624140544,1.1505183568218154,-0.7656052801976465,-0.996242336836664,0.5513449202201639,-0.6237659849079358,-0.7522926406417483,-0.5758115534381554,GCFR,-0.02111271866941372,26.7,-33.4,E026S33B,0,5453,1478,923,555,0.37550744248985113
0.8040519819450923,1.5385293555639372,1.7974701826175195,0.9009203272701221,1.1856269174781588,0.8714920912325453,0.6297541263016554,0.5448414142970567,0.24073658633190553,GCFR,2.895303192381945,18.7,-33.9,E018S33D,0,19907,2811,1278.75,1532.25,0.5450907150480256
0.1538050463630128,1.7059083603270617,1.5888058960733835,0.8100354414984811,1.0509173206514075,0.0701340981628622,0.9670797625703151,1.254445350516683,-0.07661197239022721,GCFR,2.6541127151157484,19.2,-33.9,E019S33C,0,18692,2875,1322.25,1552.75,0.5400869565217391
0.8274553475222187,1.2418938137378521,1.5693031239898874,1.0395377749468535,0.9509283754839057,0.7432575304812689,0.7338907332565127,1.1745476550891878,-0.24305843238621536,GCFR,2.7739857327681205,19.7,-33.9,E019S33D,0,5546,1729,629.25,1099.75,0.6360613071139387
1.6103627326486858,1.9619673977591832,2.883093674908722,0.4344520522453338,1.2426457886021622,0.5676269084587229,0.6975979669143282,-0.37898472707789865,-0.5281366600107912,GCFR,2.9400658111199505,20.2,-33.9,E020S33C,0,4153,1402,449,953,0.6797432239657631
1.0860984959926965,1.9510810267110297,2.412478392416976,1.6820378741855004,2.2322239592288553,0.8722229181638784,1.1303611458857765,1.4634623583959245,1.4417954287836041,GCFR,4.860991961282052,20.7,-33.9,E020S33D,0,6650,1794,658.25,1135.75,0.633082497212932
0.027792064761723637,1.9380711400981674,2.447136901612173,1.8048531098420153,2.264627974532878,1.6003725784917457,0.2776114596445646,1.9012982846948159,1.7363889901822411,GCFR,4.802807323825751,21.2,-33.9,E021S33C,0,5974,1617,582.75,1034.25,0.6396103896103896
1.2999034500695912,1.3791609088119545,2.0778096299712843,0.457259861098225,1.6338903960110345,0.41114818204506437,0.8507833367502783,0.913476338084692,0.9210789767629732,GCFR,3.3817872134169065,21.7,-33.9,E021S33D,0,3219,1203,411,792,0.6583541147132169
1.6757092183452473,1.6637499348652613,2.1200687713028006,1.0747605706804693,2.1167690925692253,-0.7161377897835776,0.34278265340193415,1.0258269192981804,1.371497296420812,GCFR,3.8642679868771506,22.2,-33.9,E022S33C,0,6178,1619,583.75,1035.25,0.6394379246448425
1.8651123976636117,1.6764175358558235,2.4247784400385357,1.3032411384046074,2.1771054626871638,0.1621100649469413,0.6241534878192454,0.6759038610477933,1.3265089335593412,GCFR,4.260412121833605,22.7,-33.9,E022S33D,0,5106,1620,574,1046,0.645679012345679
1.9599235606450534,1.4956178659678991,2.40881530985724,0.6971453366555643,1.9791883096677418,0.38681547936723365,-0.21748517616763072,0.5592233538115825,0.7601860589088274,GCFR,3.571681837531213,23.2,-33.9,E023S33C,0,4605,1338,507.25,830.75,0.6208893871449925
1.5752303804033692,1.8228298552561688,2.650321390102363,1.0711372513248096,2.130679169380314,-0.6049215755984396,-0.6152574807413734,0.8836509159670168,1.3429076238898463,GCFR,3.8520847238943356,23.7,-33.9,E023S33D,0,4362,1342,521.75,820.25,0.611214605067064
1.471999735125536,2.003182953402183,2.4763779891529425,1.0075822186243564,1.8522800388107488,-0.7966984223888113,-0.8869234524799491,0.6435738427247981,1.015235093438555,GCFR,3.40916118976323,24.2,-33.9,E024S33C,0,2740,1026,381.25,644.75,0.628411306042885
1.0266006623725998,0.4513978010247519,1.7427031497295555,-0.32945820734048453,0.4519596083112669,-0.768154240864357,-0.5841349421563689,-0.37540996518980657,-0.45352907485822597,GCFR,0.6354035416521184,24.7,-33.9,E024S33D,0,2252,893,315.75,577.25,0.6464165733482643
1.3257711424062522,0.7393218869572485,1.672786471782031,0.2521027616956563,0.639650907607456,0.4924729970514958,0.3545634032216273,0.2135558616058944,-0.1854253113158051,GCFR,1.8899710846039446,25.2,-33.9,E025S33C,0,5342,1514,637,877,0.5792602377807133
1.2161083718953583,0.6695253519154387,0.2721434031254292,0.4463805862202918,1.1799034068029313,0.30614254222363446,1.23986236361653,0.725033457594043,1.577650874541103,GCFR,2.4236928513060803,19.2,-34.4,E019S34A,0,21899,2748,1404.75,1343.25,0.48881004366812225
0.4726460265880326,1.0765255728637066,-0.26894459468057097,0.7561594511843936,0.9996854156359217,0.5947683010094765,-0.5337768110432841,0.8007985780099173,0.8312034950178744,GCFR,1.673192411727551,19.7,-34.4,E019S34B,0,7741,2051,820.25,1230.75,0.6000731350560702
0.7187874686931022,0.7185778603025142,1.8329458641006122,0.9119355035618882,0.8577321594481486,2.146747458756819,0.8173346925072694,1.4028810860329628,0.4730000897379442,GCFR,3.1816958178380705,20.2,-34.4,E020S34A,0,6539,1820,650.5,1169.5,0.6425824175824176
-2.081263095622935,-0.10226913489057098,0.5927801211262073,1.4473518733415989,1.54887378861957,1.6401424662805815,1.5302972762014448,1.7311980671764167,0.9980772939097374,GCFR,2.221535959406525,20.7,-34.4,E020S34B,0,5669,1504,546.5,957.5,0.6366356382978723
-2.117617639243264,-0.4742818670836423,-0.5064322166598884,0.27191265099410045,-0.10243809759840988,1.1763994564611213,-0.6888882943789795,0.7565558497699382,0.1729563330353351,GCFR,-0.5651368548199145,21.2,-34.4,E021S34A,0,6230,1751,680.5,1070.5,0.6113649343232439
0.029977966759138348,-0.5294575197197103,0.1227974694399437,-0.5771335535783961,-0.4039682015385866,-1.1038115824580261,-0.4831319804592324,-2.081639895641344,-5.635434920648015,GCFR,-3.3224115122572146,21.7,-34.4,E021S34B,0,2942,1045,370.25,674.75,0.6456937799043062
-0.1615956116864011,0.6561705795632647,0.6505137828465629,0.6381369011975763,0.8892579994914825,-1.0116936192220272,0.6049298039375948,-0.7737695629162792,1.3405626140941906,GCFR,0.9982072824379146,19.7,-34.9,E019S34D,0,6637,1343,676.6666666666666,666.3333333333334,0.4961528915363614
-1.9419375053361234,-0.01281644622992199,-0.45317971877242796,-1.0000725192807656,-1.7248901244112176,1.026777815880045,0.6935991355439086,-1.3902963312764927,1.476021802347783,SWAFR,-1.5516120264987792,113.65,-26.25,E113S26B,0,1045,320,101.66666666666667,218.33333333333331,0.6822916666666666
-0.09041320887072656,-0.532650764552588,-1.5718569525070534,0.05991395765064892,-0.03041811945587321,-0.5042233048294629,-2.009218667239516,-0.1659723466520411,-0.1976678256478811,SWAFR,-1.4706536518337696,113.65,-26.75,E113S26D,0,1237,337,116.5,220.5,0.6543026706231454
-0.4700846990199028,0.19861591939468007,-0.2082093568354733,-0.03927301492964214,0.0982862227921993,0.40422830449184416,1.0615350320801102,-0.9514898047305258,-2.5530327678094777,SWAFR,-0.958140219899511,114.15,-26.75,E114S26C,0,411,156,48.666666666666664,107.33333333333334,0.6880341880341881
-0.4861315994770535,0.10331033049932989,-0.7284129642053956,0.769994529110198,-0.459206131310735,1.0120201024391835,1.0696853795170467,0.47478134477715134,-0.12432459050536322,SWAFR,0.3337319483960446,114.15,-27.25,E114S27A,0,1011,398,143,255,0.6407035175879398
-0.6810786706973626,-0.4290043487187762,-0.9015663671442731,-0.2739702106833863,-0.7037248614730603,-0.6021840479768429,-0.17929243018301946,-0.5303528876207789,-0.019419333185444004,SWAFR,-1.4625279107449785,114.65,-27.25,E114S27B,0,2114,438,164.75,273.25,0.6238584474885844
-1.2996161702618318,-0.3069185138866859,-1.2861210781075747,0.02339466067271438,0.21583251677446835,-0.6100232682237637,-0.4831155108589422,-0.28614588780447636,0.14191050630547308,SWAFR,-1.264862429430312,115.15,-27.25,E115S27A,0,102,78,29.5,48.5,0.6217948717948718
-0.8158224469823032,-0.12624303065123563,-2.77086198375034,-0.4935457700800462,0.9365480191428249,0.20579551152102504,0.4539909155959798,0.7632216793171872,-0.18740623640896867,SWAFR,-0.8666666199817978,114.15,-27.75,E114S27C,0,8604,1051,541.25,509.75,0.48501427212178877
-1.32352859361844,0.05367247125358805,-0.07660067812666355,0.21531136993427064,-1.1136537639734698,0.15917115436496138,-0.3028234693627062,0.26036956912473574,-1.1762891126352426,SWAFR,-1.0339976857203494,114.65,-27.75,E114S27D,0,4725,895,382.5,512.5,0.5726256983240223
-1.6026271013958282,-0.16713018270260402,-0.7099399119525229,-0.6069293638988271,-1.194653785524113,0.6691863214631597,-0.2898471503595655,-0.5336497800633748,-0.6017236717013793,SWAFR,-1.8250590066765005,115.15,-27.75,E115S27C,0,223,160,47,113,0.70625
-1.0574156061418418,-0.3499271374790389,-0.9841523156532007,-0.13113731786964247,-0.25019511519280635,-0.23556149343983426,-1.2925346801115514,-0.5078845272253806,-0.0021309096431708753,SWAFR,-1.5228833710659104,115.65,-27.75,E115S27D,0,590,338,108.75,229.25,0.6782544378698225
-0.6436820599164144,-1.679124322117314,-0.7951167820896858,-1.3312221207875146,-0.964499045663489,0.6177623440034665,-0.09261334533003464,-0.007181557525637672,-0.7887332524634296,SWAFR,-2.1231645687427667,116.15,-27.75,E116S27C,0,332,231,88.66666666666667,142.33333333333331,0.6161616161616161
0.5961822576430194,0.5112637234749046,-0.14943716118902062,-0.24498913985399295,0.1553471545386459,-0.048704106871896954,-1.047220304746038,-0.8271168880066941,0.22588232846374728,SWAFR,-0.1902612973403201,114.65,-28.25,E114S28B,0,4379,902,369.75,532.25,0.5900776053215078
-0.6930490182003554,0.005171501887772437,-0.3031493838702042,-0.15255739844705118,-0.09209830295565481,-1.0275731395175893,-0.2967698696165067,0.7377275067974002,-0.5426902923688558,SWAFR,-0.6009508611705856,115.15,-28.25,E115S28A,0,1589,531,190.75,340.25,0.6407721280602636
-0.44105558399176553,-0.4387726617844114,-0.20503699027223637,-0.039967264232713295,-0.10181762332968229,-0.9294467156848248,-0.14709120016063443,0.638963560062114,-0.2654894236827247,SWAFR,-0.506846175931821,115.65,-28.25,E115S28B,0,1281,390,133.5,256.5,0.6576923076923077
-0.6982034832043129,-0.23401678082857538,-1.4835200383153992,-0.27895800465243964,-0.1722820992723513,0.8706549897390078,-1.0133167215402197,-0.40360390102433974,-0.5685738200409,SWAFR,-1.4059901532540433,116.15,-28.25,E116S28A,0,762,270,86.75,183.25,0.6787037037037037
-0.27536273926246807,-1.2200818475549047,-1.4904142649426855,-1.1183368100388908,-1.2883855306334708,0.8065768890285152,0.24279839805546485,0.34618575378585287,-1.338191357483296,SWAFR,-2.0313814139796027,116.65,-28.25,E116S28B,0,915,341,128.5,212.5,0.6231671554252199
0.23853027807717858,-1.1372628618687561,-1.1749134968780752,-0.44572500767590834,-1.0834254633656852,0.10150692658234256,-0.28562067407346553,-0.059414359244548964,-0.539950970361853,SWAFR,-1.5578802628029425,117.15,-28.25,E117S28A,0,257,120,37.75,82.25,0.6854166666666667
0.31956245025362695,-0.30275075979065974,-0.2504359077272358,0.39208242706520247,-0.6072470411023199,-0.7861605406036262,1.1415474941763628,0.17781233773894586,1.35711172860558,SWAFR,0.3869750832248387,114.65,-28.75,E114S28D,0,8925,1293,573,720,0.5568445475638051
-0.2968010084823461,0.5406188912798712,-0.30575038327638604,-0.38558531813264824,0.3568133369817873,-0.9379902741683187,-1.4622570234655043,-1.2748842742813407,-0.47200608831499496,SWAFR,-1.1889384380840307,115.15,-28.75,E115S28C,0,3735,856,363.25,492.75,0.575642523364486
-0.04639221030785203,0.1595504318871841,-0.43381994020890524,-0.4161431284550749,0.14733014435750097,-1.8449630833655857,-0.5799130276989252,-0.12457499884109609,-0.4111578246929087,SWAFR,-0.9258131976292672,115.65,-28.75,E115S28D,0,3673,824,332.75,491.25,0.5961771844660194
-0.5385830910600607,-0.5580953773284496,-0.38657295947428405,0.054597774157583864,-0.4597337654586846,-1.0604294215309953,-0.19451095802365648,0.3373134147019553,-0.6835021991142299,SWAFR,-1.0183690764504263,116.15,-28.75,E116S28C,0,802,367,132.75,234.25,0.638283378746594
-0.361481044130203,-0.6572867397638293,-0.6608060693144532,0.660790082605828,0.6151610702102063,-0.4186001696493366,-0.5448151337614224,-0.7542882141349324,0.31210794833954414,SWAFR,-0.5559059049134305,116.65,-28.75,E116S28D,0,465,242,74.5,167.5,0.6921487603305785
-0.3782556838226952,-1.1415191445855217,-0.17049522537690484,-0.5459842081314328,-0.3310204302339227,0.8014639254619464,-0.19946293238602397,0.39744069497434203,0.08164567279974261,SWAFR,-0.6384303883962589,117.15,-28.75,E117S28C,0,851,466,154,312,0.6695278969957081
0.6515326061055419,0.6389641822278568,-0.47168274590972226,0.8126977122114688,0.14712676150136808,-2.8111942670111643,0.6657137878602453,-0.24374701112443195,0.3119462355812076,SWAFR,0.17936312921400677,115.15,-29.25,E115S29A,0,3790,931,380,551,0.5918367346938775
0.3040125850099191,0.24685278696466825,-0.37814317827573973,-0.32127500145045673,-0.1889473579760216,-0.2775232468661468,0.6886087390860576,-0.7931685548174052,-0.8116330410391245,SWAFR,-0.5999369075827621,115.65,-29.25,E115S29B,0,3205,857,350.25,506.75,0.5913068844807468
-1.2521296384673033,-0.5549223577756356,-1.08986326414393,-0.6672770878676701,-0.46783561897795367,-0.7140676402955763,-0.6221586980815256,-1.5314943134434236,-0.20030919705753622,SWAFR,-2.4073491799243185,116.15,-29.25,E116S29A,0,2070,626,259.5,366.5,0.5854632587859425
-0.0711459873070656,-2.0066100672098366,-0.1448350022032148,-0.3318426982512271,0.18489918559056676,0.9434833166008001,0.05040925837948387,-0.08283812112935429,0.7213718311855795,SWAFR,-0.5003983362875527,116.65,-29.25,E116S29B,0,1596,507,192.5,314.5,0.6203155818540433
-0.2986161544256677,-0.8354144674362574,-0.8435590879999332,-0.2222605081989546,0.10817377183107973,-0.07099009435552453,-0.31172305308439735,0.09341280774530142,-0.1985999204812128,SWAFR,-0.888323517824615,117.15,-29.25,E117S29A,0,1846,551,220.75,330.25,0.5993647912885662
-0.2913731870522974,-1.3233296496840823,-0.5353942461939729,-0.22575770408106752,0.09388314125317815,-0.3750554394646009,0.3064848630892361,0.12626111978658985,0.8972557660844872,SWAFR,-0.5560466216976008,117.65,-29.25,E117S29B,0,1307,380,157,223,0.5868421052631579
-1.42712698714721,-0.44233782416136436,-0.5100590490965116,-1.3668198260756093,-0.6761491478861268,0.511028967167726,-0.15458067228437922,-0.10888292518549225,-0.30955613729762094,SWAFR,-1.666858717547155,118.15,-29.25,E118S29A,0,95,67,16,51,0.7611940298507462
-0.378227215873885,-0.3502122068364184,-0.31489743468632414,-0.4774190354628146,-0.8719321373391445,-0.21694888134693432,-0.31733603123373155,0.19254400133976182,-0.7092071648642343,SWAFR,-1.1148858081345427,118.65,-29.25,E118S29B,0,92,67,17,50,0.746268656716418
0.3699016512258646,-0.447800849743418,-0.4535235033897869,0.7474730975706048,0.9135742032299302,0.14676389031776618,1.2891021781849175,0.41586467595536225,0.7560091160805286,SWAFR,1.0813058450659667,115.15,-29.75,E115S29C,0,8723,1224,611.5,612.5,0.5004084967320261
-1.9393290069766984,0.7736546850812864,-0.36328029580974097,-0.02430209611124741,0.8095946099961037,-0.8361181941786711,-0.5528705560350043,-0.388148916537057,1.2999629099553407,SWAFR,-0.3029335397419617,115.65,-29.75,E115S29D,0,4324,973,404,569,0.5847893114080165
-0.6689526189175716,0.06404938570941522,-0.3538272137707394,-1.0858127884135018,-0.48278696197922694,-2.3073277956454814,-0.0782322206552508,-0.7390432952940867,-0.377241903008714,SWAFR,-1.8431746540917837,116.15,-29.75,E116S29C,0,3082,829,308,521,0.6284680337756333
-0.796219811150005,-1.5795008924588014,-0.2223221910519033,0.46128235953288654,-0.4802316341534117,0.34184130146780883,-1.2701777472962419,-0.33682565089033945,1.2976695835824772,SWAFR,-0.8718423547701282,116.65,-29.75,E116S29D,0,2536,704,287.75,416.25,0.5912642045454546
-0.6139715864914657,-0.9817552366736498,-1.8727027769824822,-0.6313906579955965,-0.1748195122283612,0.9377263541417209,-0.5007358215428747,0.6570382656404491,0.08418982637787933,SWAFR,-1.2169793691807138,117.15,-29.75,E117S29C,0,2594,604,230.5,373.5,0.6183774834437086
-1.18512218328462,-0.982871099676311,-0.4463696822546751,-0.3944102750411971,0.34082289992718395,2.183616798570731,1.3306972856380523,1.460312477747969,2.4313796326438784,SWAFR,1.0626874416286174,117.65,-29.75,E117S29D,0,879,347,109.25,237.75,0.6851585014409222
-1.156336119381671,-0.7676217739584515,0.13492708997438935,-0.619980311558873,0.3862266504384284,-0.11905697918995017,0.07363095641975827,-0.45249860318373336,-0.10299373490513353,SWAFR,-0.9557174721516896,118.15,-29.75,E118S29C,0,125,72,19,53,0.7361111111111112
0.15173792893042765,-0.6408928261923955,-0.8143302686867484,-0.7154078069692974,-2.69636705926695,0.6106241569921141,-1.678260095097231,-1.5699865881418371,-1.4151657492756775,SWAFR,-2.9515556183728573,118.65,-29.75,E118S29D,0,161,68,11.5,56.5,0.8308823529411765
0.6362672290709679,-0.3293435588104208,-0.7141288911766149,0.9631622730292138,0.16453454825437025,1.2573354464396027,0.08871606531410027,0.8305163698703211,0.7847266151043695,SWAFR,1.1009531435607478,115.15,-30.25,E115S30A,0,15147,1429,797,632,0.44226731980405876
-0.8345837648753419,0.8983572371975245,-0.10486721202632784,-1.0450124485503836,0.5796461904284614,-0.5143952336857036,0.5142418557163025,-0.06706362701992663,-0.2862505917978364,SWAFR,-0.31056384572831097,115.65,-30.25,E115S30B,0,4480,1047,431.25,615.75,0.58810888252149
-0.26611850172731155,0.2581574452225903,-0.4050744112773116,-2.040967489886817,-0.38167343455315333,-0.15127901957675632,0.08917389004661971,-1.0205030327359548,-0.8011433947492325,SWAFR,-1.7230258805758225,116.15,-30.25,E116S30A,0,3484,883,354.75,528.25,0.5982446206115515
-1.411371940091911,-0.08004842589822504,-0.8141544153949128,-1.0243125524800931,-0.29888937329405196,-1.3076072931180882,0.34905185339754746,-1.3024747712258662,-1.4299590704779643,SWAFR,-2.459593887838218,116.65,-30.25,E116S30B,0,3760,839,375.25,463.75,0.5527413587604291
-0.7482217214480839,-0.23549346443043792,-0.160502094897426,-0.7386751451747476,-0.9115496625688854,0.42956603865128384,-0.5792650873492499,-0.247138479497295,-0.9280421857503484,SWAFR,-1.405105943562303,117.15,-30.25,E117S30A,0,1654,499,204.5,294.5,0.5901803607214429
-0.23188694635603263,-1.0826644719978806,-0.8591057328502587,-0.4049389193630366,0.18309022850350812,1.7285508176009894,-0.43265369235816814,0.9375213106206941,-0.09220169773045656,SWAFR,-0.2867407802739589,117.65,-30.25,E117S30B,0,1554,485,195,290,0.5979381443298969
-0.48237681255998427,-2.1273920824477166,-0.38820654184416914,0.10735509993997337,0.8697981313415878,1.4041529233071037,-1.1410984958512504,0.24902126441310357,0.40452417759221726,SWAFR,-0.4885029348824966,118.15,-30.25,E118S30A,0,526,219,74.33333333333333,144.66666666666669,0.6605783866057839
-2.487909484138438,-0.33522401763737963,-0.4213126706945491,0.5325342332729508,0.9352507794629771,1.4532279176525587,0.3583807045555692,0.525866014737042,0.2983578608572339,SWAFR,0.08071945729110082,115.15,-30.75,E115S30C,0,2479,777,262,515,0.6628056628056628
0.5354905892947299,0.791308227809796,0.2083765039189854,0.2649100764669628,-0.8778875102121741,0.31933802151868945,1.2295104993543091,0.2299430414772547,-1.0045916533635364,SWAFR,0.48103355469329123,115.65,-30.75,E115S30D,0,5340,1063,485.25,577.75,0.5435089369708372
-0.26878993079741836,0.7176005534056382,-0.2769544248302254,-0.506197599352986,-0.6148413815176813,-1.7006166074107867,-1.3476174593226853,-0.9814908345847061,-1.621391223562198,SWAFR,-1.850760347285746,116.15,-30.75,E116S30C,0,3651,976,386,590,0.6045081967213115
-0.9298204958943783,0.35273929959673106,-0.2836141761996083,-0.7760277990417157,0.09613688110486777,-0.2101690973172409,0.5866570504711904,-1.4645514205540324,-0.22628688572771719,SWAFR,-1.1176618651113308,116.65,-30.75,E116S30D,0,8412,1189,502.5,686.5,0.5773759461732548
-0.814849823254046,0.29765467638902027,-0.009636710394865654,-0.9899306170181357,0.3024010220000845,0.3048571231387874,0.7136242543521442,-0.892119440372029,-1.1802990353637703,SWAFR,-0.9305437528246382,117.15,-30.75,E117S30C,0,4052,846,340.25,505.75,0.5978132387706856
-0.4177121034138797,-1.1495699458650606,-0.3218299811337676,-2.0516376129725735,-0.7832997375709313,-0.3587209046011314,-0.5301334184918631,-1.320129130295883,-2.3108520159164327,SWAFR,-3.151548002561082,117.65,-30.75,E117S30D,0,1624,569,220.75,348.25,0.6120386643233744
-0.07147123502336354,-1.2826368001514477,-0.9543960021115727,-1.1316002356556722,-0.8525067510929014,-0.24845990190112424,-0.26690228665611326,-1.7184609178878718,-2.1143148562476823,SWAFR,-3.003690967972225,118.15,-30.75,E118S30C,0,1532,496,200.25,295.75,0.5962701612903226
0.0063967847077882585,-1.2117355431937937,-1.0749614800467786,0.9166224203321794,0.9583297447596385,1.5646020353362553,-0.45450361976643106,0.15534812841491902,0.2370551072619458,SWAFR,0.2015983909761795,118.65,-30.75,E118S30D,0,2362,709,291.6666666666667,417.3333333333333,0.5886224729666196
0.027064368776250555,0.6415764436624986,-0.14757238239903245,0.5124542340151466,-0.010266981286898742,0.2876555842788942,-0.4282708287653199,0.032618207283896396,0.6440459980459509,SWAFR,0.5657771921804405,115.65,-31.25,E115S31B,0,7262,1279,606.5,672.5,0.5258014073494918
0.563045106435094,1.2490485527045276,-0.013825305971341904,0.6481955027275246,0.675767767996235,-0.33039632701182675,-0.03872807897765557,-0.054228412515533155,-0.4431151201562462,SWAFR,0.9075736411012354,116.15,-31.25,E116S31A,0,6482,1254,575.75,678.25,0.5408692185007975
-0.6815445571370236,0.8783307732720432,-1.3782856632928577,-0.2854599966413625,0.3009721732762715,-0.8313734125810036,0.03539010732490597,-0.12526204072639216,-0.3396681910947546,SWAFR,-0.7557933933219142,116.65,-31.25,E116S31B,0,3920,1036,426.25,609.75,0.5885617760617761
-0.3595276229629657,-0.054060204848185744,-1.2153370993973411,-1.103645261919044,-0.3145396250808639,-0.8827229095223028,0.14264899713980447,-0.06491151112915847,-0.6022485837155586,SWAFR,-1.507936395857791,117.15,-31.25,E117S31A,0,3175,829,337,492,0.5934861278648975
-0.4566671084999325,-0.967587171265352,-1.0016467588955587,-1.1193876874729063,-0.5508369295729639,-1.5333808067078023,0.086095736739522,-0.559110488364663,-0.6689220880844438,SWAFR,-2.2536651089443858,117.65,-31.25,E117S31B,0,2454,678,290.5,387.5,0.5715339233038348
-0.4298060439186281,-1.1367696427556448,-1.3192743001572553,-0.8747460598673293,-0.6820698813213761,0.04391060052783823,-0.20174851147854,0.20246456102487254,-0.40488407771194634,SWAFR,-1.7232935388354114,118.15,-31.25,E118S31A,0,3918,883,368.25,514.75,0.5829558323895809
-0.07199961630934887,-0.29569927070188295,0.15993951062772946,0.23006030858026488,-0.5431928665724671,0.11293677763268313,-0.30986928220820104,-0.09113663807583848,-1.5603323160105975,SWAFR,-0.7093838009957741,118.65,-31.25,E118S31B,0,2994,667,282.5,384.5,0.5764617691154422
-1.613545788884602,-0.4629220275898877,-0.1640394037329149,-0.10711418063607224,-0.6151609216271969,0.9905039351689595,0.3629348304513467,-0.3122627561365271,-1.2135521293269256,SWAFR,-1.225923492292903,119.15,-31.25,E119S31A,0,3192,725,237.33333333333334,487.66666666666663,0.6726436781609195
-0.9427895326161676,-0.2785740446922565,-0.45009726831947444,-3.3586895434828765,1.195325396979311,0.4498429161165648,0.033836856099927065,-1.1574655138421501,-1.7274640693142056,SWAFR,-2.3544698414012037,115.65,-31.75,E115S31D,0,23653,2440,1241.3333333333333,1198.6666666666667,0.49125683060109293
0.8716301171310842,1.6694009881427807,1.0719291182435384,0.8541775994303741,0.73492962312177,-1.8860352050207174,0.17142882304399926,0.04906797415507703,-0.23044532523682165,SWAFR,1.4924669580010956,116.15,-31.75,E116S31C,0,18493,1820,876,944,0.5186813186813187
0.08795466883776891,1.4482343682640468,-0.5568998598201013,0.8825817385157932,0.719470242759093,-0.6226783109099824,0.3521275345220762,0.7447120214584128,0.2613302589689826,SWAFR,1.258502514502111,116.65,-31.75,E116S31D,0,6577,1365,609,756,0.5538461538461539
-0.2374623558314318,0.017494808415205697,-1.1112570649262177,-0.7078853263670808,-0.8628515626347458,-1.6595982187412095,-0.3027631388958697,-2.452023203831263,-0.08281410795893132,SWAFR,-2.466419957779109,117.15,-31.75,E117S31C,0,5053,1073,462.75,610.25,0.5687325256290774
-1.5891214705885575,-1.0755010387944917,-0.5315285162985977,-0.7717321723886266,-0.7230725532804216,-1.444335483950265,-0.45928380266607316,-1.751728258962825,-2.1573605867423638,SWAFR,-3.422565632949048,117.65,-31.75,E117S31D,0,3324,955,390,565,0.5916230366492147
-0.49103907279872766,-1.396836523587408,-0.43771045377715057,-0.71125456425569,-0.7826969366278137,-0.9153228367774062,-0.5177486293247473,-2.0116794175067447,-0.7256732719485837,SWAFR,-2.7049078114006186,118.15,-31.75,E118S31C,0,2497,725,306.75,418.25,0.5768965517241379
-0.13281930667084413,-1.3415804829610545,0.03970799182549095,-0.545371420509136,-2.1523929977378025,-0.9144922397100049,-0.6353727362026094,-1.413371657630894,-2.5117850389641494,SWAFR,-3.108368356299511,118.65,-31.75,E118S31D,0,2198,655,270.25,384.75,0.5874045801526717
-0.8415112657917652,-0.9049575707356691,-0.7957419266120664,-0.12140710173925011,-0.5260046882239642,-0.1067691145954245,-1.71298464259942,-0.5574886879502423,-0.6646496993477438,SWAFR,-1.9531822718323655,119.15,-31.75,E119S31C,0,893,377,121.75,255.25,0.6770557029177718
-0.9461361970970371,-1.0476906260065675,-0.14042680056952836,0.17297774918913203,0.2664679957324812,-2.30293152219449,-0.5676595964777784,-0.4423494139416645,0.5479777813880427,SWAFR,-1.237334834236134,119.65,-31.75,E119S31D,0,1530,557,216.33333333333334,340.66666666666663,0.6116098144823459
-1.2375087741627695,0.138594184434889,-0.4394275285752821,0.31832335056455147,1.0724777026704289,-0.30171383452923173,-1.3451702973397306,-0.005109033897448618,-0.034779638017727,SWAFR,-0.40548294684173575,115.65,-32.25,E115S32B,0,17816,1940,877.25,1062.75,0.5478092783505155
0.8617542791344489,1.3698836533633352,-0.4413574266647116,1.0872461689175996,0.8381906787385996,-0.09347278121679958,1.3461039891862312,-0.3274472150146897,-1.0466642874706575,SWAFR,1.1796982072818818,116.15,-32.25,E116S32A,0,14860,1678,839.5,838.5,0.49970202622169246
-0.07157437265628265,1.6723640712699621,-0.7709664915287074,1.317314489738727,0.8477473328810103,-0.21818119692494495,0.24444979159893765,0.9125827221544817,0.22211775921467064,SWAFR,1.5394987740528991,116.65,-32.25,E116S32B,0,5486,1189,505,684,0.575273338940286
-0.9600548481822516,0.29903315677202424,-0.5080837709185743,-1.430998644945305,0.29941641568576627,-1.8632959528370336,-0.36240276278813394,-1.027075522375946,-0.3585748510757864,SWAFR,-1.8490561954136608,117.15,-32.25,E117S32A,0,2515,826,325.25,500.75,0.6062348668280871
-0.21118377485753254,-0.8434534583825807,-1.8020705764094946,-0.66076280243356,-0.8701677161129743,-0.06639690598020447,-0.12779478965833452,-2.648712454722595,-1.156175190535284,SWAFR,-3.037350888714403,117.65,-32.25,E117S32B,0,2426,786,317,469,0.5966921119592875
-1.1309575355807757,-2.3137818162636,-0.9397274183802601,-0.2188398659672153,-1.8321267312857523,-0.911093053921108,0.16850850678018395,-1.56471710606106,-0.04068562052405023,SWAFR,-3.101905838428085,118.15,-32.25,E118S32A,0,2924,848,318.25,529.75,0.6247051886792453
-0.9515205929192716,-1.4807728475323974,0.06227683460466371,0.16394277186450432,-1.619826167928883,-0.41396583716945906,-1.899315737635635,-1.6726242484256675,-0.5300016764433592,SWAFR,-2.6424569909447126,118.65,-32.25,E118S32B,0,2278,691,253.25,437.75,0.6335021707670043
-0.06564934343120668,-0.811159663423163,-0.2763264326082009,0.5192128900372647,0.5071108275972883,0.854281941130321,-0.7520960933401113,-0.8670429487996799,0.4101168916993801,SWAFR,-0.24183929394405446,119.15,-32.25,E119S32A,0,1984,692,260.5,431.5,0.6235549132947977
-0.3776983021069204,-1.3769429783507265,-0.2289285156699002,-2.1859451259419345,0.3434732006382212,0.8886534451694991,0.3998140947255361,0.21702008278288082,0.4327989924086782,SWAFR,-0.9789474010195973,119.65,-32.25,E119S32B,0,2997,753,316,437,0.5803452855245684
0.15493122559924286,-0.33316503068177317,-1.0751312821932584,-1.4515605261883056,-0.3282291482249841,-0.6338313166835644,-0.4125111210660287,-1.0308719228581917,-0.7159187018274384,SWAFR,-1.9961809772015455,120.15,-32.25,E120S32A,0,862,360,113.75,246.25,0.6840277777777778
0.086813094529555615,-0.43693091375731613,-0.014121790791185833,-0.29270121284670975,-0.31058267353990116,0.24364123074997598,-0.45238772319214343,-0.4143121809080189,-0.21368591702394957,SWAFR,-0.6270875520987462,122.15,-32.25,E122S32A,0,546,211,30.5,180.5,0.8554502369668247
-0.15874984823071667,-0.573724760259658,-1.1960569699965684,-0.6044910684568069,-0.8923526403263001,-1.3469106047986876,-0.48222370732966807,0.6584223316330885,0.19956352388918516,SWAFR,-1.345484761434701,122.65,-32.25,E122S32B,0,1580,420,131.66666666666666,288.33333333333337,0.6865079365079366
-1.1022773649880926,-1.0614696012269582,-0.8904423836291329,1.1641530268954843,0.9581540314259577,0.5387094191798102,0.3418733888210688,0.35114362580513175,1.348123670884861,SWAFR,0.3982376578987131,125.65,-32.25,E125S32B,0,263,113,39.666666666666664,73.33333333333334,0.6489675516224189
-1.0858512946836905,-0.4727566280068097,0.02581651117105236,0.39041898721253576,0.929956408848373,-0.23077177573310606,-1.2544989937350777,-1.9549794960435827,0.5601287701673267,SWAFR,-0.9712408916118607,126.15,-32.25,E126S32A,0,1225,333,193.5,139.5,0.4189189189189189
-1.6392030234464063,-2.533032330028371,-0.013421952602953232,1.0419940446748273,-0.17227806465602477,-0.8977375164029571,1.07956151360151,-2.319070095502298,0.6404597462011433,SWAFR,-1.8376219468685688,115.65,-32.75,E115S32D,0,7536,1411,693,718,0.5088589652728561
0.3095775676450179,1.8629964104321768,0.18586599201021664,0.395009935685692,-0.37550076798786813,-2.2678263841391306,0.9810593886947334,0.38531545987866395,-0.8532213063907341,SWAFR,0.5114162150829766,116.15,-32.75,E116S32C,0,3784,945,410.25,534.75,0.5658730158730159
-0.48381290133383714,1.2566667276251315,-0.9282419889938617,0.9162251216640553,0.5577952841750909,0.3839598942330834,0.7514231744144783,0.9888888593480432,0.11412125357857239,SWAFR,1.162985775110469,116.65,-32.75,E116S32D,0,2626,796,308,488,0.6130653266331658
-0.8456121660754657,0.6039357258686969,-1.209449440322954,-0.022058084354297125,0.073205351040091,-0.4426335864243158,0.7125446124679149,-0.18094931567349726,-1.1705321878515529,SWAFR,-0.8654691979047006,117.15,-32.75,E117S32C,0,5875,1100,510.5,589.5,0.5359090909090909
-0.5111676809822635,-0.6851731260641389,-0.9661689799636319,-1.0747400001285088,-0.5532190450690706,0.2156074550413645,0.5168913368096387,0.296448654633819,-1.081950147507023,SWAFR,-1.4567308496325433,117.65,-32.75,E117S32D,0,3228,838,349.75,488.25,0.5826372315035799
-0.22547455033917874,-0.9448695181743034,-0.7620605374666387,-1.0961373595506672,-0.29461829500524395,-0.4358944700709379,0.25973165323691505,-1.158277634900951,-0.19197419038277258,SWAFR,-1.7944519884686563,118.15,-32.75,E118S32C,0,2997,888,346.25,541.75,0.6100788288288288
-0.344039203902626,-1.0668952546906854,0.1365275145792141,-0.4526009467900038,-0.7762131454567731,0.1119260628558958,0.3454024470075429,-1.2502565159005534,-1.0131962261095238,SWAFR,-1.5949967396506224,118.65,-32.75,E118S32D,0,2191,694,266.5,427.5,0.6159942363112392
-1.7847792359768457,-1.961075141381487,-0.4387787720144614,-0.9705142033933832,-0.34737339772056197,-1.7191597880267853,0.3666068648474153,-1.0078724199018987,-0.23977150317994084,SWAFR,-2.7637441521623782,119.15,-32.75,E119S32C,0,2140,740,282.75,457.25,0.6179054054054054
-0.056214873478140345,-1.8784505389499795,-0.19417689985980197,0.06237261094239644,1.1730366008641788,0.6682865421563783,-0.2891459840739917,0.31473272409302855,0.6966442971742973,SWAFR,0.04221521760137603,119.65,-32.75,E119S32D,0,2074,618,227.25,390.75,0.6322815533980582
0.12479972856481186,-0.6334380333002,-0.5997213593400053,-0.46987585355885486,0.14332196467186925,-0.07117310699214344,0.12442818265283154,-0.8625151320400465,0.07584932455190369,SWAFR,-0.8574971653308958,120.15,-32.75,E120S32C,0,1033,425,136,289,0.68
-0.05721612739567717,-0.31783470093246396,-0.8462962231576538,-0.17732492089539653,1.032143083866927,0.34967304830547,0.4405843851470475,-0.7559795725229254,0.8342911236676297,SWAFR,-0.05122482263625086,120.65,-32.75,E120S32D,0,1682,479,180.25,298.75,0.6236951983298539
0.06440482303429777,-1.16738169019202,-1.7363171253431495,-0.7317571175072795,-0.7731577972302025,-1.1796960903122125,-0.5240760202115705,0.23678208210768917,0.8056366679555678,SWAFR,-1.6620837111457785,121.15,-32.75,E121S32C,0,2595,633,239.5,393.5,0.6216429699842022
-2.0416947949935924,-1.6285281146143704,-0.14902781353342356,-0.24407278280859326,0.39428287047605143,0.5950951978935739,1.5785716989784981,0.7898541730921087,2.206374391903451,SWAFR,0.10088427364557284,121.65,-32.75,E121S32D,0,2375,518,184.75,333.25,0.6433397683397684
-0.41054742172840636,0.07204120671227653,-0.26117447959974466,-0.40448261830952414,0.8033327304103579,-0.29291033947186756,0.0644379446485501,0.5314481421129592,0.6530975950800811,SWAFR,0.2548587832601442,122.15,-32.75,E122S32C,0,70,56,14,42,0.75
-0.3347448187339779,-0.3986757049660925,-1.2845720058068455,0.4576493566870054,-0.7598681025733619,0.5667975411938923,-0.9833494645283267,-0.18794168758004334,0.9018332031208306,SWAFR,-0.7226963494531333,122.65,-32.75,E122S32D,0,139,94,24.25,69.75,0.7420212765957447
-0.16701643161930543,-0.3361566275021129,-1.269524660824091,-0.7182473055034672,-1.7838463163148766,0.21047180152492062,-0.29729833365168007,-1.8717530080260163,0.637043049935444,SWAFR,-2.1102124904869433,123.15,-32.75,E123S32C,0,509,268,78,190,0.7089552238805971
-0.8180067415283874,-1.4417634669701274,-0.7964498503919585,-0.2216410448422415,-0.6662554056643639,-0.06378791518374027,-1.4646646215810524,-0.7129750631172604,-0.9967377745165347,SWAFR,-2.3305924589772338,124.15,-32.75,E124S32C,0,19,14,7,7,0.5
-0.5914973426513358,-0.7461246436673372,0.5318291283419031,0.3934374393966701,-0.6223823678928379,1.123427342308768,0.23146272518968306,0.284644016123153,-0.42724682231073724,SWAFR,-0.06224793441937654,124.65,-32.75,E124S32D,0,370,171,53.75,117.25,0.685672514619883
-0.3615045402044237,1.0503763217832882,-0.14854648753636157,0.5279424272109693,-0.13795271268462864,-0.8210461958196457,1.7000830529990265,0.07668821650878362,0.18186827296399383,SWAFR,0.6385266871844946,115.65,-33.25,E115S33B,0,6978,1451,668,783,0.5396278428669883
-0.6449616207949117,1.131409516019594,-0.72899257880393,0.6395465421525067,1.1275211930283824,-0.692082375458378,0.4123197090712627,1.1353067497957456,-0.6606662099139563,SWAFR,0.74597767740334,116.15,-33.25,E116S33A,0,4189,882,420.75,461.25,0.5229591836734694
-0.9006523261626614,1.4657809690196504,-1.2108594035874,1.3876245298171241,1.0976525873415597,-0.34051805665270796,0.9643752275281773,1.195368540740383,0.4626451782337986,SWAFR,1.4329826219281214,116.65,-33.25,E116S33B,0,2158,783,296.25,486.75,0.6216475095785441
-0.7343403218838367,0.4482128165477512,-0.10311861822425507,-1.4686765501498975,0.4270074494403537,-0.5032749089757693,0.14439009027199667,0.2325740828716215,-0.4944217450521428,SWAFR,-0.6840758437193655,117.15,-33.25,E117S33A,0,3400,1064,437.5,626.5,0.5888157894736842
-0.2573674046518273,-0.2810147519276681,-0.1437274858826536,-0.9627191850407092,-0.649765714552981,-1.3565129314079891,-1.346512937763515,-0.12980088889983635,0.17071842254604985,SWAFR,-1.4258040118873854,117.65,-33.25,E117S33B,0,2308,810,310.5,499.5,0.6166666666666667
-1.2342143084536243,-0.9624723481457115,-0.37303442577712725,-0.3854807338576825,-5.110457474950368e-4,-1.2647177061564163,1.0749843030450768,-0.38643923104492683,1.3121185430884643,SWAFR,-0.8809046426579032,118.15,-33.25,E118S33A,0,5125,1018,416.5,601.5,0.5908644400785854
-0.9372368513148295,-0.9934674080014766,-0.19529967786237412,0.07649943812294559,0.5342572926667825,-0.21072651668027217,0.924285042382841,-0.02128423101754719,0.9035397831164552,SWAFR,-0.14272398314650792,118.65,-33.25,E118S33B,0,3896,872,380.5,491.5,0.5636467889908257
-0.7450545633121961,-0.49545510041662194,0.23942891392246476,-0.34180110031746896,-0.13541399891001835,0.6324232124895531,-0.028557705416761205,0.1101470020622293,-0.3287752671214538,SWAFR,-0.4519588730789979,119.15,-33.25,E119S33A,0,3296,832,344.75,487.25,0.5856370192307693
-1.191511473328431,-0.09805661713913487,0.5860356408764792,-0.34109673523163636,0.6678837030560801,0.7114985308369165,0.20407743672994424,0.15004655942181225,0.6369758449357081,SWAFR,0.32020375304062143,119.65,-33.25,E119S33B,0,6069,1108,528.75,579.25,0.5227888086642599
-0.33014679991761625,0.39811814392196615,0.7999117415378268,-2.5805255317442084,-0.8014503494619898,-0.05037916035316205,-0.8452857879618685,0.22138550507149765,-0.7172784926937877,SWAFR,-1.2607586786772818,120.15,-33.25,E120S33A,0,2222,756,268.25,487.75,0.6451719576719577
-0.34990751254647057,0.6218359882059263,0.7129959151241316,-0.2875826634692429,0.384396175748227,0.9995600878101099,0.025846213775938896,-0.10323893266449867,0.14985242728578443,SWAFR,0.6305240273484846,120.65,-33.25,E120S33B,0,1401,535,192,343,0.6411214953271028
-0.2891482377417565,0.31808750375389233,-0.21713906084845755,-0.22446777856016542,-0.5112559463355639,-0.8983035074564377,-0.5564528979243033,-0.4652623863517783,0.0656302396813068,SWAFR,-0.7980307500405486,121.15,-33.25,E121S33A,0,1772,512,178.75,333.25,0.65087890625
-0.06620450087308276,0.8132434378982859,-2.341157385441866,-0.49643688613320225,-0.00771067437517251,-0.782692867912616,-0.7427120311651743,-0.7284943558698485,-0.5040419146792455,SWAFR,-1.5606782618353998,121.65,-33.25,E121S33B,0,3741,729,316.5,412.5,0.565843621399177
-0.2603643630965028,0.4160210295886059,-0.8529055138896807,-0.26524321080865954,-1.3800698765042099,0.33200053594539713,-0.5175262232874266,-0.09653608448355248,-0.005129371078521823,SWAFR,-0.9096356660503654,122.15,-33.25,E122S33A,0,2813,734,277,457,0.6226158038147139
-0.4938976981674823,0.472774210567791,-1.2807837974909324,-1.5028829022115848,-0.6949168455397695,-2.2239692213197273,-1.490287752246951,-2.0481828984671053,-0.17202867052064774,SWAFR,-2.944544965393471,122.65,-33.25,E122S33B,0,1219,450,155.75,294.25,0.6538888888888889
-0.20567555924430211,0.28547587716843814,-0.6855923403620646,-0.017406220845895798,0.10664848508391621,-1.4138078203075874,-1.7775827242916646,0.23876992855678256,-0.45664079573038835,SWAFR,-0.9188737560939038,123.15,-33.25,E123S33A,0,3558,879,314.5,564.5,0.6422070534698521
-0.9382391952024143,0.5087969967803067,-0.9930605800534609,0.07956686945570757,-0.054895012998798946,-0.04240795844493434,0.25156159770028985,0.9730246101108831,0.47197570773773706,SWAFR,0.06767986997776823,123.65,-33.25,E123S33B,0,222,153,40.75,112.25,0.7336601307189542
0.14630486200366613,1.5574904351495509,0.6334985494127648,1.2463532232166767,0.5503200534139773,1.0654066818856385,0.5806685157332606,0.7205095064147843,-0.4744622451522665,SWAFR,2.0423965483122846,115.15,-33.75,E115S33C,0,14003,1697,911.25,785.75,0.4630229817324691
0.5272940063278183,1.1897254415849159,0.4805538337962091,1.4758434885211114,1.0839192085453655,-1.1579351334210517,0.6091605143287608,1.7538059241291266,-0.47968166162354386,SWAFR,2.170974913751271,115.65,-33.75,E115S33D,0,8011,1368,670,698,0.5102339181286549
-0.8951578051229098,1.3013731063875356,0.1429391484353108,0.7118748847455801,0.5868654153424544,-0.2437863995809049,0.33842852753748326,1.1931021240209094,-0.1564677318888009,SWAFR,1.1513683086664876,116.15,-33.75,E116S33C,0,3654,968,414.5,553.5,0.5717975206611571
-0.50407087742968,0.8887516391379741,-0.12230729279188005,0.40297685488905244,0.4112878122235295,-1.375016934556761,0.8108822880277005,0.5526673972736665,-0.08850615222068708,SWAFR,0.4747981211246713,116.65,-33.75,E116S33D,0,3065,1035,421.75,613.25,0.592512077294686
-0.059128643717666365,0.3383045624894538,0.0900320409379136,-0.5421934303642676,0.39793049340310394,0.05450674253555205,0.9883468492198992,0.36458929754346,-0.3770732662743669,SWAFR,0.31556485037660087,117.15,-33.75,E117S33C,0,2917,899,362.5,536.5,0.5967741935483871
-0.6962965202407081,0.4910528491923093,-0.5775356202003087,-1.884322072419847,0.6219971535869933,-0.934056597323196,0.555455361491696,-0.09710358923685852,-0.9778514499190625,SWAFR,-1.2080015534500477,117.65,-33.75,E117S33D,0,1637,626,220.75,405.25,0.6473642172523961
-0.7002602861267394,-0.2871812966456981,0.5025314068662843,-1.4803149159002502,-0.6567968597746446,-1.5417866612134914,-0.09365017506512988,-0.9556693876361683,-1.3632919187748478,SWAFR,-2.0877160274868247,118.15,-33.75,E118S33C,0,3196,865,340,525,0.6069364161849711
-1.3436114238408412,0.01745752083941333,0.8376579653070534,-0.7628278720703014,0.5642774446923539,-0.05063232239863073,-0.18872353596530192,-0.7135767756028283,-0.8331219032774823,SWAFR,-0.8115082290317165,118.65,-33.75,E118S33D,0,2702,887,333.75,553.25,0.6237316798196166
0.022651888113388342,-0.04729600910652605,0.21417804955332698,0.5919721440227605,0.6987012982448756,1.2950457472961143,0.27285266851760304,-0.004402444560348062,-0.17142645580033652,SWAFR,0.8287807520008841,119.15,-33.75,E119S33C,0,3100,917,356.5,560.5,0.6112322791712105
0.7796463323443841,-0.7579430015430374,0.3186944904144038,0.2016303834834553,1.0627540498672987,0.8265186827715778,-0.5432720869141332,1.2985007606439471,0.918798270232063,SWAFR,1.3846535153855095,119.65,-33.75,E119S33D,0,6705,1348,579.5,768.5,0.5701038575667656
0.5847575342911341,-0.17603825113296603,0.3542977260299765,0.1782929534061747,0.36578404270838055,0.11129301939037543,-0.4100788874293625,1.006972950786493,0.3939047221551187,SWAFR,0.9063483525034881,120.15,-33.75,E120S33C,0,14597,1553,720.5,832.5,0.5360592401802962
0.3614346503052021,-0.23998957108185973,0.4094708655415863,-0.06144595885561372,0.38361433805246126,-0.08868061333760968,0.24789925600582807,-0.051810093524486796,0.13288636263774878,SWAFR,0.34834377560924307,120.65,-33.75,E120S33D,0,3030,839,349.5,489.5,0.5834326579261025
0.26669045709489486,-0.8212194934651451,0.4948323624428695,-1.114364991808025,0.3589798965179983,-0.05523899200776172,0.4177160724648868,0.2996829804552985,0.11753499918155347,SWAFR,-0.1149724358372641,121.15,-33.75,E121S33C,0,3188,793,356.5,436.5,0.5504413619167717
0.3170323317951494,0.16674684080546434,-0.28990409059545197,1.2221459790106397,0.43823462174776395,-1.3880549769766537,0.9083724485198795,0.5369187864362219,1.2920488047593077,SWAFR,1.1702484580812225,121.65,-33.75,E121S33D,0,5269,1147,438.5,708.5,0.6176983435047951
0.20693927535004525,0.3909639327207977,-0.5173394802843747,1.149745164414176,1.0184550728199198,-0.33853715944691254,0.6171962886017195,0.7833404337423251,1.083863464562108,SWAFR,1.5011887068724603,122.15,-33.75,E122S33C,0,5281,1015,416.25,598.75,0.5899014778325123
-0.055120744738482726,0.039609970239492504,-0.2207233084885554,0.8514335141438673,1.165453873499115,-1.0070367019553177,-0.7168221984519821,0.663640871895725,0.3757548719391431,SWAFR,0.6432804287219629,122.65,-33.75,E122S33D,0,4277,846,404.25,441.75,0.5221631205673759
-0.1907740923575307,0.6430035125994085,-0.0020019169786061795,-0.20725000678990235,0.9073913377028169,-0.22903037699700055,-0.177746153963646,0.15216788113245447,0.12308599017074884,SWAFR,0.4135377960214098,123.15,-33.75,E123S33C,0,2818,774,299.25,474.75,0.6133720930232558
0.11733457537135472,0.5185311623373039,-0.7573610915646254,0.12852432496211988,0.007304574788084328,-0.1523431352902036,0.1585932809906022,-1.0145791145649814,-0.15771749498305035,SWAFR,-0.43915333846113014,123.65,-33.75,E123S33D,0,2443,658,299,359,0.5455927051671733
-0.14041238729840294,0.732705351235991,-1.1685057146715545,-0.8459392490242705,-0.6373118648206303,0.9544853043142865,-1.1174239835980013,1.2868925980926884,0.8797030404773893,SWAFR,-0.03650972230475935,115.15,-34.25,E115S34A,0,10804,1328,729.25,598.75,0.4508659638554217
0.5495417265499816,0.5174804336846467,0.9716074635954798,0.7127786799200048,0.17454722330583122,1.1148118930614237,0.037128280140605964,2.029681014249805,0.12074450287833531,SWAFR,2.159175792515318,115.65,-34.25,E115S34B,0,4690,926,430.25,495.75,0.5353671706263499
0.24086067445233408,2.107175444373206,1.3822741128910938,0.5764545883871721,0.664076409973055,0.8794867942498321,-2.3646398533224513,2.0740915497510386,0.016712199434561415,SWAFR,2.3473724239363354,116.15,-34.25,E116S34A,0,6430,1220,602.5,617.5,0.5061475409836066
-0.12280281516519954,1.7508134353027103,0.312865924498327,0.9807536045328363,0.9894247929395206,0.7271611697423218,-0.2701406153426159,1.3166176051242984,-0.013946264173939503,SWAFR,2.0621740418226855,116.65,-34.25,E116S34B,0,4210,1075,490.75,584.25,0.5434883720930233
-0.6789511346899605,1.1460007576167046,0.39717031241034273,0.9436031366686981,0.3574486286568609,0.603871812710403,0.07065048813472541,0.6083554365455709,0.5337779858988888,SWAFR,1.3804172479574344,117.15,-34.25,E117S34A,0,2250,836,311.75,524.25,0.6270933014354066
-1.2174413699467679,0.6766079726508607,1.0578498433213157,0.35116203902722554,0.7340060793707464,0.48539998192775446,0.807884579116783,0.7240782324165038,0.40761152138372175,SWAFR,1.3070142715202755,117.65,-34.25,E117S34B,0,10617,1588,716,872,0.5491183879093199
-0.5759811411871468,0.8290367303076961,0.7416700310144813,1.1590849029549508,1.2849210144245093,0.6890687632803411,-0.11292917661915446,1.5382084377050407,1.184779465272959,SWAFR,2.362159902658589,118.15,-34.25,E118S34A,0,9926,1530,649.25,880.75,0.5756535947712418
0.6997622108652758,0.5472173898476751,-0.3346259673735744,-0.4670412173668524,0.3527758897675792,-2.9808196239390017,0.13624151183195468,0.27334721613435475,0.17375189056586418,SWAFR,-0.20633561459982358,118.65,-34.25,E118S34B,0,5015,1242,519.5,722.5,0.5817230273752013
0.4047040110028697,0.8447840847620315,0.4022394258897073,-0.7944039272355172,1.0325887224796217,-0.22209630065671657,0.5850533838182063,0.993299755240244,1.0956297556185064,SWAFR,1.4346939208388554,119.15,-34.25,E119S34A,0,6840,1293,570.25,722.75,0.5589713843774169
0.28500453741602716,1.175293624297228,0.32820854645732345,0.01984803809368484,0.6349655941892256,-0.2954104828054035,0.3594233201978298,2.2445131956721447,0.20405022698757963,SWAFR,1.8285353277686187,116.15,-34.75,E116S34C,0,5331,924,459.5,464.5,0.5027056277056277
0.5909361918816707,1.012302881516994,0.40533960317910384,-0.3961965221950756,0.43303994084599057,0.8950940963525323,1.1415539500900107,1.9815909699036276,0.6523642244542791,SWAFR,2.123543074755826,116.65,-34.75,E116S34D,0,10770,1200,639.75,560.25,0.466875
0.5697124823117584,1.777506415173089,1.1324576574151295,-0.023806638745786358,0.1699226085740323,-0.9518463481437012,0.33064532610969266,0.9521886314986406,-0.11528398389044947,SWAFR,1.5360270941519951,117.15,-34.75,E117S34C,0,8043,1321,618.25,702.75,0.5319833459500378
0.8237589861350574,1.7404682994434533,0.5199267980999027,0.725767913013622,1.0188922826125455,0.20703396373154254,1.296278336665304,0.7747566669130426,0.5755440335251348,SWAFR,2.5524546792756744,117.65,-34.75,E117S34D,0,15007,1797,960.5,836.5,0.46549805230940455
0.25483378563495257,1.3378796734792817,0.760681944045337,1.0188190067061322,1.3305637929092606,-0.2430107706456839,1.2133823599517275,0.7641556723260886,0.9775635156212816,SWAFR,2.520716517703838,118.15,-34.75,E118S34C,0,9105,1462,691,771,0.5273597811217511
0.2805853255807494,0.4425528576461724,0.37811165036100697,-1.105305320817114,-3.31539583883655,-0.8258847596040769,1.7346565497806126,-2.076281243297952,1.4724437773829544,SWAFR,-1.3450389735050998,118.65,-34.75,E118S34D,0,3046,859,556.5,302.5,0.3521536670547148
