Elevation,MAP,PDQ,Surface_T,NDVI,CEC,Clay,Soil_C,pH,region,PC1,lon,lat,HDS,n_QDS_in_region,n_collections,HDS_richness,mean_QDS_richness,QDS_turnover,QDS_turnover_prop,PC1_residual,multivariate_residual
1.0433240847374483,-0.022841662363695343,-0.2977081130226189,1.455759209445133,0.7771114753370421,-0.10434223317793781,1.9573988378469793,0.685499829193829,1.1595444081386346,GCFR,2.0697083284447135,17.2,-28.4,E017S28A,0,1674,639,259.6666666666667,379.3333333333333,0.5936358894105372,-456.75515993952786,-339.6367826803491
0.7770263248236176,-1.4461807763330885,-0.14534759343303094,1.256382116021998,0.4688338373389283,-0.17251631551332286,0.7444776072027165,-0.425978225825672,0.6947730604038045,GCFR,0.48057034247244135,16.7,-28.9,E016S28D,0,1238,465,163.75,301.25,0.6478494623655914,-422.5379167143552,140.95359867249158
1.1417665914956594,-0.1651667083952785,-0.3488153386957527,-0.3797950429799673,-0.6556194861303014,1.035107510245058,-0.0018024299768572773,0.10955858372544473,0.9357867853390751,GCFR,0.36446882783222534,17.2,-28.9,E017S28C,0,1917,710,281.75,428.25,0.6031690140845071,-162.325683713797,124.63458045863706
0.5858646734955403,0.10629744479582773,0.2130197433779003,0.9162561960652239,-0.7248098489303247,1.5804111216638974,1.1692030001780631,-0.6312985431433324,1.0145827793125584,GCFR,1.0760960907022568,17.2,-29.4,E017S29A,0,1039,450,158,292,0.6488888888888888,-515.5668422454243,-278.75094547173484
1.6381907465550103,0.07650050550541346,-0.11501983040060765,-0.04811784186352163,-0.30680218813461235,1.0863007799979494,1.2562860630843067,0.6933009445909579,0.9425748059949954,GCFR,1.4671745203664837,17.7,-29.4,E017S29B,0,2427,806,322.75,483.25,0.5995657568238213,-210.80800143255033,-26.306757688593358
1.1273149819128192,0.4097416139377917,0.10224931257424502,0.6574924616467935,-1.3003013663459306,0.23366285378049428,1.1420894861062747,0.44612054393040346,1.340201267548549,GCFR,1.2487703204317722,18.2,-29.4,E018S29A,0,219,144,43.75,100.25,0.6961805555555556,-844.1915308550242,-519.4639572940205
1.2067813458228092,-0.6508040795083275,0.32812558225288613,1.442131328906979,-2.5415453832173993,1.0461195163810622,0.8186400295052165,1.0428507490159684,1.3544670792844402,GCFR,1.188315819501552,18.7,-29.4,E018S29B,0,721,338,196,142,0.42011834319526625,-642.2704631847788,187.90154026413236
0.3138331050365313,-0.35215073092486826,0.40949608651419994,-0.5436921254645964,-1.417952884242933,-0.46722304287906474,0.11903845143782857,-0.09220009202786127,-0.6270339883008276,GCFR,-0.8666574511187753,19.2,-29.4,E019S29A,0,1052,392,142.75,249.25,0.6358418367346939,-319.01702321481355,-97.3791083313076
0.5638419964032679,-0.08853833402657876,1.178839181920464,1.449333733052797,-2.110570751490949,0.2507247985782945,1.0425948909412792,-0.22087727694895137,2.1120118918057145,GCFR,1.2635193635576325,17.2,-29.9,E017S29C,0,1264,577,202,375,0.6499133448873483,-413.12402830142884,415.2963532183303
1.6722488811738363,-0.9092140917734346,-0.7096254389209605,0.7077049539328446,-0.41624464487472107,0.48390336534822365,0.9532950252428884,0.6931522136642682,-0.07941457666574271,GCFR,0.6445445197102031,17.7,-29.9,E017S29D,0,4925,1104,478.25,625.75,0.566802536231884,194.97732145504915,510.6361006971584
0.3944832841940858,-0.3097417125109952,-0.32129738927806245,0.4700473509876909,-0.23381149366692658,0.36577696146133143,1.1896895062093922,1.126779652284595,0.81369713762436,GCFR,1.0081478898059215,18.2,-29.9,E018S29C,0,680,387,116.75,270.25,0.6983204134366925,-569.6639104688053,-408.01980727389974
-0.09149636044110993,0.18742745102713704,0.9011011757513985,-1.2084896319792806,-0.5399640230471026,-0.4600133673218686,0.2922268630785218,-0.15822466395753204,1.6021178661716957,GCFR,0.09799291747878075,17.2,-30.4,E017S30A,0,1624,594,281.6666666666667,312.3333333333333,0.5258136924803591,-243.41060401052945,71.34492411914205
1.6609080336787787,0.10234763073285846,0.264899238484206,0.8166316950333868,-0.17715231864582692,-1.599818804562572,1.3245885951970735,1.4143534362715269,0.010803488952625555,GCFR,1.4461292737757476,17.7,-30.4,E017S30B,0,3324,939,364,575,0.6123535676251332,-75.05054218936448,100.98190404389771
1.637770111638702,-0.18805881516599118,0.2719559041162893,0.3311023720653802,0.6946244583227017,-0.12192018304586762,0.9803699118471303,1.1098219169556347,0.09024135492793343,GCFR,1.5947934262534778,18.2,-30.4,E018S30A,0,2149,780,260.5,519.5,0.666025641025641,-253.5293038001007,-133.04624963079291
0.5709297053849091,-0.19243359938738558,-0.9777767690991265,0.9761894474018368,0.45281141780110623,0.721792701908586,-0.09611871623615692,0.8026900357186533,1.0062410093947038,GCFR,1.0335506869344653,18.7,-30.4,E018S30B,0,255,171,47.5,123.5,0.7222222222222222,-788.9923189739216,-675.1003424241292
0.561683027075888,-1.3112048780087153,-0.9679991597966326,-0.7517504871179568,-1.0763632522962183,1.3182055201413547,0.8418627395434248,-1.7792186880872434,0.005980559224149133,GCFR,-1.5534493731592358,19.2,-30.4,E019S30A,0,35,27,9,18,0.6666666666666666,-594.0299220701078,-263.0887457751508
0.019207411593244166,-1.8477332347693132,0.7202641531769423,1.0112931009311859,-0.9873228942192802,-0.26942112009802893,0.527415487189019,-0.6135014881914097,-0.3145830981408546,GCFR,-0.6332741030916975,17.7,-30.9,E017S30D,0,1186,550,194.75,355.25,0.6459090909090909,-191.59614080549113,528.2057977721837
0.7751050962511485,-0.1716166223524462,-0.5715618132313078,0.10142454838098522,-0.3719441500007639,-0.2575742211216237,0.043028182164481184,-0.473621952524282,-0.3452322595680011,GCFR,-0.4376966599300135,18.2,-30.9,E018S30C,0,913,514,160,354,0.688715953307393,-253.22172927648742,-196.6169926194269
1.424042825381486,-0.24818364458975364,0.2781446947834323,0.23921387647594552,-0.04298474952170695,1.449114579207852,0.7769219011327786,0.7339269716608219,0.528190196883821,GCFR,1.4950177188977967,18.7,-30.9,E018S30D,0,353,222,62.5,159.5,0.7184684684684685,-798.4561642050323,-562.367362287208
1.1159725095789121,-0.5685799562982989,0.15444315782064114,-1.6807814627814395,-0.24747827828018085,-0.050523428085259406,0.8887572254460077,0.4182918713484938,-0.18171871377505935,GCFR,-0.232207966033197,19.2,-30.9,E019S30C,0,500,298,92.5,205.5,0.6895973154362416,-496.1459421106287,-355.8663383346689
0.5310525909832748,-0.28804595705676583,-0.977860083475623,-0.25479644702583193,0.0730787651987284,-0.22305855756711895,0.327771371768375,1.2482874476824497,0.33212556471622373,GCFR,0.229754593153838,19.7,-30.9,E019S30D,0,122,84,27.666666666666668,56.33333333333333,0.6706349206349206,-770.6747139329941,-766.692365376689
0.9806258107947868,-0.6804580609153921,0.733734819079042,0.6566320786098379,-1.192305779181063,-0.00392663257219894,-0.5614234216203569,0.27578605953405494,-0.4103651344495572,GCFR,0.07026341901232122,18.2,-31.4,E018S31A,0,1388,612,195,417,0.6813725490196079,-221.77733882042688,290.4052055109492
0.24217193545569957,-0.9963415918740324,-0.8319906305201276,0.4151556394892999,0.4336657676918081,-0.31310525022928143,0.6566626965748954,0.3028360363392803,0.5558298781072939,GCFR,0.05753732676958076,18.7,-31.4,E018S31B,0,1748,659,222.75,436.25,0.6619878603945372,-173.1098990718317,55.11473604926627
0.7685042608963355,0.8645535132712268,-0.6566222363572085,1.30843912404382,0.519938376538802,0.0062436558086431575,0.6122064887349766,0.004885348928419561,0.5655963400725209,GCFR,1.326844894742051,19.2,-31.4,E019S31A,0,5310,1374,421.25,952.75,0.6934133915574964,375.5787264968451,181.1831790672404
1.3375986626933665,-0.7322313106327426,0.5341048091926246,0.7751202166789899,-0.9296423303820898,-0.5225242000208628,0.10671421455484777,0.6016647841732676,-0.7100989271843312,GCFR,0.2992231014153083,19.7,-31.4,E019S31B,0,1919,729,240.75,488.25,0.6697530864197531,-134.77684440174545,299.3768624470999
0.2816019103619453,-0.2983641129025572,-0.14291720744965464,-1.8727523961566228,-1.4558896734770468,-0.943796660265874,-0.5399193339716243,0.410819541100132,-1.7495182389396153,GCFR,-1.9804467184266854,20.2,-31.4,E020S31A,0,111,89,33.5,55.5,0.6235955056179775,-476.0824770521987,-546.8808683012693
-0.33580062317772447,0.6906620442935457,0.053976212069118366,0.8542849506715223,-0.10305480428733639,-0.48737107339512636,-1.8273919380153678,-3.136898898639053,-0.297998439171114,GCFR,-1.3309505519544857,18.2,-31.9,E018S31C,0,977,500,186.33333333333334,313.66666666666663,0.6273333333333333,-150.1828915296847,-181.73371625002468
0.8730382948478438,0.4619546604936298,0.04526723874914463,0.4197563740600095,-1.3890782592391453,-0.0011155084467202039,-2.164710075669793,0.006345028970432776,-1.6992672788963468,GCFR,-0.7840883961180465,18.7,-31.9,E018S31D,0,5109,1464,595.25,868.75,0.5934084699453552,742.1643435640816,728.8421846955899
1.008152584503728,-0.39946196758140096,-0.4477740415751476,0.7479407344387267,-0.498233188301055,0.15219770954591522,0.3961864506130948,0.5907688940590714,-0.4610366685031387,GCFR,0.35409265083879227,19.2,-31.9,E019S31C,0,2673,1144,366.5,777.5,0.6796328671328671,273.0338577406647,404.8082763648125
1.8056871565719854,0.19021161495450742,0.9084248349446399,0.9831886584889393,0.1048402856882591,1.4852922974570513,1.204223283992246,0.4576974559605953,0.4174583772675002,GCFR,2.3283942097261225,19.7,-31.9,E019S31D,0,774,414,131.75,282.25,0.6817632850241546,-715.6495489335302,-506.63203581317475
0.9965243819451738,0.2784110921066797,0.5345189904939114,1.1349705263898617,0.7206332415200607,-1.2848035733352632,-0.6642292930322372,0.5098041456395903,0.032855709242941684,GCFR,1.124915682877714,20.2,-31.9,E020S31C,0,582,327,91.75,235.25,0.7194189602446484,-644.963442784761,-507.7925921625598
-1.5906740828482153,-0.5228007570664573,0.7908330105337094,0.21001570384913332,-1.7238004784088616,1.2211948975957359,-1.564637740555643,0.9495652336010907,0.7873532444852245,GCFR,-0.4114828183478071,18.2,-32.4,E018S32A,0,1285,525,314,211,0.40190476190476193,-245.65640510499892,214.27304379766124
1.1024754362860505,0.44511092791417267,0.48724018866786295,0.3968027315547117,0.4257439473902319,1.364013000493012,0.4676918974316125,1.0728952531239746,0.23002417696520996,GCFR,1.9061834451886073,18.7,-32.4,E018S32B,0,5935,1556,583.75,972.25,0.6248393316195373,481.6707330231097,432.44320378092914
1.1882479003814463,0.8165141270014075,0.8741238165927427,0.9056554567227432,1.3778389496252268,0.1738965627997525,0.6884464069406573,0.5910943390761924,0.9382651339535775,GCFR,2.5585965600928438,19.2,-32.4,E019S32A,0,10196,1910,749.5,1160.5,0.6075916230366493,750.1881245722182,723.5439884300156
0.4502074899970215,0.571862700795331,0.8775617569758285,1.5557835014419121,0.14754308340387615,0.020522675143023784,-0.19633168322925856,-0.4704860517402218,-0.027393249733865446,GCFR,1.1321309756757716,19.7,-32.4,E019S32B,0,1148,408,175.5,232.5,0.5698529411764706,-564.9088285150976,-499.2665766869436
2.0875655676198623,0.6578888610539191,1.4704750547595,2.0380306346257213,1.0360953714928989,1.3553870654490858,0.6423533036902196,0.0730012299391459,0.8246448683948945,GCFR,3.369401650271832,20.2,-32.4,E020S32A,0,2247,703,268.75,434.25,0.6177098150782361,-563.0478361563366,-328.5455431418055
0.46249378773035177,-0.5393145396034997,0.056785091642042144,-0.05669496954811076,0.6684526356452932,-0.7399315374978008,-0.6121477609675917,-0.08288056292362195,-0.024843704771169452,GCFR,-0.14562046030477685,20.7,-32.4,E020S32B,0,471,240,68.25,171.75,0.715625,-565.4910939474496,-382.6499086990815
1.5587271932962201,-0.6827004044563477,1.154131388883221,0.9397382865710356,-0.9349564255154894,0.26916811011036207,-0.29980405882890226,-1.3390422548084655,-1.1033933349944185,GCFR,-0.09119019489656649,21.2,-32.4,E021S32A,0,189,131,36.75,94.25,0.7194656488549618,-681.6228344956928,-181.57906046581607
1.1804367267144424,0.42217135690319846,1.6752311555288069,0.9523627870695415,0.014042944128729353,0.21337587493737037,-7.856085445417783,0.8223475767982777,0.2463209539779725,GCFR,0.34791259081610537,21.7,-32.4,E021S32B,0,1252,475,174.33333333333334,300.66666666666663,0.6329824561403508,-395.15639818912314,349.04517862466713
-1.2306540474306045,0.6500646993730295,0.930815527939227,-1.3850230397456882,0.2638283262677918,1.0967094430752444,1.1618124398169998,0.4598069577029622,-0.622864018835197,GCFR,0.20395113012050473,18.2,-32.9,E018S32C,0,1347,582,192,390,0.6701030927835051,-269.2938080671161,-789.869579580441
0.9214394181957352,-0.5613203771895021,-0.2849548548423911,0.542588383202554,-0.8121388002897924,0.9951524762301569,0.20179741466161324,0.5502621027385209,-2.3568704998870462,GCFR,-0.29764027543690375,18.7,-32.9,E018S32D,0,4723,1323,543.5,779.5,0.5891912320483749,537.4273442887652,420.4135849995515
1.8883451642324554,0.89643090535987,0.9960180170474447,-0.31297136446662405,0.8800652842801774,-0.5217447943815378,0.08027732590374619,-0.46542545077578645,0.28056923396071465,GCFR,1.3420095597619375,19.2,-32.9,E019S32C,0,7456,1820,753.75,1066.25,0.5858516483516484,819.5917720770614,823.740372468087
1.9890003708089246,1.5420674550063909,1.63499995392166,2.348606926136998,0.5344261678891089,1.7486978193510956,0.38249136112555304,1.0522991130501462,1.1855352835921191,GCFR,4.195288773387803,19.7,-32.9,E019S32D,0,2531,975,285.75,689.25,0.7069230769230769,-399.2599244132056,-290.45416156193875
1.1285787880676936,-0.39666968503774125,0.7615924153370123,0.9761056175812114,-0.09472855386600423,0.7906812679698995,-1.0259156378730536,0.02405805786034439,-1.1877954814436233,GCFR,0.4855035698819849,20.2,-32.9,E020S32C,0,346,221,65.75,155.25,0.7024886877828054,-667.1842941972985,-452.74832558898504
1.2160532720600703,0.49792500617470087,0.6966741365581959,0.3827310777072982,0.8544079296982742,0.7020448479836648,-0.7918890594070849,0.4557439491185658,0.036319757150507115,GCFR,1.4791928997561081,20.7,-32.9,E020S32D,0,747,348,115.5,232.5,0.6681034482758621,-670.3827129092323,-667.6125899992281
1.7048369196228181,-0.13726892278612768,-0.9966392923307066,1.6256379300752644,-0.30588575557115777,1.1775224229902632,-0.36545514989218336,1.2417123111624364,0.07005999433312997,GCFR,1.3611476577781234,21.2,-32.9,E021S32C,0,60,49,14.5,34.5,0.7040816326530612,-953.9158024977578,-787.9741531414837
-0.1183491957599034,1.3494059830830984,1.6979722368273669,1.456572734499351,0.11514632947718154,2.560444889094384,-0.4387415408062464,1.7542147772753647,1.564487025047113,GCFR,3.323757103305551,18.2,-33.4,E018S33A,0,4389,1239,488.25,750.75,0.6059322033898306,-21.0672467918667,13.331971084398052
0.05097998334020535,1.3642775157716909,1.3328974319876472,0.234109527270343,-0.3766767221859915,0.531374633229912,0.7453887879969324,0.4194845443181724,-0.2207423003770332,GCFR,1.3663449176948324,18.7,-33.4,E018S33B,0,2993,1093,369.75,723.25,0.6617108874656907,89.40322508717546,-186.61672269544619
2.0462890448185043,1.1281783605016602,1.2868389169279129,1.0522727564063368,-0.03956546587186947,0.808653165380076,0.7000434056877745,1.113654441338674,-0.38712091277408966,GCFR,2.64479989541528,19.2,-33.4,E019S33A,0,14040,2503,1138,1365,0.5453455852976429,1331.893308768875,1271.3126983105299
1.3803682115397624,1.6797376898220882,0.8735903125844869,1.209078280932657,1.2191328016007938,1.3307840779975062,0.7588235997317223,1.586056085274863,1.1346652292500714,GCFR,3.720687518154635,19.7,-33.4,E019S33B,0,3765,1339,480.25,858.75,0.6413368185212845,26.92483604697263,-225.65660208719407
0.7958675389097895,-0.07058135161863693,0.8265742339310214,-0.258189605532552,-0.4463828089942389,0.41008533915161355,0.33885764454645545,-0.1545607251993226,-0.6529351748467871,GCFR,0.21103433642545225,20.2,-33.4,E020S33A,0,1243,629,208.5,420.5,0.6685214626391097,-223.22188712823612,-126.51651455671654
1.5112106604751272,1.125239552979872,1.7079876533982268,0.3106603076979324,-0.6332094274924835,0.7225591270704262,0.8700985173304454,0.2629780883923063,-0.3227550638157913,GCFR,1.8346945764479734,20.7,-33.4,E020S33B,0,3530,1157,436.25,720.75,0.6229472774416595,92.037581781277,83.21972700146392
1.5106726485026782,0.9399743976420036,1.4873617376932997,0.11100272873444507,1.3615917071420043,0.04435257661579269,1.2089995683292916,0.47609777656971075,1.0732191931963004,GCFR,2.7080721072122067,21.2,-33.4,E021S33A,0,3101,1011,313,698,0.6904055390702275,-168.39695024538875,-162.13891908541274
1.3516582906554624,-0.9620380127073962,0.6054980632965505,0.9387182517101444,1.725120459801647,0.6870890705250222,1.2431373419703222,0.5610263094187153,1.3121888303340579,GCFR,2.3057847025398654,21.7,-33.4,E021S33B,0,1275,646,198.25,447.75,0.6931114551083591,-480.6871320140694,-43.203311533642946
1.9903986110462526,0.3844910258160207,1.306412768247923,0.2549098535869989,1.4675893555930724,0.6710083370041546,0.9696370109315091,-0.43763950359689,0.47736051251564887,GCFR,2.242349066944824,22.2,-33.4,E022S33A,0,4789,1367,458,909,0.6649597659107535,248.62453964844818,346.040298763393
0.6069870956159154,1.6633541388923558,2.4446265592158056,1.6871599975188871,1.7350824717987972,1.1567414007406032,0.5822656170598386,1.8840746046875594,1.753489732205877,GCFR,4.634783912562675,22.7,-33.4,E022S33B,0,1289,638,183.5,454.5,0.7123824451410659,-793.8448963273128,-843.0542834828358
0.8707082024700434,1.599616421016174,2.298814389528076,1.2170266032463286,0.8118063229490502,0.17121274494264532,0.1692517150636863,1.2884104084706423,0.9096437956934331,GCFR,3.3629248791048107,23.2,-33.4,E023S33A,0,1228,556,176,380,0.6834532374100719,-709.1992154265436,-718.2444282408276
1.5110342619259993,2.028792962398522,2.3502210929631775,1.5424125157591113,0.47577891792562105,0.7090276497477606,-0.3900681863102912,1.7065974025124386,1.099746663048837,GCFR,3.9895949247517755,23.7,-33.4,E023S33B,0,603,334,102.75,231.25,0.6923652694610778,-1013.308831122735,-980.5665175077836
0.5333404514945616,1.3235044853580484,1.707755995024382,0.17701026162194078,0.3950774003724506,-0.5213884267083163,0.02172441377620415,0.7489799786777421,0.2704713905827607,GCFR,1.791147783627342,24.2,-33.4,E024S33A,0,556,267,81.33333333333333,185.66666666666669,0.6953807740324595,-792.2566876701816,-897.8036369851212
0.18652345362367684,1.2111245725232533,1.5940491950942088,0.7132122373245191,0.18784417495515057,0.5279886141741733,-0.23373464455634502,-0.448279879279857,-0.07846098299420852,GCFR,1.333553554687422,24.7,-33.4,E024S33B,0,278,156,55.333333333333336,100.66666666666666,0.6452991452991452,-843.300277524134,-969.0951014410473
0.8236076835657673,0.5400370614406749,1.172349646036,0.41079262458598126,1.1502948571920915,0.38294014594285286,0.7008831997071255,0.15200509837777662,-0.4090823408528285,GCFR,1.6514334521918124,25.2,-33.4,E025S33A,0,467,315,112,203,0.6444444444444445,-725.9505788317126,-895.1647785653076
-0.21773291748904844,-0.312710941899624,0.3018803262900974,0.20222345976712114,-0.59546569970382,-0.3128334580386242,0.26847288378519774,-0.7496975952981699,-3.9039841957106463,GCFR,-1.6593452939995874,25.7,-33.4,E025S33B,0,1889,848,269.5,578.5,0.6821933962264151,240.84512018601097,-219.92218442569563
0.9349668455792376,1.4568129533680652,1.9478468755763,-0.6291351046557233,0.4199630628718686,-0.42272640877695095,-0.22962262562742244,-0.760967953630283,-0.28728576574222936,GCFR,0.9804874343608867,26.2,-33.4,E026S33A,0,2255,956,277,679,0.7102510460251046,2.960308340358818,-165.0414542087668
0.9139611754788373,0.9262700514222718,1.1505180503861974,-0.7656340625808934,-0.9962437807570449,0.5513451727883034,-0.6237620334889162,-0.7522923180851181,-0.5758086236364754,GCFR,-0.021121616660656095,26.7,-33.4,E026S33B,0,5453,1478,923,555,0.37550744248985113,656.1964107015314,636.556973135021
0.8040520219193308,1.5385293008820016,1.797470152727063,0.9009194715006827,1.1856269771684342,0.8714922736032527,0.6297520677388436,0.5448413164536094,0.24073656904623414,GCFR,2.8953027268678806,18.7,-33.9,E018S33D,0,19907,2811,1278.75,1532.25,0.5450907150480256,1607.0711061372715,1337.4787797159936
0.1538051213168396,1.705908311969017,1.5888058790913036,0.8100358049450616,1.0509173636633342,0.07013428526306528,0.9670764544952933,1.254445309995046,-0.07661149348309548,GCFR,2.654112254296987,19.2,-33.9,E019S33C,0,18692,2875,1322.25,1552.75,0.5400869565217391,1702.6731543761234,1245.0447925161563
0.8274554039282879,1.2418937080387562,1.5693031900289338,1.0395397559417412,0.9509283914488091,0.7432573831242066,0.7338882492853528,1.174547666956643,-0.24305807435303697,GCFR,2.77398631313953,19.7,-33.9,E019S33D,0,5546,1729,629.25,1099.75,0.6360613071139387,540.9666227302038,268.9339287471326
1.6103629000248219,1.9619674302109988,2.8830937065765236,0.4344525146423186,1.2426458857870522,0.5676271032596529,0.6975957402425648,-0.3789850291229161,-0.5281351463396428,GCFR,2.940066634360726,20.2,-33.9,E020S33C,0,4153,1402,449,953,0.6797432239657631,192.20590280287104,-114.82245771469864
1.086098571399462,1.9510810290080132,2.4124784034257916,1.6820395042100635,2.232223978896684,0.8722229681840615,1.130357330121591,1.4634623300678549,1.4417922235941136,GCFR,4.860990866478178,20.7,-33.9,E020S33D,0,6650,1794,658.25,1135.75,0.633082497212932,332.51627510121335,120.1987735137916
0.02779200317055046,1.9380711601071274,2.4471368991945517,1.8048536466593224,2.2646280452948937,1.600372508504048,0.2776106890796466,1.9012982305655073,1.7363854467304498,GCFR,4.802807232790501,21.2,-33.9,E021S33C,0,5974,1617,582.75,1034.25,0.6396103896103896,163.13980176422942,-77.82205322841652
1.2999036005348383,1.3791609515189254,2.077809684927298,0.4572619242220564,1.6338904783193433,0.4111482593371053,0.8507804210620635,0.9134763634563136,0.9210770376876776,GCFR,3.381786955757385,21.7,-33.9,E021S33D,0,3219,1203,411,792,0.6583541147132169,-64.67062422601182,-170.01577307226887
1.6757093969501207,1.6637499203567605,2.1200688179780798,1.074763205203792,2.116769090768721,-0.716137891047522,0.34278193388387557,1.0258267422827665,1.37149457739331,GCFR,3.8642686548819927,22.2,-33.9,E022S33C,0,6178,1619,583.75,1035.25,0.6394379246448425,288.11207797787665,262.88564904448987
1.865112624282839,1.676417693498712,2.4247784057854305,1.3032414052093677,2.1771054219419286,0.16211002963993085,0.6241514123035483,0.6759037850790048,1.32650628296451,GCFR,4.260411512533869,22.7,-33.9,E022S33D,0,5106,1620,574,1046,0.645679012345679,237.2073507158515,222.2060925371703
1.9599237450352642,1.4956178705705179,2.4088154532775596,0.6971416544171607,1.979188323007584,0.38681555299706166,-0.21748395256165118,0.5592234817013552,0.7601850891218854,GCFR,3.5716819948139604,23.2,-33.9,E023S33C,0,4605,1338,507.25,830.75,0.6208893871449925,45.448325869246894,32.78826150730268
1.5752305390267445,1.8228297897972214,2.65032139362918,1.0711381453399167,2.1306792227689493,-0.6049220137976927,-0.6152547853051423,0.883650760095042,1.342904824442095,GCFR,3.85208656264519,23.7,-33.9,E023S33D,0,4362,1342,521.75,820.25,0.611214605067064,12.708239975546107,49.21292073488249
1.4719998871404478,2.0031828865746313,2.476377975401483,1.0075771628771255,1.8522800415590779,-0.7966988062087796,-0.8869188537535042,0.6435737670794995,1.0152331232765994,GCFR,3.4091616584470246,24.2,-33.9,E024S33C,0,2740,1026,381.25,644.75,0.628411306042885,-245.25740220153045,-290.05981728450263
1.0266007617857742,0.4513974997894129,1.742703029951842,-0.329456936397177,0.4519594088652798,-0.7681542784224018,-0.5841319618388522,-0.37540979144399517,-0.4535272113116456,GCFR,0.6354063419219743,24.7,-33.9,E024S33D,0,2252,893,315.75,577.25,0.6464165733482643,-14.825346278047473,97.86010667580042
1.3257712906403423,0.7393216422645164,1.6727863739810418,0.25209383470691565,0.6396513391484002,0.49247218179719243,0.35456286212872706,0.21355595694901036,-0.18542369990024482,GCFR,1.8899682830669322,25.2,-33.9,E025S33C,0,5342,1514,637,877,0.5792602377807133,441.7953291155998,433.03163011001124
1.2161085084380998,0.6695255545049966,0.27214307730299175,0.44638491705309,1.1799033809213042,0.30614237042521564,1.239857712733703,0.7250335038520939,1.577647786285015,GCFR,2.423691383480981,19.2,-34.4,E019S34A,0,21899,2748,1404.75,1343.25,0.48881004366812225,1605.8641125725558,1613.5357259361924
0.47264611261357137,1.0765256418245568,-0.2689445491935747,0.7561600380915592,0.999685424209933,0.5947683089076101,-0.5337738391879293,0.8007987033067652,0.8312019365448152,GCFR,1.6731938626605902,19.7,-34.4,E019S34B,0,7741,2051,820.25,1230.75,0.6000731350560702,1007.1982573805908,764.5401957151146
0.7187875403817475,0.718577819033202,1.8329459441326341,0.9119360012427594,0.8577321844964001,2.1467474065685574,0.8173318025505925,1.4028811309616114,0.4729994425969415,GCFR,3.1816952889029833,20.2,-34.4,E020S34A,0,6539,1820,650.5,1169.5,0.6425824175824176,578.54644165028,543.4376796085714
-2.0812635851734034,-0.10226885962717763,0.5927798376955382,1.4473527945420757,1.5488738049107034,1.6401424266818354,1.5302918935386876,1.7311980465165484,0.9980756078547149,GCFR,2.221533106837994,20.7,-34.4,E020S34B,0,5669,1504,546.5,957.5,0.6366356382978723,388.35195656679554,154.59147460583944
-2.1176178115073134,-0.4742815651651751,-0.5064320251128218,0.27191012887659005,-0.10243877166260246,1.1763996167952642,-0.6888847373956218,0.7565559093952777,0.17295629140552576,GCFR,-0.5651365723701605,21.2,-34.4,E021S34A,0,6230,1751,680.5,1070.5,0.6113649343232439,1000.4761204252864,895.7931219418216
0.029977973045266552,-0.529457417262552,0.12279773790074926,-0.5771479379464834,-0.4039683836769216,-1.1038117772494775,-0.48312955927603857,-2.0816421437663712,-5.635529527200803,GCFR,-3.3224440112817915,21.7,-34.4,E021S34B,0,2942,1045,370.25,674.75,0.6456937799043062,655.7530886447423,8.797585490870308
-0.1615956537356244,0.6561714473576382,0.6505136205418639,0.6381338324824286,0.88925832738831,-1.0116945718074295,0.6049277098257965,-0.7737681946203103,1.3405603091090612,GCFR,0.9982048944314097,19.7,-34.9,E019S34D,0,6637,1343,676.6666666666666,666.3333333333334,0.4961528915363614,387.63887324447614,427.8764205186277
-1.9419377874738795,-0.012816441872620325,-0.4531797211531125,-1.0000737522932104,-1.7248901593894024,1.0267777966244567,0.6935969133351406,-1.3902962523890645,1.476018807378881,SWAFR,-1.5516157932276422,113.65,-26.25,E113S26B,0,1045,320,101.66666666666667,218.33333333333331,0.6822916666666666,-301.27016738672575,-122.83084672603073
-0.09041325611741602,-0.5326507530378533,-1.571856963856353,0.05991365672370779,-0.030418122667959437,-0.5042232827056119,-2.009210362741413,-0.16597231752342806,-0.19766696668894354,SWAFR,-1.470649869958879,113.65,-26.75,E113S26D,0,1237,337,116.5,220.5,0.6543026706231454,-294.87874983017423,-123.50898482226336
-0.4700847944330902,0.19861592084083687,-0.20820935725219103,-0.03927340307537456,0.0982862219929206,0.4042283020623375,1.0615313768656374,-0.951489743677015,-2.553026485260425,SWAFR,-0.9581400010521057,114.15,-26.75,E114S26C,0,411,156,48.666666666666664,107.33333333333334,0.6880341880341881,-543.0304968599779,-843.6496380914813
-0.4861316969260087,0.10331033325771898,-0.7284129687926694,0.7699948525834935,-0.45920614256126757,1.0120200835824622,1.069681692559288,0.47478134786433684,-0.12432390043050728,SWAFR,0.3337302066259207,114.15,-27.25,E114S27A,0,1011,398,143,255,0.6407035175879398,-470.29814738616733,-307.7727591876074
-0.6810787928780081,-0.4290043386311159,-0.9015663731197455,-0.27397080520708544,-0.7037248773075613,-0.6021840232053383,-0.17929125272732138,-0.5303528436830596,-0.019418884671081077,SWAFR,-1.462528121526171,114.65,-27.25,E114S27B,0,2114,438,164.75,273.25,0.6238584474885844,-194.94290416022892,-139.69951694178096
-1.299616370912381,-0.3069185054799866,-1.286121087166084,0.023394327632998167,0.21583251817881838,-0.610023243240383,-0.48311315009872857,-0.286145853791786,0.14191058333306253,SWAFR,-1.2648620277316953,115.15,-27.25,E115S27A,0,102,78,29.5,48.5,0.6217948717948718,-580.8421586568688,-513.7657229005134
-0.8158225862570314,-0.12624302473219948,-2.770862004712256,-0.4935465576846953,0.936548034058357,0.2057955144547004,0.4539896265931026,0.7632216706816184,-0.1874054010789189,SWAFR,-0.8666679688773553,114.15,-27.75,E114S27C,0,8604,1051,541.25,509.75,0.48501427212178877,339.98435487740727,470.46874750458744
-1.3235287973026055,0.05367247469542501,-0.07660067748825335,0.2153112056540495,-1.1136537874928671,0.1591711585587859,-0.30282181078873316,0.26036958092601653,-1.1762860002502464,SWAFR,-1.03399612779779,114.65,-27.75,E114S27D,0,4725,895,382.5,512.5,0.5726256983240223,205.9085730836947,363.1796515044191
-1.6026273404874396,-0.1671301762206057,-0.7099399163916952,-0.6069302512058842,-1.19465381056201,0.6691863118724471,-0.2898455423246655,-0.5336497359916637,-0.6017218823416985,SWAFR,-1.825058628111139,115.15,-27.75,E115S27C,0,223,160,47,113,0.70625,-425.4422444739884,-245.0145782529459
-1.0574157760659517,-0.3499271284801676,-0.984152322290778,-0.1311377867950706,-0.2501951225250301,-0.23556147857729406,-1.2925291668938093,-0.5078844842008174,-0.002130500938062706,SWAFR,-1.5228812827720832,115.65,-27.75,E115S27D,0,590,338,108.75,229.25,0.6782544378698225,-287.03511455009044,-159.89828237193618
-0.6436821773527907,-1.6791242948171503,-0.7951167872117346,-1.3312236449921113,-0.9644990663866976,0.6177623358026257,-0.0926125054647273,-0.007181534850579052,-0.7887310324854206,SWAFR,-2.1231648004777774,116.15,-27.75,E116S27C,0,332,231,88.66666666666667,142.33333333333331,0.6161616161616161,-315.3828009602696,-95.62617780496123
0.5961822975003132,0.5112637206163134,-0.14943716113455222,-0.24498970889355948,0.15534715480908284,-0.04870409705968219,-1.0472157469580397,-0.8271168320079312,0.22588221213329845,SWAFR,-0.19025938697637657,114.65,-28.25,E114S28B,0,4379,902,369.75,532.25,0.5900776053215078,102.35773374035139,-61.10430112302291
-0.6930491418996024,0.005171505997403778,-0.3031493850480714,-0.15255788620795224,-0.09209830732405332,-1.0275731032487958,-0.29676823461958346,0.7377274991979621,-0.5426886389426123,SWAFR,-0.6009499208369495,115.15,-28.25,E115S28A,0,1589,531,190.75,340.25,0.6407721280602636,-214.83142570711897,-212.65520348442874
-0.44105567572221444,-0.43877265156225437,-0.20503699066352074,-0.03996765298892493,-0.10181762788028793,-0.9294466820681629,-0.14709014811957177,0.6389635564766273,-0.2654884085541244,SWAFR,-0.5068457644379705,115.65,-28.25,E115S28B,0,1281,390,133.5,256.5,0.6576923076923077,-368.1614487726979,-345.80234310079527
-0.698203607557474,-0.23401677342563681,-1.483520048956488,-0.2789586035620914,-0.17228210514394748,0.8706549747030606,-1.0133122957970384,-0.40360386223793615,-0.5685721070138522,SWAFR,-1.4059881088496227,116.15,-28.25,E116S28A,0,762,270,86.75,183.25,0.6787037037037037,-370.3510749266111,-200.86817641203035
-0.27536280997252366,-1.2200818265751505,-1.4904142756390462,-1.1183381470455218,-1.2883855574285474,0.8065768757244517,0.2427979315873967,0.3461857620994035,-1.3381878722934748,SWAFR,-2.031381742427785,116.65,-28.25,E116S28B,0,915,341,128.5,212.5,0.6231671554252199,-217.40870147403317,55.63926091942251
0.23853027256144918,-1.1372628420293103,-1.1749135050450157,-0.4457257532299838,-1.0834254863183956,0.10150693233469854,-0.285619082499489,-0.05941433444665166,-0.5399493232433198,SWAFR,-1.557879892498111,117.15,-28.25,E117S28A,0,257,120,37.75,82.25,0.6854166666666667,-500.4494120508775,-299.10740544868605
0.31956245501793185,-0.30275075144134495,-0.25043590848249053,0.39208241822634154,-0.6072470551281607,-0.78616051085966,1.1415435273360994,0.17781235289550681,1.3571090074454153,SWAFR,0.3869716237062227,114.65,-28.75,E114S28D,0,8925,1293,573,720,0.5568445475638051,417.7258812458841,432.4321882807615
-0.296801081912138,0.540618888017098,-0.3057503844751059,-0.38558601080365956,0.3568133410290908,-0.9379902403207441,-1.4622508492274908,-1.2748842000844742,-0.47200459765000496,SWAFR,-1.18893532423022,115.15,-28.75,E115S28C,0,3735,856,363.25,492.75,0.575642523364486,187.2095240605513,-71.45847353990156
-0.04639225196987845,0.15955043387122114,-0.4338199424343793,-0.4161438479967045,0.1473301444776438,-1.8449630250046218,-0.5799102899399051,-0.12457497139494861,-0.4111564741404063,SWAFR,-0.92581195179924,115.65,-28.75,E115S28D,0,3673,824,332.75,491.25,0.5961771844660194,120.73371156389857,-82.63206350037427
-0.5385831951632019,-0.5580953654633761,-0.3865729613209715,0.05459746855592501,-0.4597337767191087,-1.0604293843741721,-0.19450972129611943,0.33731342337609443,-0.6835002214469095,SWAFR,-1.0183683036006994,116.15,-28.75,E116S28C,0,802,367,132.75,234.25,0.638283378746594,-324.1390668951175,-286.3181395375272
-0.3614811257655381,-0.6572867265330217,-0.6608060733597116,0.6607903100515952,0.6151610791007291,-0.41860014983968197,-0.5448125326987202,-0.7542881610960629,0.31210763346134107,SWAFR,-0.555905031408791,116.65,-28.75,E116S28D,0,465,242,74.5,167.5,0.6921487603305785,-509.7334447771467,-550.1080782936111
-0.3782557675861217,-1.1415191246874725,-0.1704952254912623,-0.5459850418471494,-0.3310204390813706,0.8014639122960745,-0.19946167637195475,0.3974407012047961,0.08164588859638199,SWAFR,-0.6384304644939912,117.15,-28.75,E117S28C,0,851,466,154,312,0.6695278969957081,-274.92052712956394,-85.63049500129051
0.651532652984781,0.6389641776109987,-0.4716827484387485,0.8126980732352603,0.1471267616176981,-2.8111941825351936,0.665711674256978,-0.24374697883491117,0.31194592107537306,SWAFR,0.1793618647556251,115.15,-29.25,E115S29A,0,3790,931,380,551,0.5918367346938775,82.92800721412576,-251.9522499569317
0.3040125878015119,0.24685278774666702,-0.37814318005484426,-0.3212756375710165,-0.18894736416003974,-0.27752323086947694,0.6886065363134647,-0.7931685001983659,-0.8116307683308296,SWAFR,-0.5999377008835143,115.65,-29.25,E115S29B,0,3205,857,350.25,506.75,0.5913068844807468,111.03594789410243,-130.75831997172122
-1.2521298330935393,-0.5549223459542504,-1.089863271629009,-0.6672780282407237,-0.4678356303902623,-0.7140676125001155,-0.6221557957876307,-1.5314942288174456,-0.2003083320164346,SWAFR,-2.407348709659949,116.15,-29.25,E116S29A,0,2070,626,259.5,366.5,0.5854632587859425,116.8524741770629,80.03842945593182
-0.07114603210944567,-2.006610035400626,-0.14483500211185013,-0.3318433436643554,0.18489918641501268,0.9434832995964706,0.05040954121241427,-0.08283809537947152,0.7213705739143272,SWAFR,-0.5003994570546353,116.65,-29.25,E116S29B,0,1596,507,192.5,314.5,0.6203155818540433,-252.00607797682508,-91.2381900395577
-0.29861622808573557,-0.8354144517528658,-0.8435590935103519,-0.2222610572523906,0.10817377121716194,-0.07099008394097078,-0.31172135984907606,0.09341282633201702,-0.1985990593759835,SWAFR,-0.8883230674153006,117.15,-29.25,E117S29A,0,1846,551,220.75,330.25,0.5993647912885662,-157.17827985970035,-81.22520573783301
-0.29137325979349626,-1.323329627282742,-0.5353942492337845,-0.22575825620971782,0.09388314037135534,-0.37505542083186016,0.3064841485804941,0.12626113703828867,0.8972541038134181,SWAFR,-0.5560484459298161,117.65,-29.25,E117S29B,0,1307,380,157,223,0.5868421052631579,-371.714653849946,-286.55625568172303
-1.4271272039742422,-0.4423378138901198,-0.5100590519332068,-1.366821381582591,-0.6761491632036685,0.5110289618516429,-0.15457959107395206,-0.10888289837709997,-0.30955502069863355,SWAFR,-1.6668590872620432,118.15,-29.25,E118S29A,0,95,67,16,51,0.7611940298507462,-539.1703829779163,-421.59505799692863
-0.3782272996337,-0.35021219783362206,-0.3148974359583774,-0.4774198088866266,-0.8719321563270106,-0.21694886698745022,-0.3173343161374563,0.19254401589760042,-0.709205128007276,SWAFR,-1.1148849577076734,118.65,-29.25,E118S29B,0,92,67,17,50,0.746268656716418,-611.4929456514823,-530.3241489811941
0.36990166237638256,-0.44780083939695475,-0.45352350577322764,0.7474734012399685,0.9135742177147744,0.14676389484693053,1.2890976366611129,0.41586468143703126,0.7560077790515995,SWAFR,1.0813030689515983,115.15,-29.75,E115S29C,0,8723,1224,611.5,612.5,0.5004084967320261,257.7509119922934,194.72633241213376
-1.9393292887835307,0.7736546786099179,-0.3632802974696874,-0.024302471092494515,0.8095946225316527,-0.8361181630844645,-0.5528679235987226,-0.3881488783787729,1.2999603203891226,SWAFR,-0.30293372649264955,115.65,-29.75,E115S29D,0,4324,973,404,569,0.5847893114080165,188.12092017437362,96.5691603694594
-0.6689527395598623,0.06404938900837574,-0.3538272153548989,-1.0858140968205516,-0.482786973671827,-2.307327724787863,-0.07823143680033519,-0.7390432428747992,-0.37724063055283863,SWAFR,-1.8431749884538566,116.15,-29.75,E116S29C,0,3082,829,308,521,0.6284680337756333,245.93145664015785,-14.304929883757275
-0.7962199479378718,-1.5795008665303212,-0.2223221915817659,0.4612824115440981,-0.48023164579810723,0.3418413007244793,-1.2701723211523965,-0.3368256148179288,1.2976669992969958,SWAFR,-0.8718412436997783,116.65,-29.75,E116S29D,0,2536,704,287.75,416.25,0.5912642045454546,-6.337815361124786,318.90876734911734
-0.6139717001586639,-0.9817552189753389,-1.8727027907437113,-0.6313915668123785,-0.17481951814752603,0.9377263372929888,-0.5007333921565608,0.6570382613203727,0.08419003631621373,SWAFR,-1.2169792004934596,117.15,-29.75,E117S29C,0,2594,604,230.5,373.5,0.6183774834437086,-61.11601931175255,290.04611250366895
-1.185122369410048,-0.9828710819626361,-0.4463696845807625,-0.394410975472321,0.3408229036747163,2.183616748048446,1.3306925821131306,1.4603124407813273,2.431374437816605,SWAFR,1.0626823829258374,117.65,-29.75,E117S29D,0,879,347,109.25,237.75,0.6851585014409222,-616.8093074817422,-216.28817650867842
-1.1563363018551949,-0.7676217592084759,0.13492709230865169,-0.6199812103421133,0.3862266550371404,-0.11905696747625907,0.07363114881077723,-0.4524985624101577,-0.10299309394785403,SWAFR,-0.9557179402686474,118.15,-29.75,E118S29C,0,125,72,19,53,0.7361111111111112,-627.3478480426361,-719.8556747591225
0.15173791240390702,-0.6408928131873104,-0.8143302739628351,-0.715408789665481,-2.6963671124573168,0.6106241489842023,-1.6782530795886679,-1.5699865019514612,-1.415162086840478,SWAFR,-2.9515520038647423,118.65,-29.75,E118S29D,0,161,68,11.5,56.5,0.8308823529411765,-369.84313899585413,-136.93911466501473
0.6362672740135861,-0.32934355009495825,-0.7141288956493709,0.9631627663620856,0.16453454869704234,1.257335420952572,0.08871619895290912,0.8305163584997702,0.7847252119489813,SWAFR,1.1009528009436487,115.15,-30.25,E115S30A,0,15147,1429,797,632,0.44226731980405876,460.1763004345721,691.8550345529623
-0.8345839065301986,0.8983572290091661,-0.10486721161453498,-1.0450137210801784,0.5796461986531902,-0.5143952112869288,0.5142403320531441,-0.0670636019111488,-0.28624952886345273,SWAFR,-0.31056490441131307,115.65,-30.25,E115S30B,0,4480,1047,431.25,615.75,0.58810888252149,263.12079736742476,-19.9123932500927
-0.26611857126460975,0.25815744584893885,-0.4050744132723281,-2.0409696381968945,-0.3816734443501881,-0.15127900699217756,0.0891740219023314,-1.0205029688776175,-0.8011411461949618,SWAFR,-1.7230263750765606,116.15,-30.25,E116S30A,0,3484,883,354.75,528.25,0.5982446206115515,284.18895141054344,28.683101523262597
-1.411372154920201,-0.08004842061522768,-0.8141544206695897,-1.0243138068076998,-0.29888938153914213,-1.3076072492806157,0.34905097310248095,-1.3024746959076705,-1.4299553739788669,SWAFR,-2.459594232879838,116.65,-30.25,E116S30B,0,3760,839,375.25,463.75,0.5527413587604291,336.6979582770772,79.31680963668524
-0.7482218521467395,-0.2354934570071674,-0.16050209493166695,-0.7386761483307666,-0.9115496822994572,0.4295660355369565,-0.5792623521137732,-0.2471384470699386,-0.9280396449920901,SWAFR,-1.405104482995291,117.15,-30.25,E117S30A,0,1654,499,204.5,294.5,0.5901803607214429,-141.4668522480617,-64.82217185642338
-0.23188701155059194,-1.0826644529101825,-0.8591057384853175,-0.40493962905238884,0.18309022929404173,1.7285507793780908,-0.43265152813239016,0.9375212949012626,-0.09220108162350285,SWAFR,-0.28674010174327336,117.65,-30.25,E117S30B,0,1554,485,195,290,0.5979381443298969,-302.0008539779667,6.553673252037413
-0.48237690953259366,-2.1273920489754974,-0.38820654370395324,0.10735484072979182,0.8697981450057664,1.404152893851934,-1.1410935724343894,0.24902127667560067,0.4045236499114296,SWAFR,-0.48850116191934656,118.15,-30.25,E118S30A,0,526,219,74.33333333333333,144.66666666666669,0.6605783866057839,-541.5650553809387,-262.139911970509
-2.487909835540173,-0.33522400884095094,-0.4213126728197504,0.532534347938583,0.9352507943541899,1.4532278868710047,0.35837978792727976,0.5258660157480509,0.29835757764072257,SWAFR,0.08071863083896377,115.15,-30.75,E115S30C,0,2479,777,262,515,0.6628056628056628,-58.14723583572402,143.8148880157647
0.5354906214524593,0.7913082210953614,0.20837650684210351,0.2649099558007276,-0.8778875293116849,0.3193380213835719,1.2295061899231505,0.22994305451512642,-1.0045889363383527,SWAFR,0.4810323941734159,115.65,-30.75,E115S30D,0,5340,1063,485.25,577.75,0.5435089369708372,175.4015428339923,58.58792289385528
-0.2687900006736237,0.7176005477060611,-0.27695442579808344,-0.5061983980828588,-0.6148413956858925,-1.700616552951176,-1.3476117315731795,-0.9814907723118975,-1.621387086261119,SWAFR,-1.8507565865245554,116.15,-30.75,E116S30C,0,3651,976,386,590,0.6045081967213115,393.924837619945,140.76192465533325
-0.9298206496313111,0.3527392989208122,-0.28361417722085863,-0.7760288350433113,0.09613688026529559,-0.21016908314099877,0.5866552447714378,-1.4645513386487388,-0.22628596086899122,SWAFR,-1.1176633231219242,116.65,-30.75,E116S30D,0,8412,1189,502.5,686.5,0.5773759461732548,510.8710904437681,226.93917091997616
-0.8148499624053835,0.297654676471544,-0.009636709219594546,-0.9899318411124288,0.3024010250273257,0.3048571233950552,0.713621954151232,-0.8921193817314408,-1.18029591374531,SWAFR,-0.9305444918784384,117.15,-30.75,E117S30C,0,4052,846,340.25,505.75,0.5978132387706856,143.35379393398952,-150.46976796646322
-0.4177121921828903,-1.1495699258561625,-0.32182998246140015,-2.0516397706652865,-0.7832997548972146,-0.35872088640987554,-0.5301308746102675,-1.3201290542601811,-2.3108462910258174,SWAFR,-3.151546211182797,117.65,-30.75,E117S30D,0,1624,569,220.75,348.25,0.6120386643233744,157.36115721778827,-24.369123208915536
-0.07147127986700572,-1.2826367783103945,-0.9543960085105888,-1.1316015843253264,-0.8525067697166017,-0.2484598866899697,-0.2669007679849337,-1.7184608256632217,-2.114309583914111,SWAFR,-3.003689626551041,118.15,-30.75,E118S30C,0,1532,496,200.25,295.75,0.5962701612903226,64.98820740696519,-63.63028150288608
0.006396749742764605,-1.2117355223289572,-1.0749614874123874,0.9166228727408292,0.9583297600835105,1.5646020015445152,-0.4545013704413982,0.15534814448446743,0.23705496520445504,SWAFR,0.20159939753050887,118.65,-30.75,E118S30D,0,2362,709,291.6666666666667,417.3333333333333,0.5886224729666196,-141.98567165541732,78.3878274536574
0.027064336433191342,0.6415764390096732,-0.1475723823296138,0.5124543310236891,-0.010266984121213579,0.28765558500008004,-0.42826868160954945,0.032618228341418185,0.6440449188293249,SWAFR,0.5657778499854746,115.65,-31.25,E115S31B,0,7262,1279,606.5,672.5,0.5258014073494918,380.29774609588117,393.1479914423136
0.563045142088489,1.2490485396876123,-0.01382530482965144,0.6481957190984096,0.6757677780229455,-0.3303963095861191,-0.038727448980139884,-0.05422838792840242,-0.4431136960171548,SWAFR,0.9075748497288578,116.15,-31.25,E116S31A,0,6482,1254,575.75,678.25,0.5408692185007975,310.5136998661516,39.10600981731886
-0.6815446793767731,0.8783307653594229,-1.3782856730902653,-0.2854606012684575,0.30097217627672623,-0.8313733816150375,0.03539044865315944,-0.12526201325232203,-0.33966700515813114,SWAFR,-0.75579344528978,116.65,-31.25,E116S31B,0,3920,1036,426.25,609.75,0.5885617760617761,310.45698982220443,185.2570716458045
-0.3595277043504827,-0.05406019992301191,-1.2153371078883641,-1.1036465860068505,-0.31453963361934784,-0.882722877168478,0.14264892072517818,-0.06491148610784664,-0.6022467931471871,SWAFR,-1.50793695446612,117.15,-31.25,E117S31A,0,3175,829,337,492,0.5934861278648975,202.0068007088821,131.64613220383725
-0.45666720221091583,-0.9675871537621166,-1.0016467656733918,-1.1193890254036127,-0.55083694254129,-1.533380756768191,0.08609588058376565,-0.559110443258181,-0.6689201439900719,SWAFR,-2.253665740695774,117.65,-31.25,E117S31B,0,2454,678,290.5,387.5,0.5715339233038348,148.71612075096195,62.278028653243325
-0.4298061342219197,-1.13676962292299,-1.3192743094815595,-0.8747471826755606,-0.6820698967499133,0.04391060783689046,-0.20174724656279006,0.20246457517952107,-0.4048827416057115,SWAFR,-1.7232936796908156,118.15,-31.25,E118S31A,0,3918,883,368.25,514.75,0.5829558323895809,284.223975071404,487.4289430274019
-0.07199966122002341,-0.29569926244965783,0.15993951316252042,0.23006015726933363,-0.5431928793974907,0.11293678307611653,-0.3098675961927902,-0.09113661198868847,-1.5603283193070465,SWAFR,-0.7093816655242424,118.65,-31.25,E118S31B,0,2994,667,282.5,384.5,0.5764617691154422,-64.6241264315496,-87.25323923215618
-1.6135460293613977,-0.4629220170352258,-0.16403940379551502,-0.10711462843706299,-0.6151609358013985,0.990503916893771,0.36293389608603177,-0.3122627210623984,-1.213548931138101,SWAFR,-1.2259234180294534,119.15,-31.25,E119S31A,0,3192,725,237.33333333333334,487.66666666666663,0.6726436781609195,61.05589925956739,160.9908756140744
-0.9427896879983994,-0.2785740366758232,-0.4500972706754465,-3.3586928505149287,1.195325416746117,0.44984291245420005,0.033837203477652435,-1.1574654444174017,-1.727459687764082,SWAFR,-2.3544698565261486,115.65,-31.75,E115S31D,0,23653,2440,1241.3333333333333,1198.6666666666667,0.49125683060109293,1923.924007850275,1486.0763021955909
0.8716301919326893,1.6694009693381668,1.0719291280898968,0.854177996928972,0.734929634257582,-1.8860351455496684,0.17142863454013382,0.049067994544049545,-0.23044439080264895,SWAFR,1.4924679011854938,116.15,-31.75,E116S31C,0,18493,1820,876,944,0.5186813186813187,799.8779263644896,298.0012759330145
0.08795464421947331,1.4482343525046055,-0.5568998630323269,0.8825821609912063,0.7194702536050895,-0.622678285584565,0.35212664224810614,0.744712013575111,0.2613300610142207,SWAFR,1.2585023167026594,116.65,-31.75,E116S31D,0,6577,1365,609,756,0.5538461538461539,375.5333316474839,235.05629377698514
-0.2374624217333077,0.017494812355161357,-1.1112570725828141,-0.7078863024484676,-0.8628515814523792,-1.6595981653902316,-0.30276148055686664,-2.4520230817932704,-0.08281351346834719,SWAFR,-2.466420239782777,117.15,-31.75,E117S31C,0,5053,1073,462.75,610.25,0.5687325256290774,571.5923377155602,302.792174121865
-1.5891217079667956,-1.0755010198054245,-0.5315285193074171,-0.7717332046129181,-0.7230725694776319,-1.4443354364173437,-0.45928153472358707,-1.7517281653861279,-2.157355215289376,SWAFR,-3.422563830949156,117.65,-31.75,E117S31D,0,3324,955,390,565,0.5916230366492147,578.8713156504264,403.4386435944033
-0.4910391708702627,-1.396836500173975,-0.43771045603381553,-0.7112555432997729,-0.7826969539427963,-0.9153228035424803,-0.5177461336783842,-2.0116793133651467,-0.7256711971758806,SWAFR,-2.7049070917399543,118.15,-31.75,E118S31C,0,2497,725,306.75,418.25,0.5768965517241379,254.84014331728176,130.3485281052135
-0.1328193592973245,-1.3415804603084245,0.03970799339636648,-0.5453722536860056,-2.1523930407303413,-0.9144922064975282,-0.6353697824437932,-1.4133715778056415,-2.5117788513943378,SWAFR,-3.1083656814673084,118.65,-31.75,E118S31D,0,2198,655,270.25,384.75,0.5874045801526717,237.70341639368942,211.11817213257223
-0.8415114083254697,-0.9049575540947606,-0.7957419317391273,-0.12140756210853758,-0.5260047007267626,-0.10676910321384611,-1.7129774918486171,-0.5574886429096734,-0.6646477650912043,SWAFR,-1.9531787963863612,119.15,-31.75,E119S31C,0,893,377,121.75,255.25,0.6770557029177718,-191.65526406366857,-16.656886331201306
-0.9461363529038387,-1.047690607400413,-0.14042680044282244,0.1729775476833848,0.2664679980860895,-2.302931451455692,-0.567656906442389,-0.44234937358057086,0.5479769233832642,SWAFR,-1.2373345250493608,119.65,-31.75,E119S31D,0,1530,557,216.33333333333334,340.66666666666663,0.6116098144823459,-105.44895729360422,-201.3569656015628
-1.2375089669341497,0.13859418670746596,-0.4394275308457131,0.31832327686659334,1.072477720134221,-0.3017138178787459,-1.345164579121225,-0.005109011306621233,-0.03477915413389925,SWAFR,-0.4054801002598975,115.65,-32.25,E115S32B,0,17816,1940,877.25,1062.75,0.5478092783505155,1168.5570871007408,1148.0169617581846
0.8617543526831696,1.36988363868268,-0.4413574289506149,1.0872467713620528,0.8381906918102364,-0.09347277019459051,1.3460992256565798,-0.3274471793234362,-1.0466614735667619,SWAFR,1.1796974092944537,116.15,-32.25,E116S32A,0,14860,1678,839.5,838.5,0.49970202622169246,698.8587663913476,314.5501674015993
-0.07157441751300923,1.6723640524245504,-0.7709664964571397,1.317315294490805,0.8477473461318048,-0.21818118253215418,0.24444931869916114,0.9125827074486008,0.22211765155272162,SWAFR,1.5394990519509748,116.65,-32.25,E116S32B,0,5486,1189,505,684,0.575273338940286,162.71565685451722,89.36911748469949
-0.9600550057548236,0.29903315683556814,-0.5080837737394335,-1.4310002568871074,0.29941641865705537,-1.8632958939805748,-0.36240087216975264,-1.0270754582504904,-0.3585736216036698,SWAFR,-1.849056040368716,117.15,-32.25,E117S32A,0,2515,826,325.25,500.75,0.6062348668280871,243.70202309051356,-96.62168043439357
-0.21118383742561264,-0.8434534425885027,-1.802070589604454,-0.6607637370783602,-0.8701677350677629,-0.06639689568979402,-0.1277938127713044,-2.6487123246907838,-1.1561721244656875,SWAFR,-3.0373507021763366,117.65,-32.25,E117S32B,0,2426,786,317,469,0.5966921119592875,359.3986591314608,243.69616590094657
-1.1309577148346805,-2.3137817802250398,-0.9397274246616758,-0.21884041201275345,-1.8321267682742912,-0.9110930208005033,0.16850832965012005,-1.5647170200848457,-0.04068512304078922,SWAFR,-3.1019073566933857,118.15,-32.25,E118S32A,0,2924,848,318.25,529.75,0.6247051886792453,429.85721260764353,630.4234165164518
-0.9515207494091571,-1.480772822963272,0.06227683635647727,0.16394256241396576,-1.6198262009374442,-0.41396581748505973,-1.8993078611781953,-1.672624158063905,-0.5300000522346058,SWAFR,-2.642453359683533,118.65,-32.25,E118S32B,0,2278,691,253.25,437.75,0.6335021707670043,212.65712583692402,388.56557847182154
-0.06564938753626264,-0.8111596480737281,-0.2763264335710242,0.5192129929889447,0.507110834462204,0.8542819265368995,-0.7520926849770061,-0.8670428911782472,0.4101163511405079,SWAFR,-0.24183801409514857,119.15,-32.25,E119S32A,0,1984,692,260.5,431.5,0.6235549132947977,-100.88416240535113,-70.85953492060175
-0.3776983857996355,-1.3769429552112016,-0.22892851625272678,-2.1859474017362355,0.34347320443543844,0.8886534296470949,0.39981301672597247,0.21702009634596575,0.43279839962077976,SWAFR,-0.9789496726244693,119.65,-32.25,E119S32B,0,2997,753,316,437,0.5803452855245684,56.696096101405296,72.52959845408715
0.1549312094778354,-0.33316502191369396,-1.0751312895602287,-1.4515621562109342,-0.32822915702010413,-0.6338312910567069,-0.4125090352898389,-1.0308718585784433,-0.7159166495161338,SWAFR,-1.996180510102017,120.15,-32.25,E120S32A,0,862,360,113.75,246.25,0.6840277777777778,-203.02095265530224,-363.1953956054824
0.08681306976643577,-0.43693090356051756,-0.014121789651872337,-0.29270182384127524,-0.31058268200420447,0.24364123266076862,-0.4523854821079261,-0.41431214168641084,-0.2136850211808925,SWAFR,-0.6270866399932834,122.15,-32.25,E122S32A,0,546,211,30.5,180.5,0.8554502369668247,-531.4068548657438,-546.615436647701
-0.15874990414683926,-0.5737247481793886,-1.1960569783330193,-0.6044919536197801,-0.8923526596969873,-1.3469105598989368,-0.48222135004277566,0.658422327256761,0.1995634681618326,SWAFR,-1.345484719278223,122.65,-32.25,E122S32B,0,1580,420,131.66666666666666,288.33333333333337,0.6865079365079366,-228.27854824456062,-59.514392881083324
-1.1022775406035272,-1.0614695824310856,-0.8904423895154225,1.1641536969669959,0.9581540467465356,0.5387094131155883,0.3418725364840809,0.3511436339171852,1.348120970421082,SWAFR,0.39823604681012437,125.65,-32.25,E125S32B,0,263,113,39.666666666666664,73.33333333333334,0.6489675516224189,-763.7500429003638,-549.3432777023213
-1.0858514682152545,-0.4727566173167383,0.02581651263055765,0.39041897691095034,0.9299564236403328,-0.23077176100002092,-1.2544936286555197,-1.9549793942063753,0.5601278841830273,SWAFR,-0.9712389168526332,126.15,-32.25,E126S32A,0,1225,333,193.5,139.5,0.4189189189189189,-364.31420780182185,-544.4329773474233
-1.6392032671781713,-2.53303229097102,-0.013421951458029019,1.0419946073274058,-0.17227807052754532,-0.897737483643322,1.079557788179017,-2.319069978867768,0.640458675242414,SWAFR,-1.8376250443427053,115.65,-32.75,E115S32D,0,7536,1411,693,718,0.5088589652728561,827.204273681171,768.7930901437819
0.30957757114260454,1.8629963889620091,0.1858659947528644,0.39500992942109825,-0.37550077766918455,-2.2678263143491444,0.9810560469100106,0.3853154666019102,-0.8532189379190606,SWAFR,0.5114155316610576,116.15,-32.75,E116S32C,0,3784,945,410.25,534.75,0.5658730158730159,53.420583858716434,-331.83260939986326
-0.4838129984886339,1.2566667145033241,-0.9282419951831968,0.9162255737233456,0.5577952919901831,0.3839598923513853,0.7514207269975195,0.9888888415409384,0.11412139459519116,SWAFR,1.1629848193591383,116.65,-32.75,E116S32D,0,2626,796,308,488,0.6130653266331658,-180.95146189958658,-160.65302830188142
-0.8456123091294254,0.6039357217341346,-1.2094494487667744,-0.022058457362301293,0.0732053497706237,-0.4426335659650931,0.7125423164719007,-0.18094928593619217,-1.1705290887227613,SWAFR,-0.8654697476355048,117.15,-32.75,E117S32C,0,5875,1100,510.5,589.5,0.5359090909090909,388.82735760847646,262.6564874691811
-0.5111677816073865,-0.6851731124493725,-0.966168986457034,-1.0747412987988445,-0.553219058082054,0.21560745770984563,0.5168898028275049,0.29644866496877825,-1.0819472523520062,SWAFR,-1.4567316942215165,117.65,-32.75,E117S32D,0,3228,838,349.75,488.25,0.5826372315035799,204.2976173523244,273.64920529064364
-0.2254746147202383,-0.9448695009838601,-0.7620605423236704,-1.096138677036496,-0.29461830317026466,-0.4358944497938581,0.2597311208186325,-1.1582775654431963,-0.19197334453430606,SWAFR,-1.7944532534450672,118.15,-32.75,E118S32C,0,2997,888,346.25,541.75,0.6100788288288288,298.54767786309293,178.84291294257332
-0.3440392833252262,-1.0668952358201085,0.13652751692630732,-0.4526016983903481,-0.7762131626502047,0.11192606832664649,0.34540158092587675,-1.2502564427046052,-1.013193489270988,SWAFR,-1.594997016612243,118.65,-32.75,E118S32D,0,2191,694,266.5,427.5,0.6159942363112392,78.41386938076141,-17.940276904871702
-1.7847794981769354,-1.9610751101992325,-0.43877877427969125,-0.9705154104141024,-0.34737340687457735,-1.7191597330659953,0.3666059161805704,-1.0078723565568932,-0.23977054727080876,SWAFR,-2.763745894999781,119.15,-32.75,E119S32C,0,2140,740,282.75,457.25,0.6179054054054054,277.54951375432006,216.8194545022597
-0.056214916386305325,-1.8784505089053567,-0.19417690016401923,0.06237231217744052,1.1730366202131388,0.6682865325899847,-0.28914437876993504,0.3147327336848891,0.6966430968419962,SWAFR,0.042215152343202805,119.65,-32.75,E119S32D,0,2074,618,227.25,390.75,0.6322815533980582,-212.10230693858867,-110.1117697035549
0.12479970862081374,-0.6334380203977575,-0.5997213628955377,-0.46987662034966665,0.14332196471687114,-0.07117309657264327,0.1244281772030971,-0.8625150746026328,0.07584955369552658,SWAFR,-0.8574978849942099,120.15,-32.75,E120S32C,0,1033,425,136,289,0.68,-287.2171578943889,-400.188997208105
-0.05721617043086485,-0.31783469237546313,-0.8462962286900166,-0.17732543043530058,1.0321431005745703,0.34967304735046645,0.44058314835879453,-0.7559795194153159,0.8342896063823358,SWAFR,-0.05122658788016593,120.65,-32.75,E120S32D,0,1682,479,180.25,298.75,0.6236951983298539,-338.85907713525063,-477.7078080678039
0.0644047954283836,-1.1673816699378774,-1.7363171380109532,-0.7317581145800195,-0.7731578143663559,-1.1796960499318854,-0.5240734999218188,0.23678209486760948,0.8056352166515661,SWAFR,-1.6620843990272762,121.15,-32.75,E121S32C,0,2595,633,239.5,393.5,0.6216429699842022,26.20401217827601,245.7032998853144
-2.041695089786919,-1.6285280880108497,-0.14902781347567334,-0.24407335104237296,0.39428287522579253,0.59509519030537406,1.5785660300532127,0.7898541633741455,2.206369715185358,SWAFR,0.10087869806869709,121.65,-32.75,E121S32D,0,2375,518,184.75,333.25,0.6433397683397684,-319.7887142088188,-60.90835058772244
-0.4105475095884795,0.07204120990120022,-0.2611744804410923,-0.40448332759763383,0.8033327428285162,-0.29291032305931997,0.06443817284373614,0.5314481428971002,0.6530964950207606,SWAFR,0.2548580128922504,122.15,-32.75,E122S32C,0,70,56,14,42,0.75,-801.9638964329383,-874.585003100406
-0.33474489697745874,-0.3986756952960177,-1.2845720148529356,0.4576494055035825,-0.7598681194603746,0.5667975343705131,-0.9833451554990913,-0.18794165755855521,0.9018315303095085,SWAFR,-0.7226954347941144,122.65,-32.75,E122S32D,0,139,94,24.25,69.75,0.7420212765957447,-635.8796861382715,-314.4214478624383
-0.16701648858415669,-0.33615661869284336,-1.2695246697495446,-0.7182482906965274,-1.7838463523983072,0.21047180433220664,-0.2972966965965396,-1.871752909571289,0.6370419868441834,SWAFR,-2.1102135105094355,123.15,-32.75,E123S32C,0,509,268,78,190,0.7089552238805971,-280.0797473030178,-176.01635298779442
-0.818006881080223,-1.4417634429381097,-0.7964498555246948,-0.22164159335096037,-0.6662554207964286,-0.06378790496384486,-1.4646584379661287,-0.7129750117574346,-0.9967350755761154,SWAFR,-2.330589330605634,124.15,-32.75,E124S32C,0,19,14,7,7,0.5,-505.204944649652,-323.9500359973685
-0.5914974534673701,-0.7461246292133488,0.531829133858193,0.3934374317493219,-0.6223823822024191,1.1234273204409653,0.23146230287083772,0.28464402693787483,-0.4272454347108427,SWAFR,-0.06224781960082569,124.65,-32.75,E124S32D,0,370,171,53.75,117.25,0.685672514619883,-645.4150172071144,-484.1665283757963
-0.36150462184273957,1.0503763115018276,-0.1485464874747525,0.5279425378388558,-0.13795271791265523,-0.8210461651328005,1.7000769108215654,0.07668823577521787,0.18186825798267864,SWAFR,0.6385234967289348,115.65,-33.25,E115S33B,0,6978,1451,668,783,0.5396278428669883,542.7662276530141,333.8846897112375
-0.6449617383936176,1.131409504622413,-0.7289925833958506,0.6395467509180391,1.1275212115240696,-0.6920823482571283,0.4123185823658868,1.1353067260379441,-0.6606642848300139,SWAFR,0.7459780237383629,116.15,-33.25,E116S33A,0,4189,882,420.75,461.25,0.5229591836734694,-40.31303140659416,-175.36607483819515
-0.9006524761992147,1.4657809530186157,-1.2108594120425245,1.3876253963954337,1.0976526052773032,-0.3405180389534332,0.9643719507235184,1.1953685145415578,0.4626445167204659,SWAFR,1.4329811094865827,116.65,-33.25,E116S33B,0,2158,783,296.25,486.75,0.6216475095785441,-229.32780033439175,-247.812709894294
-0.7343404508214478,0.4482128145572879,-0.10311861779844345,-1.4686781952232824,0.4270074548035792,-0.5032748868775513,0.14439000707630767,0.2325740958025628,-0.4944202027716549,SWAFR,-0.6840762234353481,117.15,-33.25,E117S33A,0,3400,1064,437.5,626.5,0.5888157894736842,329.0602210342748,116.5155671516832
-0.25736747307892965,-0.2810147438776295,-0.1437274857824098,-0.9627203852069789,-0.6497657293759153,-1.3565128862487095,-1.3465072143158066,-0.12980086124129891,0.17071843323898048,SWAFR,-1.4258021600608328,117.65,-33.25,E117S33B,0,2308,810,310.5,499.5,0.6166666666666667,172.24506660215397,163.98105305673636
-1.2342145008070566,-0.9624723307129004,-0.37303442751527405,-0.385481426436729,-5.110483989163175e-4,-1.2647176634781507,1.0749805954495175,-0.3864391929561275,1.312115925532031,SWAFR,-0.8809085829456272,118.15,-33.25,E118S33A,0,5125,1018,416.5,601.5,0.5908644400785854,308.8502352662113,258.4016479238579
-0.9372370059926279,-0.9934673901419044,-0.19529967817559288,0.07649915178023382,0.5342573000406102,-0.2107265024889643,0.924281921718055,-0.021284207769329565,0.9035381063754703,SWAFR,-0.1427267862949712,118.65,-33.25,E118S33B,0,3896,872,380.5,491.5,0.5636467889908257,66.12976161674138,57.412215337597175
-0.7450546936090546,-0.4954550894140225,0.23942891709453507,-0.3418017544873903,-0.1354140040904519,0.6324232038924629,-0.02855711502995888,0.11014701996883597,-0.3287741062674634,SWAFR,-0.4519586719926844,119.15,-33.25,E119S33A,0,3296,832,344.75,487.25,0.5856370192307693,66.64695479043868,110.54356064086966
-1.1915116602644273,-0.09805661160818846,0.5860356468273513,-0.3410973887821834,0.6678837129349889,0.7114985201026022,0.20407712106901124,0.15004657570682634,0.6369747819991973,SWAFR,0.32020281926333416,119.65,-33.25,E119S33B,0,6069,1108,528.75,579.25,0.5227888086642599,241.47428227666867,199.92166562831102
-0.3301468775777758,0.3981181426212404,0.7999117492033782,-2.5805281545077245,-0.8014503671285408,-0.05037915049567444,-0.8452820166513985,0.22138551845716364,-0.7172764372513555,SWAFR,-1.2607573153836062,120.15,-33.25,E120S33A,0,2222,756,268.25,487.75,0.6451719576719577,96.6200202747936,-33.78762370271343
-0.3499075927135456,0.6218359838249009,0.7129959220928648,-0.2875832699628777,0.3843961803126232,0.9995600692901542,0.025846592274944204,-0.10323890608548879,0.14985248602587908,SWAFR,0.6305241218490816,120.65,-33.25,E120S33B,0,1401,535,192,343,0.6411214953271028,-372.18565204546996,-503.154108642751
-0.2891483102006903,0.318087503555083,-0.21713906133676616,-0.22446832955453627,-0.5112559585618692,-0.8983034746815052,-0.5564502515358184,-0.4652623450594586,0.06563049235594466,SWAFR,-0.7980299363891443,121.15,-33.25,E121S33A,0,1772,512,178.75,333.25,0.65087890625,-208.00896227393557,-288.039511127293
-0.06620454504856799,0.8132434308818324,-2.341157402958771,-0.49643767628011715,-0.007710677161564514,-0.7826928382623731,-0.7427086593503229,-0.7284943038792896,-0.5040403502468371,SWAFR,-1.5606769558820182,121.65,-33.25,E121S33B,0,3741,729,316.5,412.5,0.565843621399177,108.91707395100792,32.458449517617524
-0.26036443190381015,0.416021028041381,-0.8529055194750312,-0.26524379765838335,-1.3800699050180838,0.332000535468041,-0.5175237285072718,-0.09653605817695889,-0.005128955468994933,SWAFR,-0.9096350226565441,122.15,-33.25,E122S33A,0,2813,734,277,457,0.6226158038147139,28.614124958031688,209.88349976257277
-0.4938977966016729,0.4727742082391497,-1.280783806506652,-1.5028845773638864,-0.6949168612091475,-2.2239691527150995,-1.4902814688372186,-2.0481827928419376,-0.17202787059980904,SWAFR,-2.944543133144766,122.65,-33.25,E122S33B,0,1219,450,155.75,294.25,0.6538888888888889,11.238521783563804,-255.65822066137585
-0.20567562111359006,0.2854758774186479,-0.6855923446060386,-0.017406589763343493,0.10664848444140403,-1.413807773599759,-1.7775753219497004,0.2387699412359131,-0.4566393404463483,SWAFR,-0.9188699180296906,123.15,-33.25,E123S33A,0,3558,879,314.5,564.5,0.6422070534698521,174.82412967319365,155.47047955157774
-0.9382393500073737,0.5087969939556791,-0.9930605867624571,0.07956658581030218,-0.05489501666975107,-0.042407948802889985,0.25156109710205066,0.973024592948531,0.4719750247394249,SWAFR,0.06767888271053085,123.65,-33.25,E123S33B,0,222,153,40.75,112.25,0.7336601307189542,-680.4386992381347,-533.3212100337502
0.146304844787887,1.5574904178857976,0.6334985557441548,1.2463539655698759,0.55032006108893194,1.0654066615860007,0.5806667333571481,0.720509499515118,-0.4744607488315975,SWAFR,2.042397104455646,115.15,-33.75,E115S33C,0,14003,1697,911.25,785.75,0.4630229817324691,604.8233007217273,474.32391567448803
0.5272940374456995,1.1897254293848016,0.4805538389014166,1.4758444326736297,1.0839192262236506,-1.1579350936288733,0.6091586209844148,1.7538058752343626,-0.4796801532843656,SWAFR,2.170975502659076,115.65,-33.75,E115S33D,0,8011,1368,670,698,0.5102339181286549,258.9762806085892,45.41320400413011
-0.8951579544624082,1.30137309265018,0.1429391508338071,0.7118751571121124,0.5868654237025214,-0.2437863844960644,0.33842768861725053,1.193102097914196,-0.1564669677994172,SWAFR,1.1513685001687541,116.15,-33.75,E116S33C,0,3654,968,414.5,553.5,0.5717975206611571,-7.429430471481474,-74.81489420540879
-0.5040709771544769,0.8887516310818722,-0.12230729251990712,0.4029768556300668,0.4112878172920606,-1.3750168888973608,0.8108796090343997,0.5526673971954174,-0.0885055446232954,SWAFR,0.47479694090430036,116.65,-33.75,E116S33D,0,3065,1035,421.75,613.25,0.592512077294686,148.2185448196067,-60.775927003291145
-0.05912868699548278,0.3383045620122822,0.09003204291224512,-0.5421942607466124,0.39793049822122667,0.05450674955821492,0.9883434790525897,0.3645893051090562,-0.3770719942068036,SWAFR,0.3155632506842845,117.15,-33.75,E117S33C,0,2917,899,362.5,536.5,0.5967741935483871,33.08218303029192,-160.5685791094512
-0.696296644351945,0.4910528466119952,-0.5775356235779745,-1.884324082985787,0.6219971626056715,-0.9340565635819397,0.5554536773136506,-0.09710356290720047,-0.977848794467311,SWAFR,-1.2080026003040758,117.65,-33.75,E117S33D,0,1637,626,220.75,405.25,0.6473642172523961,-40.292180829170746,-380.5335656790986
-0.700260410740834,-0.28718128851075425,0.5025314121476896,-1.4803165712076825,-0.656796874729391,-1.5417866110466891,-0.0936493311616655,-0.9556693264127915,-1.3632883757871228,SWAFR,-2.087715466040367,118.15,-33.75,E118S33C,0,3196,865,340,525,0.6069364161849711,313.9724402108055,5.06167536694727
-1.3436116300727872,0.017457524779882393,0.8376579732752222,-0.7628288964647107,0.5642774526289663,-0.050632312534300734,-0.18872232177812828,-0.7135767242185478,-0.8331195810877764,SWAFR,-0.8115072967778494,118.65,-33.75,E118S33D,0,2702,887,333.75,553.25,0.6237316798196166,168.75691259083985,-94.95516370998524
0.022651855210545878,-0.04729600427448628,0.21417805252295702,0.5919723109543567,0.6987013087015188,1.2950457207898607,0.27285208499669655,-0.0044024219982377885,-0.17142565726618986,SWAFR,0.8287809510443486,119.15,-33.75,E119S33C,0,3100,917,356.5,560.5,0.6112322791712105,-16.162307811045643,-67.54966975060019
0.7796463954765938,-0.7579429869263258,0.31869449422195895,0.2016302071730343,1.0627540671488027,0.8265186689285334,-0.5432694918611597,1.298500730253636,0.918796558356064,SWAFR,1.3846542854144712,119.65,-33.75,E119S33D,0,6705,1348,579.5,768.5,0.5701038575667656,342.0042351281967,441.39365204867937
0.5847575726990463,-0.17603824452831537,0.3542977301229685,0.1782927565742841,0.36578404692385696,0.11129302487823584,-0.4100768111260311,1.006972932244417,0.39390421892726074,SWAFR,0.9063492325737982,120.15,-33.75,E120S33C,0,14597,1553,720.5,832.5,0.5360592401802962,609.6742866921722,636.3788586500266
0.3614346603815657,-0.23998956359668372,0.4094708700769103,-0.06144636649883979,0.38361434260220045,-0.08868060244492189,0.24789876967136848,-0.05181006903564107,0.13288646044481722,SWAFR,0.3483433586316736,120.65,-33.75,E120S33D,0,3030,839,349.5,489.5,0.5834326579261025,-31.21283966105286,-187.4588246357801
0.26669045515166756,-0.8212194779771996,0.49483236766255034,-1.1143663253220886,0.35897990060591806,-0.055238982018924035,0.4177149247422098,0.29968299065880877,0.11753513233749785,SWAFR,-0.11497370174192907,121.15,-33.75,E121S33C,0,3188,793,356.5,436.5,0.5504413619167717,-16.50659394686562,-152.39336371225778
0.3170323362384743,0.16674684269041634,-0.28990409166712955,1.2221467000775095,0.4382346273214642,-1.388054930964865,0.9083693898301222,0.5369187869980256,1.2920462334165344,SWAFR,1.170246114730672,121.65,-33.75,E121S33D,0,5269,1147,438.5,708.5,0.6176983435047951,169.09712487019013,78.93645990852728
0.20693926582656702,0.39096393151857606,-0.5173394831794383,1.1497458218163188,1.0184550892709554,-0.3385371418011769,0.6171943639603171,0.7833404242890926,1.0838613725981063,SWAFR,1.5011872578096872,122.15,-33.75,E122S33C,0,5281,1015,416.25,598.75,0.5899014778325123,-6.264529743798558,-50.47406464915882
-0.05512078750784258,0.03960997387495155,-0.2207233090055995,0.851433909229489,1.1654538927059224,-1.0070366662415768,-0.7168189274706682,0.6636408673073062,0.37575441050410735,SWAFR,0.6432820885579124,122.65,-33.75,E122S33D,0,4277,846,404.25,441.75,0.5221631205673759,-62.85726815478218,-135.1222079628252
-0.1907741523363647,0.6430035079269342,-0.002001915742125704,-0.2072505426440466,0.9073913520717515,-0.2290303623109814,-0.17774498253025414,0.15216789733125408,0.12308611054468253,SWAFR,0.41353824781222837,123.15,-33.75,E123S33C,0,2818,774,299.25,474.75,0.6133720930232558,-104.75501801017859,-299.11309706397515
0.11733455448030028,0.5185311593786497,-0.7573610963839809,0.12852408436682464,0.00730457228318171,-0.15234312267686423,0.15859314247752362,-1.0145790509474033,-0.15771672801589487,SWAFR,-0.4391535287428602,123.65,-33.75,E123S33D,0,2443,658,299,359,0.5455927051671733,-109.03084263817826,-285.1495551643087
-0.14041244088816895,0.7327053453284407,-1.1685057227871227,-0.8459403465016024,-0.6373118794100934,0.9544852870125985,-1.1174191523866344,1.2868925681741545,0.8797014186241712,SWAFR,-0.03650869011289265,115.15,-34.25,E115S34A,0,10804,1328,729.25,598.75,0.4508659638554217,508.21250624755015,839.1752673280392
0.549541760490289,0.5174804307404597,0.9716074726375432,0.7127789530812777,0.17454722393620994,1.1148118714264768,0.03712861469917052,2.029680954142962,0.1207446286439037,SWAFR,2.159176646223267,115.65,-34.25,E115S34B,0,4690,926,430.25,495.75,0.5353671706263499,-181.47777097034233,-58.40574920195027
0.2408606692322472,2.107175419541015,1.3822741252255377,0.5764547416736048,0.6640764197805887,0.8794867789751816,-2.3646301645598826,2.0740914878392682,0.016712564750512214,SWAFR,2.3473784483487856,116.15,-34.25,E116S34A,0,6430,1220,602.5,617.5,0.5061475409836066,87.86303596115329,141.36214585278992
-0.12280286652095156,1.7508134153771544,0.3128659282591536,0.9807541133344198,0.9894248088463282,0.7271611585846826,-0.2701390840590668,1.3166175739976846,-0.013945828262159921,SWAFR,2.062175767954432,116.65,-34.25,E116S34B,0,4210,1075,490.75,584.25,0.5434883720930233,-19.76820412225017,-78.77765569092483
-0.6789512566006991,1.1460007460186217,0.3971703168470512,0.9436036128024944,0.35744863271607413,0.6038718048849914,0.07065069213382093,0.6083554342040557,0.5337771605913239,SWAFR,1.3804174554547486,117.15,-34.25,E117S34A,0,2250,836,311.75,524.25,0.6270933014354066,-169.44063305693604,-169.98629789219058
-1.2174415601723245,0.6766079675156973,1.0578498530547984,0.3511619942055466,0.7340060904892448,0.48539997730436407,0.8078819117987062,0.7240782253717979,0.40761098659385003,SWAFR,1.3070129342080405,117.65,-34.25,E117S34B,0,10617,1588,716,872,0.5491183879093199,592.1772145995731,484.18654220570556
-0.5759812500347398,0.8290367230737897,0.7416700382130993,1.1590855685698727,1.2849210358709553,0.6890687531522518,-0.11292825762946047,1.5382083975725616,1.1847771409343415,SWAFR,2.3621602338926753,118.15,-34.25,E118S34A,0,9926,1530,649.25,880.75,0.5756535947712418,395.9262484303893,439.2521299471584
0.6997622638630969,0.5472173864940494,-0.3346259688037944,-0.4670419816650632,0.35277589373919305,-2.9808195348784476,0.13624146037266188,0.2733472274081997,0.17375189427376808,SWAFR,-0.20633618316359723,118.65,-34.25,E118S34B,0,5015,1242,519.5,722.5,0.5817230273752013,444.4642003980897,83.41098535192805
0.4047040265685408,0.8447840773113048,0.4022394303670556,-0.7944049793959252,1.0325887391956194,-0.22209628615810956,0.5850515843642792,0.9932997372538722,1.0956276365608095,SWAFR,1.4346919864526102,119.15,-34.25,E119S34A,0,6840,1293,570.25,722.75,0.5589713843774169,280.4480315389206,55.14097367589946
0.28500453779619034,1.175293612295821,0.3282085503411543,0.019847701935291586,0.6349656034510218,-0.2954104663252828,0.35942239950884897,2.24451312683412,0.20405016092890296,SWAFR,1.8285350955961523,116.15,-34.75,E116S34C,0,5331,924,459.5,464.5,0.5027056277056277,-140.15537054005355,-188.76277224966736
0.5909362310734296,1.0123028717597546,0.4053396076813068,-0.39619722419691306,0.43303994632230663,0.8950940806560521,1.1415499832246032,1.9815909117512536,0.6523631260836572,SWAFR,2.123540743084425,116.65,-34.75,E116S34D,0,10770,1200,639.75,560.25,0.466875,97.19143307418199,72.99322281412813
0.5697125188110008,1.777506394880006,1.1324576677467548,-0.023807013291359386,0.1699226091177138,-0.9518463139216287,0.33064451750281654,0.9521886151831017,-0.11528331463298101,SWAFR,1.5360272717725079,117.15,-34.75,E117S34C,0,8043,1321,618.25,702.75,0.5319833459500378,295.1705478106363,-22.283774868595973
0.8237590548635578,1.7404682796603361,0.5199268035207697,0.7257681975968103,1.0188922990717773,0.2070339666317454,1.2962737671924023,0.7747566578086702,0.5755431120448201,SWAFR,2.5524527238113044,117.65,-34.75,E117S34D,0,15007,1797,960.5,836.5,0.46549805230940455,637.9931224167483,334.85427742491265
0.2548337821875451,1.3378796592392792,0.7606819513963766,1.0188195489800385,1.3305638152113675,-0.24301075558180688,1.2133781133350863,0.7641556636525606,0.9775616684292651,SWAFR,2.5207144187094674,118.15,-34.75,E118S34C,0,9105,1462,691,771,0.5273597811217511,307.15164260270967,14.07386383037726
0.28058532540027536,0.4425528557336393,0.3781116546449191,-1.105306646364672,-3.3153959036317877,-0.8258847287864565,1.7346502729492115,-2.076281136530815,1.4724407906530055,SWAFR,-1.3450447546747155,118.65,-34.75,E118S34D,0,3046,859,556.5,302.5,0.3521536670547148,210.66380527183154,84.78787307629176
