region,HDS_richness,mean_QDS_turnover,Elevation,MAP,PDQ,Surface.T,NDVI,CEC,Clay,Soil.C,pH,rough_Elevation,rough_MAP,rough_PDQ,rough_Surface.T,rough_NDVI,rough_CEC,rough_Clay,rough_Soil.C,rough_pH
GCFR,483,0.871479198933698,485.957643454083,100.429776216329,9.21073084564635,306.070132974626,17108665.0546863,7.0481731819384,10.3416605236554,38.9113394419352,68.9787209636033,234.2095064888,17.0339877095787,1.73694336509319,1.64083104197039,1680137.3039446,1.50131003673089,2.19206512459187,5.01746202072938,9.78028863114431
GCFR,868,0.814436608038744,686.292260373019,98.555860961477,9.887461796426,305.97490866432,14305040.2212167,7.54355808404776,8.52955401860751,31.5985115784865,71.0017997154823,169.136469008438,23.3324063569029,1.77613033238655,0.810737364296196,2190776.49581162,1.11353498500061,1.73863843730663,9.74023360871458,4.25587877981663
GCFR,483,0.871479198933698,193.229330653564,131.939064850042,12.177139228333001,305.969850816993,18508319.9413786,9.11565099716186,9.70148743748665,23.7380233287811,70.5304167616367,236.313499396246,29.501473360949,2.01332074848437,1.78718442237528,1857558.44304167,1.14529112143111,2.35514350482349,10.1878110456037,11.8536974696342
GCFR,1179,0.754619377464766,739.768037952948,155.472237985399,12.8611203135921,304.210711165577,19022248.8562092,9.30174540996551,12.8484232759476,39.1675390529633,68.3909395217895,228.721535529664,31.0443301476902,2.09981003731395,1.44653755792817,2523438.99007738,1.32190509548576,2.95399653996611,11.2333772161148,5.05450298556916
GCFR,159,0.951486535208143,912.901038928662,144.977612905363,13.4280377857609,305.815177812988,15669248.916177,6.70074938764476,10.0472685785005,19.8424276679453,78.0540600400982,145.317789009939,31.0644918388547,2.39718263829164,0.991188513448631,2169916.87787446,1.49435709732897,2.8712897661939,10.0222502015349,5.43818901258851
GCFR,31,0.972222222222222,837.324799883019,115.46854051484,17.1332618206292,305.675859636538,14768972.1823689,5.78885814620227,8.7571170155595,12.463813095558,81.4412290991806,80.062891739203,27.3267631684857,3.48170457511463,0.82875167566113,1126635.31872586,1.0602952925999,2.55429433550781,5.35438164380582,3.32349324066241
GCFR,13,1,962.721447225707,137.178543965357,22.2629829245697,305.301546634125,15503382.1805797,6.79349574559852,9.66634003723724,12.8402926589869,80.7151010247726,78.7446377474729,16.0989094156907,4.08129779459374,0.406998223398684,1089953.76623478,0.700130750083371,2.17559890046971,3.07605040032075,1.37562928095527
GCFR,608,0.874727146485645,163.925425809055,144.157772664212,18.9902011098014,303.332278795777,20351587.8879732,8.35474759113939,9.47839422716028,25.0984639880023,54.72904946812,194.218163126212,24.8122001664813,5.01087946021699,1.82259477939325,2204429.32953505,1.38938638136695,3.20578216404508,11.4002479730112,15.2529499193657
GCFR,1003,0.830123675498324,546.3359783114,178.965193341573,13.2135737597217,304.484063834423,23054703.8398693,10.2096945738792,16.0300844764709,47.1253692245483,66.6071596908569,293.327943606061,22.441655278462,2.48745435470056,1.27652834292278,3035821.27200087,1.23592110989315,3.81453789653507,12.9376767209494,7.07193953675824
GCFR,159,0.951486535208143,887.71387257385,182.899131554498,15.2378368524084,304.197516884531,17961804.8747277,9.10070683002472,14.5849808979034,31.6900842857361,69.0952519989014,139.265365582162,22.275600258407,2.63583539120003,0.854886416414363,3061807.95134771,1.13445169349128,2.64033521533786,11.2419385776434,4.57132408454773
GCFR,843,0.901525876474059,982.438561839622,160.294805569119,20.8624261729572,305.306531692538,16000280.1606754,7.77184826135635,14.5822197794914,18.6569693386555,76.2532950639725,78.0284368066727,20.3831763089957,3.08957971740167,0.785712807652993,2018818.91199152,1.48856331965753,3.13003620953856,8.62128379058421,4.30482379954019
GCFR,23,1,904.708140400046,148.143782176669,22.307323369715,305.34105245517,14282745.0980392,6.74144829236544,14.2601368977473,15.1995234122643,79.5227185762846,53.8186817175241,11.3569028090743,1.84818322463355,0.421530096606901,1491880.95709368,1.74190929434594,3.8859152582999,5.5487664081144,3.44529693185097
GCFR,609,0.891945992844899,89.2859268712699,159.340883831919,22.8483906350794,300.217332710862,21750800.1997095,11.1285987172808,8.76944453913408,35.0916411808559,35.7123260560135,147.56956847872,28.7561919691071,6.56959804474015,2.98657376240612,1809235.04225594,3.2799062403264,4.69258654244053,11.5568049787581,21.6877990881817
GCFR,1003,0.830123675498324,340.29123952885,191.756712608337,13.320196679571,304.68229912854,25229221.5413943,9.14681297779083,16.1853714084625,43.4750497436523,66.2219572067261,248.479183577525,28.8249732007594,3.71404927278795,2.1940608874825,2855603.71306185,2.4328324851877,4.23712057163583,10.5263424337988,14.1282829645684
GCFR,843,0.901525876474059,886.300465861828,205.276238897112,16.4549807104961,301.988860784314,23138365.2233116,10.8763261699677,19.4551307106018,51.7901043891907,65.7598797607422,304.732246101385,26.5453709435462,2.71310716319422,2.27609883542416,2868085.93007515,1.88778357845426,3.20355698627362,15.4647834471658,4.79452388274448
GCFR,243,0.962632687150332,932.641465861516,172.970685081482,22.0947783553636,304.693296568627,16449766.6394336,9.06305809497833,18.3274589920044,29.4174051094055,72.373268737793,178.726783252245,14.7104993848889,3.26954998624706,0.85544027378855,3349289.8085949,1.30529191018283,2.1333995817122,9.19224351924029,3.54301332108316
GCFR,322,0.924277467440994,832.94133272229,152.518600328138,23.3952499762613,306.420546235778,11156778.4737352,10.3815303537581,18.5336178143819,22.6691005071004,73.7612940470378,125.327390840119,10.7612546020086,2.32491944004637,0.884794181162398,4427411.61710417,1.83095044531763,2.50911378521006,8.86439939640968,2.61433569894387
GCFR,33,0.96969696969697,888.447957147749,151.504092721378,25.75833646349,306.217317698321,11432432.5579905,12.381269903744,21.3089205797981,24.5762727400836,72.5872268676758,76.8567794248698,10.4959276548389,1.6974479903415,0.60353204759223,2786678.17881359,1.58690398413771,2.05487454250382,9.46786759108696,2.34110162194051
GCFR,568,0.850622795272644,138.284833295912,180.059368275272,20.7310524627499,302.583738490767,24615438.1174083,9.37947437090751,13.2514629922393,35.1719496800349,51.0700455581148,175.822969189866,23.2859250024244,4.64744713502809,2.12150787865354,1085927.13222743,3.17661071663989,4.88721388122272,9.94418473827177,18.5755758796515
GCFR,664,0.926690079236685,337.56167217173,176.22394015842,14.2276830576741,304.967484259259,22887020.9422658,7.33389189243317,16.5332961654663,38.0182008171082,67.643960647583,231.535469161558,10.6024811764597,3.86709352102676,1.51776092924708,2431506.59428496,2.10024437566125,2.1693581923733,5.25358304893118,9.20378790252612
GCFR,692,0.885543547613174,470.330893778291,160.131736096276,16.1809635939398,305.480844934641,20231770.7244009,8.01507015228271,17.3141580963135,31.5827558898926,70.5851457214356,258.222176764872,26.3053221255402,3.19061948953963,1.13347506148476,3498002.98874114,1.94754252008372,1.9491914221205,9.6119912541633,3.28292699838858
GCFR,1448,0.92182544053809,650.18993023048,189.084108024173,21.6918465037317,305.142066830065,20263983.5239652,11.2513224363327,21.8317215633392,45.0094497680664,69.3124871444702,217.305109229244,26.9888694327204,3.71216891554656,0.829646591806244,4056891.50149792,2.07069871593751,2.55085298731956,12.0536905280178,2.32771421926993
GCFR,786,0.915020844040658,913.727823647665,160.81237792748,25.7926071238041,305.684360021787,14855763.548475,12.2249056696892,22.8826240897179,42.1931059360504,71.2870817184448,120.927612462404,24.8400902766616,2.45257312806775,0.857912799445941,4210503.00179003,0.98616984820961,1.58076207006776,10.8965855618911,2.1860114360329
GCFR,131,1,59.9002324507187,167.13708663405,23.981936625259,300.156664086687,25488409.8129993,14.4780128598213,7.22985293357461,45.5863100290298,22.829217997966,88.0352796763714,30.2829924286579,5.5641113750185,2.5797625712267,1487249.86750051,5.02753701845751,6.01032132437559,9.23754080181341,24.785412864891
GCFR,664,0.926690079236685,165.463654033509,186.642456777472,19.2717062255105,303.612338275009,24570831.2983313,8.59424357665213,16.6561334624868,37.6933537533409,59.9548382609424,99.7681912520167,17.5288990241311,3.54122517622714,1.65797126964655,2530195.65523633,1.6783944743562,2.85447487136309,5.1755012062566,12.5023647554399
GCFR,1542,0.791161670398233,182.096122796326,168.072938158247,13.6806473738107,306.02626372549,18703127.3965142,6.64744746685028,17.5046221351624,35.7401539230347,70.423694152832,208.710579160123,31.6498117160802,4.17861066887771,2.06683005900148,5368205.50782832,3.01654677333351,2.75687080985393,9.15461368518749,6.59540481450631
GCFR,1448,0.92182544053809,647.70963276588,251.786548938751,18.4391984417372,303.764867429194,27395039.8692811,13.4030220174789,24.3362335968018,56.6741878128052,65.8339427185059,197.700795154736,55.9853055725667,3.52197004902249,1.1325307129025,5773581.38011381,2.61238729662365,3.17469153642654,9.97482965999179,2.59848937988282
GCFR,786,0.915020844040658,988.503913485432,200.787274172041,28.0530507379511,303.620215631808,20890688.8888889,14.7341969203949,25.0641536903381,57.9500219726563,66.9843919754028,213.003479643617,25.969554870337,5.08331433296821,1.12857629416268,4018321.92535345,1.90946497072814,2.61554077532902,11.8409861792674,1.95222682595461
GCFR,324,0.947765536836428,1070.19408283051,159.935248346926,29.0313943435443,305.016663974658,14360587.7344553,12.7016187974776,22.010326144339,35.3591612454118,69.3657918469659,159.744225573736,26.1946761822642,3.86592249014333,1.36158490131804,3079333.16943953,0.842063788777642,0.761006980277022,8.82871189823886,1.76614343239576
GCFR,540,0.807407407407407,102.164501368323,214.928915177343,24.2386410153803,301.295946204871,28532720.0695094,11.3455774325591,11.7920543590726,46.7805902774517,39.8957259432908,80.1310256971892,36.4359790316162,4.46398694491806,1.76073418145177,3240977.14152658,2.44027176635123,5.85417786783447,6.18838600155106,20.4889028762638
GCFR,1634,0.833704208863897,273.970062418249,216.999976005554,15.804240893658,302.786812254902,27997747.6034858,8.81474421977997,20.1675517272949,51.2071217727661,65.1159452819824,193.261320566047,38.1802086873822,5.18927653751765,1.69361572230206,2568193.54223839,2.63653955664015,3.44603158867031,7.36432222514339,8.24587692916367
GCFR,2027,0.845592425690427,494.645667663611,217.751725408766,17.1983952787536,302.558279084967,26059754.711329,11.5706289672852,20.7719724845886,53.0322983932495,66.0117673110962,219.919048188545,37.2592957232911,3.95177460170375,1.82984422052779,5019382.42253692,2.0535209359063,1.80262939559089,6.17129807366265,2.31153475019667
GCFR,421,0.71678497262288,647.491029846235,196.784505564372,19.0244732158777,304.354282734205,19400665.6045751,13.1167244434357,22.0366813468933,49.4567962265015,68.9014379882812,228.064707937669,30.1985097975126,5.56769687959917,1.64443083136482,4516022.60769429,0.794566265510569,1.55062258221028,7.36857992150318,2.35889063429558
GCFR,740,0.834937379499541,1209.30955854302,209.021056457096,32.6809164697325,302.04974046841,19199999.3464053,13.4433473491669,21.3862264251709,43.256754283905,66.707324180603,313.354724488708,17.6666909746844,7.54250813011631,1.98374966414733,2370314.04745804,1.05723903593074,1.22975605107293,5.16580445946144,1.52465613652529
GCFR,257,0.975485528207061,1332.51855439347,195.490157995274,35.2160475562779,301.446182565619,17422218.7856624,14.654737722306,21.5526069459461,42.4304963520595,66.2875681377593,161.588058186061,14.8652041815986,7.23918389348346,1.2863368472456,1926424.92136943,1.12325951362169,0.414335953284281,4.54934182063293,1.1551314165455
GCFR,141,0.943262411347518,1428.49956528776,205.227269313954,18.3261147135938,301.245801217039,17613552.7946811,14.6490054952687,22.3627638323554,34.5091480715521,67.4286984410779,74.0382183500478,7.65406747634785,5.1688537958854,0.339498603939973,891628.949901567,0.576856792993416,0.372998274372131,5.51943276200656,0.720456015835797
GCFR,600,0.864697723601967,63.0850133305545,268.882745363559,28.4850486135203,299.179058848287,30739587.2865275,13.9500491380692,9.75907965157181,57.1941154956818,32.252483260259,85.8174747616067,46.3224490227444,6.07018919943658,2.18057852287167,3279234.0449596,3.19477398797924,7.01193205969882,7.05411765973647,21.1024364664198
GCFR,1634,0.833704208863897,266.701589150161,291.02161342197,21.4531729423767,301.827340359477,31641928.6764705,9.98087923526764,21.2861025619507,53.9372824478149,63.3941725158691,228.261847831574,55.0292639753736,5.97123314572797,1.47589233149764,3211301.64797616,2.16086499236758,3.28805978645801,5.63804564061668,8.58367978816715
GCFR,2027,0.845592425690427,828.56734050731,317.823507177565,26.1234190561392,298.873927941176,28928259.1230938,13.9793671417236,20.3318652629852,68.0693573760986,62.7911824035645,306.196502692757,80.401457057529,7.63515480825291,3.45968098523366,6475183.64197533,2.52683984226651,0.84952158080207,15.1362595452203,3.38345207214355
GCFR,1022,0.945561739279801,410.232708543219,178.156764945984,13.6456641537721,306.850540849673,11794051.5795207,11.3085511779785,18.4954675102234,44.6850950241089,71.6295315551758,349.097338220183,66.4047753458847,11.9942830329014,4.51400901718714,10816060.6481482,1.40955344994863,2.19026322894626,8.48155393176608,5.12894346449111
GCFR,232,0.938627674304475,803.140338898638,199.846511573792,21.5526956150437,303.617427723312,21526430.7461873,12.8280380964279,20.5956516075134,52.8059567451477,67.0424510574341,266.559142927558,13.8000082499836,9.04326193059409,1.79377262826945,2761560.57912868,1.24706506325454,1.01431973891283,8.05298688858274,1.17976237322288
GCFR,380,0.901260320166598,1465.95263949116,227.22870811038501,38.3885461416438,299.99372962963,19921584.5860567,15.5805628108978,22.4240786743164,43.9884861564636,65.3168146514893,310.137512407733,23.7097987335628,8.1821545120068,1.71478841386658,2261816.35677944,1.38840881921434,1.00820388254737,3.08002568844777,1.72448128047215
GCFR,97,0.952898550724638,1390.09364844312,207.453742508195,22.8032358192335,300.737236312399,17046056.3784692,15.8768609295721,21.6125494500865,44.5632285449816,66.817632716635,219.877311241911,15.5801195381429,7.90624903068902,1.17089215431608,1988431.58949061,1.45818692749665,0.470297210271761,5.15659663809651,1.38163910193263
GCFR,141,0.943262411347518,1241.53807437966,216.967821751953,30.3403166402723,301.094427326486,18755415.4995332,14.9991856302534,22.0432596206665,44.5725296111334,66.3490489778065,273.137693928116,26.2276863502311,5.20489863902242,1.52945520078433,2902905.06096229,1.31916138588109,0.618370818705653,7.37769941302094,2.1675041568742
GCFR,52,0.980769230769231,36.4855281307202,204.474647356116,19.4539046897669,296.103388404745,36642713.6561694,18.851772181193,5.15264748749049,71.5104977925618,15.1782796209788,18.4248920692182,84.8701996577655,6.28675268190221,2.53404097492147,3376705.73777204,3.89296205343921,5.96830769507206,8.67764435929094,17.5681474294953
GCFR,1236,0.873665622543437,47.6319640205999,295.777418754533,21.6072806290669,300.416351762927,35336409.9873868,12.2831054975589,17.005544935083,52.3128034671148,50.9977863580361,70.5520655246281,65.6171097665237,6.2705303568966,1.53270342144931,3636659.6950946,2.46424214211465,7.57705549620055,7.63043788386507,22.4139540764082
GCFR,1144,0.877065903690899,168.173689206943,373.861649521722,31.1083701122237,301.757222875817,37343228.2407407,9.86424443244934,20.2740893363953,46.6703381919861,61.3515910339355,237.694983873131,72.8607867321835,7.16621602871539,2.07610520738586,4471058.3857099,2.95560705740311,3.0664425616953,13.0401065819262,8.14914189168823
GCFR,1898,0.782759396920888,838.228727821418,426.364162279765,40.9936668271399,297.84891416122,35196288.0446624,14.9215623474121,21.9780804634094,67.607525100708,60.1625155639648,317.309057885349,106.533822736858,11.0216891857574,2.93561146816756,8051251.27390462,2.61667635440826,1.52826900906033,12.1339050102234,3.45716434902615
GCFR,1407,0.864236787303941,792.649499802049,247.192141647339,31.4934647070724,302.09513251634,18509090.9313726,11.4004341411591,19.4900340557098,41.7320659446716,68.0770502090454,116.741451053573,91.9233942787736,9.61307791679471,2.96139145485355,8955600.38428951,2.05362238301171,2.03573514832391,14.293826491038,4.09408036126031
GCFR,653,0.886457043936862,809.705549245112,208.11348757214,28.0468293565306,302.780541013072,22876469.9618736,11.8942879867554,21.0855974960327,40.2789381790161,67.1820325469971,175.798436447482,37.7310087703187,9.32855208763129,2.4157717380779,3290189.21266034,1.72513546572791,1.41684283044603,7.2593933974372,1.57169403500027
GCFR,1215,0.838202486350313,1038.19990066404,196.923891031477,34.4444729739141,301.16525462963,20933398.3932462,14.6875627422333,21.011794757843,44.1421397972107,67.2244181442261,211.017694220984,28.8670414634806,8.07680111833218,1.28043616964879,2297662.01217198,1.17158562357562,1.22644009393821,3.85976085388192,0.924591223067458
GCFR,1004,0.964917864503695,995.701854431924,199.014604102241,36.2145738695395,301.642693211788,15398450.4357298,13.9781874271861,21.1338784401877,44.7239739602072,68.1736146358022,265.056531424364,37.4752929266722,7.91024290147803,1.61500031277506,5536261.68694453,1.10791862119845,1.65069406321491,6.12260994482932,2.43355843924521
GCFR,1335,0.931732654923501,758.383087577666,169.383008526821,31.7801896706158,304.571819652698,14894375.400487,13.4287405014038,24.2672866372501,36.2280422659481,69.6501592748305,161.299729063787,76.4940803807824,12.2667432314112,3.08221866476442,8013189.78111943,1.17032696430852,1.36636619952546,13.2752834970429,3.90429893186828
GCFR,596,0.977922381550411,935.789097819186,205.821371700146,32.4726372621678,303.600048293391,13451010.4393609,12.6477794647217,24.6712678909302,30.3090304692586,70.6339235941569,98.2860072155201,70.8941951389971,15.4410279500025,2.39046491746006,8449520.35048955,1.07457436012965,1.25130024899115,14.4211258040132,3.94225588136399
GCFR,586,0.92519201628599,843.019121690671,212.857774693479,29.7378761626273,302.951713753602,16021901.486401,11.2879028935586,25.7918749163228,25.7028957182361,70.1361969978579,40.1979742868132,93.0950455188917,19.0725345412064,2.58301217658814,7697258.77421596,1.98485657349777,0.857533272201893,18.222251489305,4.32853596629208
GCFR,232,0.963060428849903,853.965755706326,317.552067494532,43.6382153849853,299.537926843252,26188357.4131407,13.6272820673491,25.9363908265766,44.3105323942084,65.0126819610596,64.9822305340275,43.195233198295,9.03666983165895,1.09352011275773,3335054.38476279,0.620641020759729,1.55015925011799,7.88485230703305,1.836444476289
GCFR,240,0.956875160146188,781.487794549041,304.905380650571,36.2629180149725,300.85807619539,26636027.6917786,13.5715760180825,28.7599676031815,46.0049359171014,65.2966139943976,134.659564423824,43.4046887480988,9.43843078120293,1.12803846347894,2756736.6525086,0.426555191536396,1.35905415479203,7.0239639960395,1.74393797991569
GCFR,1236,0.873665622543437,72.4391753178791,388.244576581319,33.4163955543224,298.850918502706,42940106.5688331,14.7503136941942,14.197869071268,70.3139969777253,37.3368945796554,50.2723767660665,97.3070434398685,7.7129999930154,2.08686203684363,3888912.81374405,3.84121947587052,6.76282798478751,15.685080737758,19.0151545115765
GCFR,3029,0.71424354072772,150.478375879979,461.59254840427,35.0055371084872,301.277726470588,41584905.3376906,10.4573163509369,21.7318139076233,48.2468824005127,59.751907882690404,194.555057727879,89.6683872319564,10.1438664182351,2.97344992295801,3664007.0863343,4.54931631595466,3.9938733848949,22.8098977995953,10.1385775489347
GCFR,3040,0.712178383939485,539.3917259283,553.051078041924,52.7492660095921,297.238833061002,42870530.2015251,15.1918255710602,23.7807931900024,73.0417015075684,57.747854385376,257.076627779525,127.920093036934,11.0867961502356,2.06308675802367,6584872.57848233,1.81790413008796,2.14065648959743,12.9403883722093,3.80063254541821
GCFR,1407,0.864236787303941,982.604083057595,353.240194218953,40.6864362205435,297.626898093682,28856648.093682,15.6628047084808,23.6706786727905,67.0643501853943,62.0207759475708,279.12963641819,113.373854415564,10.1514219973095,1.68998857419507,9131591.12200437,1.51687340736389,2.37789218902588,12.1928570599026,3.7183021291097
GCFR,653,0.886457043936862,908.649453631802,257.332654177348,41.4569403753624,299.197678267974,23194374.4553377,13.7158716201782,22.3146214866638,46.0417863273621,66.2982976531982,206.182010612862,79.9785087422972,12.9745229467466,1.4160538247398,6991754.7385621,1.02579630321926,2.75051468637255,11.0469345071581,2.88967145707872
GCFR,1893,0.848727900750127,812.21349691687,245.739523474375,44.8727855650834,299.769493845316,21260643.2461874,13.3375164794922,23.9351545715332,47.1061658287048,66.4714793777466,184.663847268933,76.6192480438138,16.383802732811,1.107875298768,7176922.05579761,0.767118736865693,2.77852134288171,8.90646742722212,2.43551673257095
GCFR,1893,0.848727900750127,780.275949477247,290.465269904667,53.0500708519965,299.149107625272,26053927.8867102,13.9095024871826,25.1985008811951,60.3327198028564,64.0700944900513,223.108878521182,83.4178891574635,17.7862000882233,1.60273386135795,8591211.57087017,0.841194599650483,2.56266233813174,11.7260858107668,3.34722754675401
GCFR,906,0.921890759851809,647.527519899786,290.961354598999,51.070357937897,299.82886819172103,29749358.251634,13.9940554618835,25.0723062896729,59.0039386558533,63.4670840835571,183.19533071367,86.004956119188,18.2457407808568,2.09072471474087,10478053.3692239,0.943403878857709,1.94370641691851,12.5256742365308,4.72673215813514
GCFR,1335,0.931732654923501,753.607860877868,313.487774467468,57.4291409199124,298.977803159041,34811282.4618736,14.3727728271484,26.4954137229919,60.3998248672485,61.8155383682251,187.205250085347,107.238443940202,24.2514555605604,2.67447315901822,13227667.2431412,1.13771611677448,1.88159495351896,16.9683760820608,7.12533816985004
GCFR,596,0.977922381550411,863.164825890117,334.308750822279,67.3973114313037,299.627562091503,27519359.9400872,14.2951014614105,26.2888708686829,55.2367049407959,63.5493887710571,171.452786668486,136.183329412657,31.7432945064751,2.5633567795693,14662891.0890337,0.95428008738532,1.34435211128835,18.6678943837132,8.24972854082728
GCFR,586,0.92519201628599,871.054549766488,351.557994478014,61.8104184442096,299.472096023965,24705255.0108932,13.5820726585388,27.21273229599,51.2921698760986,64.3647992706299,138.22329032402,150.950461005134,34.0839149889464,2.29055202423827,14687628.9368326,0.922110625047459,2.21861141466275,20.0893356283044,8.96754500193686
GCFR,1379,0.818724619837234,932.309224992118,399.546156099108,57.8060055377086,298.319531535948,29287295.1797386,14.1964182567596,27.7540982818604,56.6995498466492,62.1444287872314,212.886799085992,149.345595950371,32.5287891079586,2.13202719527398,12651326.78515,0.903312950407952,2.18009905750396,19.1497400442824,8.11896976167128
GCFR,1050,0.832598134261948,642.929231021055,343.38247145123,44.2426045706206,300.080885130719,31002517.3474945,12.9128667640686,29.1752047157288,51.9469511032105,62.9175980377197,157.036731925095,118.960066005983,26.9255413347444,1.77037401089768,10694331.3733296,0.959500340301288,2.21257581329059,17.1039702418248,6.64129472937608
GCFR,916,0.867167745572811,579.065527242794,362.847689683702,50.5510129761365,299.853768954248,35509215.4411764,13.1248261642456,30.4792582702637,59.4106282043457,61.5326843643188,170.189859000822,96.8999179970907,21.3704159134473,1.51899794304982,11730711.8106138,0.796945663218341,2.26364923445822,16.0754882723011,6.80694131051724
GCFR,1568,0.775050875754464,422.686848880283,383.399171589951,58.9840095087334,299.35931123395,46134810.9326472,14.6904524742289,31.8226528573543,69.9998490759667,58.7466423359323,140.598820061761,75.2234635469,18.5759106249472,1.25833855556793,10310277.5285444,0.834701264794378,3.51535375745167,12.5961852044475,8.2242721441758
GCFR,18,0.972916666666667,454.144396167653,403.109774581129,63.0725420973078,298.175354549227,53175377.2002628,14.1811770181807,31.8322373647538,70.5644797673301,56.7238460722424,140.951109096239,64.2726533386465,16.9185674516853,0.674240959864657,9782909.78188291,0.572961176323588,5.00651125165656,9.16753796512427,10.4835434743682
GCFR,46,0.992592592592593,466.310580460815,478.709855120623,75.2978015027223,298.134819554084,52774318.8891718,13.7134241005043,32.0166814482057,76.1040142108868,55.3573394379058,165.294206782683,60.2734279061444,18.0312552774093,0.464490612556915,6872029.39836727,0.76966840012884,6.74407684021098,7.43591347315354,12.356975843479
GCFR,46,0.992592592592593,382.625256044705,564.978234760345,85.1238932527956,298.29757300386,56401244.5055994,13.2361327723453,32.423587899459,77.9643201326069,53.7368900232148,158.859218580593,55.7431392227955,13.7806523502273,0.670994773580469,6388987.40857684,0.958853108265355,6.37118758376021,4.58917207961838,10.8202548749446
GCFR,706,0.940509915014164,138.343692359103,512.449681450801,42.5881561936108,293.909042797254,48165328.8040363,24.7578454451127,8.68723820285364,112.774985573509,18.0241678056843,37.2676969199798,52.6030745600868,5.12268297429015,3.1250304785276,2807147.83076049,5.74170727773693,6.44079118259375,26.9702654402263,17.1941684580276
GCFR,706,0.940509915014164,123.906722703519,581.220789856381,48.5668620800672,298.871001355982,44084104.9764935,15.883584985733,23.1289304608107,72.7401058578491,50.5592928242683,131.107439270142,72.8918061287675,8.82658040526026,3.00462072684083,2924350.33386685,3.80052606535582,7.37102567576012,21.8970029229239,17.0331766763669
GCFR,2898,0.646709295498177,587.522930995347,644.541742875841,62.5399671662928,295.527470751634,45961730.1742921,15.7637518405914,27.2217978954315,92.6495943069458,54.6085442352295,287.504745889186,132.373465049863,11.3648357001616,2.2347384364181,4596971.93505356,2.06356855180528,5.23516968531346,20.4615110602202,9.53035043556493
GCFR,1819,0.844555262539352,444.756803870243,424.435311495463,51.4000608161906,298.051354466231,40773942.1023965,14.6890982341766,27.1945646476746,70.3750403213501,59.0011068725586,227.322699001882,93.2808366503608,9.95846255921865,1.00977499709925,6448103.74684621,0.802341298278497,2.53860075437069,8.73044314470241,4.81403966417268
GCFR,2122,0.795657794301564,427.76124540278,391.091066881816,64.5089357269848,298.510172930283,39675061.1111111,14.2756395244598,28.0722074699402,68.2433431243897,60.6141920852661,261.485947835476,65.8728639611507,15.4624459435741,0.623978424243906,7682051.34610405,0.715762918627407,2.71432225996455,7.92990422710744,4.55720706053632
GCFR,1893,0.848727900750127,512.677107496037,449.009049809774,90.6601276705215,298.877512091503,37199743.872549,13.9810433673859,28.0986960983276,64.8702276802063,61.3118622589111,263.525745592694,78.1359082517505,21.6985691116477,0.458651154145148,7905941.52301846,0.91930610247722,3.43990280318196,9.25206456841399,6.55982151964908
GCFR,1772,0.893680489239507,374.583725519939,397.20622127533,79.3979069211426,299.422127941176,36967143.0283224,12.3993846321106,29.1831798171997,61.8987545013428,61.3089270019531,227.674126296935,64.1372474852585,15.5041367620261,0.79660293418083294,8467054.25867629,2.02778795505619,4.80199815990796,10.5244903390491,8.75001431844394
GCFR,869,0.963105101825469,353.640377496123,403.818871909248,79.1213637946855,298.34685157952,42500477.5054466,13.3696303272247,28.9236799049377,76.5974673461914,58.2335014724731,212.626797410563,59.0914292430249,14.6795745080072,0.839878071035615,7433521.28125883,1.32278447338978,6.09123253547831,9.0020789897075,12.2980296967551
GCFR,1692,0.867968410850746,400.728159060807,466.951096522459,93.9502129058222,297.576797614952,47873657.4952562,12.7974591506155,25.6238235631585,75.9830937435753,50.5722227147222,220.531331342484,97.2185564941398,22.0264216448157,1.13884023941171,8939610.81223068,1.55585594521378,6.61350760627704,9.40106204002296,17.0866400897864
GCFR,1696,0.865735073831978,467.550911953062,574.789487601885,121.718945733811,296.095745390297,56169735.7403469,14.2464050359504,22.6527899310915,83.6337888407153,43.3126218512117,221.521815779661,174.435530437063,41.0713358100114,1.80072715976659,15139221.6753373,0.565616648501086,8.59430184136052,14.6179936278894,20.5923928984213
GCFR,1392,0.828060997548066,493.138729969693,733.901315499468,148.456131515568,295.186052678318,62183886.4409684,15.0257018184662,23.7574175533652,91.5264803314209,44.8371393358707,217.838177089632,214.741172323311,50.1183993105804,2.18093746819429,19017304.7745382,0.65486133677767,7.54949396624257,20.7219204198437,18.9527771227558
GCFR,1379,0.818724619837234,587.467563751211,720.857154556185,132.837580567323,295.500953159042,59133957.6865469,15.1720599779269,21.9643773388664,96.6142950290587,39.9609173315314,205.076930149103,221.078133798151,49.9372166533676,2.09499746923291,16137460.988115,0.937053624407368,8.28652709496486,23.590175605716,19.907394882088
GCFR,64,0.9375,469.429861708534,620.515270067298,103.536585577732,296.386384280208,55093121.1935532,14.5209186453568,24.667880997695,90.0652703536184,45.5702481647581,238.778983475274,165.131772344563,30.4744570506912,1.80240607507961,11891994.1720359,0.712914147157584,8.06877419921086,17.8930769572123,17.9612443982604
GCFR,371,0.956873315363881,266.517066820509,524.280824983385,96.8035296323135,297.500944989107,55058591.2717865,14.6978747820613,29.1344984197617,80.9532361271405,53.345739865303,187.366161997231,98.1501732373139,24.2495660965211,1.61087736338702,10062864.3919758,0.638154364470126,8.39759611885474,10.4712027025629,17.3173859480009
GCFR,1568,0.775050875754464,253.072355378365,494.766492442081,82.4583785779643,296.766873129993,61348435.1989741,14.4299299842433,23.4023565572094,79.9293677681371,41.7139984823086,156.442254135629,58.3586606252997,15.8298742371143,1.55654564227389,10143574.822197,0.649867698949402,8.12869948192545,7.13002265529203,15.3168269033687
GCFR,2092,0.924474187380497,107.211191533489,462.599754757351,39.4804101969875,293.588341503268,48403500.4765795,23.5797421382024,7.20771585460494,117.329754169171,14.5767443382776,44.7395108244592,60.0640157078517,5.04930252864387,1.60990587309472,1259310.32075354,2.49063617781326,4.46077337552964,13.7081252181447,10.323636137383
GCFR,2129,0.944107784157989,238.341202835684,534.38485579628,47.4834224318599,292.752079157589,48883174.5869644,24.6680263900757,6.76535930694081,123.017838134766,12.7121717421431,137.210952123845,79.6409517861363,9.79508567283085,2.2884871519424,2381829.76869599,7.86076972868059,8.2263012029413,23.5072505396317,17.6688740436712
GCFR,2898,0.646709295498177,201.166283098305,563.517731823272,64.9901877965907,295.595462291462,50469171.0239651,17.3623280715942,18.5890855035448,87.7804554239909,37.2783235987703,139.436446346877,88.8697965543526,11.7505349492053,1.51417085938539,3881803.20659143,6.65435706288726,8.56617766815347,11.4518743753433,18.0179356299611
GCFR,2122,0.795657794301564,222.157841710974,493.530247921414,62.0548848261525,297.368273856209,48267072.167756,14.8682812976837,28.6469654846191,75.513268737793,57.0183854675293,168.537538462891,87.2207524657108,7.49352815986128,1.29490229307189,4195129.63270871,5.9377910606621,8.89886274379211,9.90780745491149,16.8634847215212
GCFR,975,0.981307963440753,121.17853238405,413.449355531087,70.5265413680234,298.634352897163,43738398.0190014,15.1199842764407,27.261614792347,71.6885286058698,56.9560147666931,165.264387784765,34.5627411541825,10.8038095315705,1.1525959618427,4128790.54720394,1.63804393933228,5.51231195506863,7.37540582466923,11.5398948907693
GCFR,1555,0.858660203581004,108.668549552677,450.926316526927,89.4285808029848,297.81670486764,46870459.4935386,15.6874082668408,20.2289569520175,78.8748304006216,42.1120445858188,158.733709315696,26.2597498637993,12.7056338245318,0.993791996885599,4504597.39945818,1.91063753055611,6.27347324398353,9.59950598280431,13.7873766149095
GCFR,1772,0.893680489239507,122.5693518243,451.544749744355,94.568117593278,298.449316597346,48345643.7000726,16.5529980735173,19.8051750248311,79.841305445111,39.4340239222455,148.48577514845,18.8747432157952,6.87293763932382,0.517907591672004,5630747.73300286,1.80575696930892,4.67233372034641,7.0099253127305,11.3122403647811
GCFR,869,0.963105101825469,118.74865824442401,443.514829905724,92.9949829411129,297.477954632834,52285379.197656,16.6130141888635,18.9849853759109,84.7769154694121,36.7908213637332,133.465394348048,35.8801077384358,9.29142710748325,0.806894061014172,6626875.24871626,2.13458607455193,6.64282343543887,8.12334490658368,14.332317057984
GCFR,687,0.981077147016012,94.4832730796078,345.704936557346,67.2454800794856,296.51986546841,45978722.7668848,15.1380823135376,6.72396156976098,80.8238868713379,13.1823086722901,192.547002887197,101.250907941986,23.760717011498,0.853225500038093,4374169.8788086,1.2951368604296,12.6688990109693,3.16602864407214,24.893706897545
GCFR,371,0.956873315363881,47.4068476182322,517.541078877245,94.4713762526591,294.864566365008,59167879.9019608,15.3545754551888,4.9786226890449,82.6134724617004,10.0270278272884,169.515559298439,59.0496995134196,11.0062827102129,1.51512582607118,4759067.31361138,0.603750738476199,13.373101105651,2.94903473001031,23.9767256625762
SWAFR,130,0.909166166998704,20.3424676930946,225.8286137522,20.9239317326885,303.057075540473,21591968.4510277,17.232309613909,6.68067033721568,62.8683728587871,22.608635616527,18.0874702834951,18.0493484066082,7.29095046399127,1.91188058893167,5451865.44688162,4.66861913459822,4.48643799224019,11.1001406052515,16.0782211670975
SWAFR,130,0.909166166998704,32.3881911503153,217.904326905145,12.2031415217453,305.808895969499,22482441.3126362,9.49899935722351,12.210505926609,46.8858053207397,48.0784120082855,39.0122660084772,21.6912948946915,2.48592855701285,2.21945812410722,4332141.09943999,2.96548023260937,5.15055861211383,11.5977126312174,19.3063006784769
SWAFR,304,0.936480939279533,37.4698641287323,245.910641981697,12.5798130261725,303.280209125939,27939989.1302306,14.2014628841031,11.8512850284674,65.9117248904321,35.4669255797114,30.8428338301294,22.4583860152477,2.41480525113686,1.74588297498403,3903102.40672689,3.78237321435988,5.45582337362721,13.3538070864138,18.430522492324
SWAFR,304,0.936480939279533,85.4391640126297,249.188385138351,11.4515299615511,306.589028236763,31128327.5195222,8.02146468537577,18.0602994447344,35.1733112120896,63.3110173686167,51.3482486912984,22.0614068793206,3.51280779380391,2.10762494815987,3810388.57083167,3.21968724750765,5.50696315762654,13.7164796068812,18.2969899509303
SWAFR,84,0.908681765389083,157.271151894749,259.146141221788,14.7837110312449,306.740885893246,29149239.9237472,8.58490664958954,19.1645016670227,35.6182233810425,62.5239358901978,57.5332772850911,19.9259154439072,1.9899172485026,1.04215551158647,2679101.32798663,1.1948833828457,2.33882149485747,6.40144415328074,4.51560943130885
SWAFR,158,0.949367088607595,70.8812601012872,214.333787161206,16.1727847723568,301.086358543417,28759467.1387073,12.4175067901611,3.59158701850818,60.2869239807129,10.4532687698419,32.4539944458193,44.2845174863917,2.8635744934417,2.21913570480312,3163792.01027333,3.47006397732751,9.30043638174464,13.2570169959436,27.6740020178645
SWAFR,403,0.851078501709293,132.038402715698,288.067180211944,14.9414408740705,304.428800608206,33936637.3375193,10.8402190418034,19.6570233336339,38.8791335179256,55.2860129303299,49.5023614583695,30.0654045315426,1.50431596568229,1.46709053264062,3620360.33543668,2.38239097753132,3.99747046054494,11.2982483799118,13.6412359326407
SWAFR,410,0.915088906270433,197.11905398074,284.066918262729,16.6583491230106,305.163687704248,29172060.4121278,6.91058292984962,21.5079291264216,24.8517910341422,64.2380235592524,52.1885843072625,23.0245885993228,2.1116670120835,0.777314663968141,2140673.11954296,1.83088151782279,1.66289857594048,9.83241147189982,4.21363101992632
SWAFR,1062,0.656652416257108,124.024789832075,320.950595891034,15.3534078704691,303.074021822803,34081662.5004065,13.2957059491065,17.6554250466824,55.7532415697652,44.8649020202955,51.8620735430744,33.5404080359978,1.43833300696306,1.55340085152746,2639951.71148061,2.76045403456804,4.84706532951668,12.490832894882,16.7275093701087
SWAFR,1062,0.656652416257108,227.405361150493,308.016973491245,17.6064808526608,305.112512527233,28652882.3801743,8.17881258010864,21.8238627624512,34.8017112922668,65.1280199432373,51.1407121952515,26.6838716546628,2.06235539254665,0.787677920774576,2811999.07168712,2.00332763351686,2.29168428665356,11.6967373436293,8.21963989086718
SWAFR,69,0.991803278688525,251.082552068318,263.938397712708,20.3804998498564,305.120833442266,26860444.4444445,7.10163502216339,22.205362663269,25.6420210266113,64.8958963775635,23.8721810242471,33.9913948188717,2.10285182419536,0.638141661196781,3054522.25769478,0.851690302131349,0.688407405338281,7.9011696939749,1.6063048636987
SWAFR,336,0.91620773712412,289.55025349497,233.817693977356,20.9206531440218,306.759181917211,21881208.7962962,7.51986573219299,23.0380820846558,27.0820347213745,66.8881583404541,30.137946652615,24.3156077872538,2.09138291267049,0.820705682432056,3044659.02183178,0.602051293245612,0.548698996417928,5.60581612147428,1.34161028513778
SWAFR,183,0.947581933325817,328.67643646613,224.576104643749,22.7463633370155,306.571099357872,20533633.1126018,6.96581626565833,22.1978135108948,21.664651707599,68.0728625247353,36.9996705671192,18.0925269171839,2.28537971574039,0.437790137958042,1643075.34401297,0.575537936633691,0.701355001119743,6.19844704706866,1.18038552294721
SWAFR,585,0.814184174793215,84.023834633669,319.527672839421,16.8420524640184,301.644568561431,32099753.2485216,12.6550295012338,10.5183170082502,63.4858290808541,27.7285136308001,62.9757851232505,22.3589993360765,1.63525595557389,1.97048188412324,2781793.71064237,2.20484947768378,6.78853466268263,10.824230771852,20.4673594014866
SWAFR,923,0.785236593635476,209.426371353696,364.993004654393,19.1437361926418,305.04777587146,34773812.4957887,9.44890660950632,20.3613962042332,49.3107700925885,60.3520955991745,57.5284696078942,40.5622051730204,2.84168337413762,1.02415749658282,3501932.70326541,1.46689313183773,2.74204222339386,10.113159694946,10.3556481547934
SWAFR,923,0.785236593635476,260.330372190136,300.645844298469,24.0541168135145,305.538663126362,28058989.0795207,8.98270784854889,21.4788479614258,40.8882915306091,65.3971468734741,42.0482519763644,38.4668292303869,3.39373244993184,0.698026425518233,3917715.34383456,0.735623349115905,1.36035275146617,9.0137918255867,3.68187484807417
SWAFR,397,0.901608915948235,281.873747790184,273.725643641154,25.1087920874357,306.254027015251,24906429.6296296,8.33065636157989,23.0906681251526,39.6986358642578,65.9501879501343,29.9788753787631,31.1916147876514,2.33218994139802,0.617066970530876,2738170.56434662,0.80465593639173,0.767509430779352,9.1307311981045,0.899726559823018
SWAFR,397,0.901608915948235,335.45952197378,256.811434817844,24.6332732158899,305.494810784314,24026602.0152504,7.73251513004303,22.7705099487305,29.0193227577209,66.1622064208984,26.8254981377934,22.9285339299946,2.2985710824941,0.645591521104816,1880956.90494845,0.772150548159727,0.516144988969056,9.05435832179778,0.761633431507131
SWAFR,335,0.805459308781798,351.085454391774,246.65836619907,26.8338241504961,306.267530337691,21538422.9847495,8.14158648490906,22.8988961219788,30.5994573020935,67.2872068023682,29.7753271927667,15.8443281573179,1.91409092579991,0.665927562655952,1483292.20338882,0.693780368819045,0.602506474750909,6.9316773968913,0.826148423890192
SWAFR,71,0.896281203696818,386.489892900459,234.815321050804,24.9449444607812,305.645909641634,21472421.8020542,7.44233167414763,21.9461053926118,25.0932641807868,68.2100626887107,33.7580537054404,11.2391878107946,1.73138315414473,0.310878321065196,931562.839390155,0.669932647573448,0.752277898952349,5.39040076195105,1.15138867162096
SWAFR,1297,0.743298923219602,90.1177418146652,372.923715305042,20.4635755310727,303.196373444846,37905882.4342342,9.95379837354024,16.1752573330474,59.9564395095363,42.905833967926,78.0314073200777,31.106716736445,2.81358439279961,1.62750627732517,4291858.92539188,1.23763456810334,4.95973759024369,10.3991383780364,17.3039810820054
SWAFR,874,0.751769462721371,229.002209088311,360.311612959968,26.7809521784475,305.383990577342,34005751.6339869,9.35513992786407,21.138659992218,46.268978843689,63.2754672622681,72.2630504016373,32.2590534639033,3.43211529896355,1.27538020453326,4899397.0502726,0.888598612909499,3.22052631594157,7.9939757911391,9.5647580594118
SWAFR,841,0.790236815649632,293.383757597336,312.72958059099,29.060559726728,306.053188507625,26430807.9793027,8.99373492717743,22.7182085800171,52.812340888977,66.0615467453003,41.8233354403471,38.2965218499266,2.55531824669272,0.786543258290963,3576683.91736358,0.517240982253677,1.10133106445687,7.90733978093807,1.5182581316183
SWAFR,374,0.857597786426933,326.902537803786,286.181126391093,27.6655197528336,305.201300163399,25541845.1252723,9.23015287399292,23.9110608673096,45.6149997329712,65.5187244796753,25.5751191677345,22.4167109995712,1.7847985715736,0.565659985475621,1765522.47942387,0.563994540108575,0.69484729554918,6.79051072014703,0.88596105787489
SWAFR,243,0.932873462649137,332.705302725345,271.9108945126,28.651171844999,304.944895152506,25134860.2941176,9.10905586242676,23.1967258644104,37.6444528388977,65.4380183792114,17.9665703171162,15.8669850378212,2.18575466680366,0.482950060641485,1696425.86973058,0.90095460864692,0.603127883469978,7.90012364264248,1.3817188955813
SWAFR,480,0.90348751243253,343.407331528454,252.917213452657,28.5778629136085,305.226600653595,21829721.6230937,7.57195216178894,22.9367834091187,29.4310431098938,66.7748677444458,17.4851081272819,13.3478404326975,2.41769533894939,0.47251232554209,1822790.37834673,1.01012100314126,0.612042418474466,6.751015442227,2.17127953424334
SWAFR,480,0.90348751243253,332.593882578418,251.294631245931,26.7327538053195,305.340821568627,21330495.6427016,6.62881162643433,23.2011430358887,28.7343599700928,67.2844879150391,22.3210250421825,13.0323775616974,3.59692380727786,0.512838100239078,1726219.70228138,1.49756662002497,0.716843534053876,6.21305376523434,2.41063948488123
SWAFR,518,0.793436293436293,19.8416343242254,346.444885526385,22.1153789680437,300.394285433309,45215031.5450255,13.3052083969116,5.26497016935831,77.0380367279053,13.2265508190862,90.6026584915615,41.7769834054647,2.44579260007781,2.56730402206045,6322758.43018744,2.50897291835269,10.1906281977828,18.5722169363812,29.6439452325148
SWAFR,948,0.779616264715912,131.561851195627,417.975176213583,23.6575825083972,303.853715250545,37954522.5220672,10.4899584644973,19.8730608175322,51.1747357146909,58.8698902248591,91.1501280631445,49.6283123431111,3.54297138446831,1.38466388206071,4514728.74773532,1.17158224736425,5.15014336319764,7.81492716730243,16.1527684698051
SWAFR,948,0.779616264715912,265.727174725292,352.637686860826,29.2478513512597,304.643287962963,32358448.8562091,8.89338519096374,23.3716967010498,47.3163019561768,64.0283115768433,55.5573191304307,44.6213024450232,1.70818677273817,0.998317538126344,4115953.58135399,0.653617577287217,1.71926461417228,4.38476070334481,3.04218561775982
SWAFR,638,0.797609842660857,290.991716214235,294.350891418457,29.4080105185813,305.37850087146,25712680.0653594,8.46828774929047,24.6950298690796,51.3514026832581,65.8274353408814,19.790942641125,27.8130357652829,1.22762483272824,0.925110015734643,2176760.81457274,0.520281568633185,1.41534318553077,6.38806246863471,1.55820216602749
SWAFR,520,0.831362564991739,310.902885861813,281.22367348565,31.6025226620833,304.366334204793,26994080.3376907,9.36425532341003,23.9610576629639,46.5964197158813,62.8111548233032,16.8285099689177,12.4809972612358,2.13627202405804,0.651021713870736,1972752.1181312,0.858135803010729,0.534061248567369,5.38697936587863,1.78141193813748
SWAFR,520,0.831362564991739,325.945928060587,272.249509565565,34.0143396241797,304.722187091503,24383324.8638346,10.6527447557449,23.4132974243164,41.6813780021667,62.7818050765991,10.4153354505101,8.06391077556976,2.73522182842106,0.573571030723946,1784166.57657266,1.7827877756399,0.957956402625334,6.8906123281008,2.39401242409596
SWAFR,341,0.933099200258704,345.857073697218,264.923455118557,31.6589615759642,304.566202578858,24249272.3725963,8.02398207394973,21.6026287338008,37.0560809840327,62.2008677150892,9.45549676174868,11.5373946114708,3.31578651061368,0.691411596035245,1904466.7782095,1.36651259353232,1.62320398703672,7.17762796223627,2.86845628100461
SWAFR,29,0.96551724137931,360.732784161156,275.949698630059,34.9939698486977,303.820664162846,25485863.8588105,8.40640895758102,22.8982353210449,38.0137978738813,64.1386259847612,35.2371999258016,11.5408210112871,3.52349521017186,0.762315135738675,2405833.96196314,1.49514336153676,0.816926498558156,6.19380203758497,2.46757021398237
SWAFR,5,1,437.469686963295,278.360272948806,37.6576658169608,302.760140581758,28131096.9057292,10.7203068990965,22.8275880040349,41.187530723778,63.4230483802589,36.066597372859,12.6697749502071,2.05388870400884,0.376566969344869,1491643.08708508,1.06978635715057,0.283627556787957,3.55639271337716,0.638471768541908
SWAFR,1238,0.650984824258276,81.6980276561062,443.45395465427,26.4847617807045,301.979582570806,39380177.4388764,10.8770722299814,19.7517015519738,57.8909081617991,52.492132397294,97.3253675118261,48.0334956777887,2.70871844872132,1.30652291473034,4042206.61825257,1.17850920671105,6.72155204219394,11.0907049778549,20.5695065459053
SWAFR,989,0.777953909274222,264.30713808484,391.255855734083,30.3213480629148,303.286629793028,31640055.6644877,9.08343962192535,20.3146540498734,40.4182914352417,60.6341078281403,61.4147679287865,55.5172353892021,2.52820327768983,1.02065379179798,4509897.11113352,0.876151844413132,1.72219324184981,8.1768517787597,4.4771354356467
SWAFR,840,0.82299255655626,295.307086583404,318.143279156155,30.7979956177387,303.912194662309,29688378.2407406,8.10511133670807,23.9201823806763,41.46427110672,65.243561706543,18.133170822852,44.4661926570939,2.08888413829309,0.706354599370652,2981722.33720643,0.80456558863322,1.23112146112654,3.09978632397122,1.87901949882507
SWAFR,712,0.780705230920402,312.918090865513,285.133386065165,32.9518598276377,303.643561655773,26006501.9335513,8.01322734832764,23.4285641765594,44.3734579849243,63.3284605026245,14.3762682236132,18.8056405785643,2.12554906713573,0.595845249334332,1962471.3870733,1.09395358456506,0.7789605500963,3.40574920018514,1.04335982852512
SWAFR,609,0.836553321642181,339.487744981466,274.402090148926,34.1557640882995,303.325863779956,28699003.3769063,10.1112435102463,25.073904838562,50.955335521698,63.5503733062744,14.832380145827,10.8314600306754,1.50355991037113,0.540799987189397,2986358.39756026,1.0415065862512,1.71096747033367,6.61581235599048,1.9311493073018
SWAFR,609,0.836553321642181,327.291372513366,272.862241610132,34.5790065003833,303.892590061838,23367457.1147204,10.9511493528732,19.7312328598716,52.9562346333205,54.3131628325491,23.7946537110743,11.3684279626182,1.92309528444818,0.560225276518363,2412962.92009211,1.56307481442967,3.51976824835742,9.46373275891475,8.53047141375014
SWAFR,67,0.984153195837978,346.066228503471,295.817826991343,39.0707134701699,303.28540111966,27444488.8792366,9.08326418188554,23.2066443962387,43.1479236989082,63.7349916289124,46.0257779883478,12.8154904713745,3.08160867577742,0.711727643059015,2265908.94654713,1.22215006843518,1.13466242812298,3.73028284335984,1.77638148650255
SWAFR,14,0.928571428571429,439.533701487477,295.68797511348,40.9068090657393,302.417866557734,30212477.0787945,11.1768947124481,23.4721476554871,47.8829619089762,62.8939297993978,28.7665155274709,16.0623750695685,2.21766547910669,0.485937527300123,2101657.16193677,1.32324458123876,0.578108563436225,5.58746810917869,0.80099375170588
SWAFR,1434,0.5767569033025,101.822790636418,482.318291093286,26.7489567719788,300.950094305191,43693829.4586468,11.2852884818768,18.5028934733769,64.805905440758,46.8574628141738,78.3498460390103,36.0540999507461,2.07330614479741,1.33789862138382,4229589.45370005,1.36275456536278,5.81213966064044,13.0908809893534,18.7332561485276
SWAFR,1434,0.5767569033025,264.492362889256,475.321873677572,31.3853579927457,302.665572276689,37420742.5108931,9.62829361438751,20.7024204540253,41.0814945411682,61.6772629165649,78.6961590065805,61.7889703879827,2.88995654039289,0.948778122840963,4568139.92407183,1.19923531772658,1.39084225985641,9.05049067096609,6.28063477117088
SWAFR,901,0.79841105329276,279.911516604722,354.282319700453,35.4749426938159,303.00656546841,31742634.17756,9.23841732978821,21.567373714447,38.9836049842834,63.0053484725952,28.5405865644952,62.1683979533631,3.36436984930211,0.479974001452421,3947546.80464781,0.528403797679477,1.06687195618947,2.77895834604899,1.54011979738871
SWAFR,851,0.719973414880631,314.19329602988,312.594051089817,37.9584752365884,303.252991775599,27613117.8376906,9.2089068365097,23.8720148086548,41.6724277496338,64.8929839706421,22.768840240138,31.309794192373,3.0508792728148,0.456255555555559,3081268.24013554,0.518582746717665,1.17975029415554,2.69650841818916,1.33146933661567
SWAFR,851,0.719973414880631,326.87265020476,288.022269172668,35.2386684150166,303.431188562091,24965962.6906318,8.80243420600891,24.1833832359314,43.1966492462158,65.1311135101318,14.4803540347811,17.4403712975859,2.46581887064302,0.461427526841874,2154519.62523442,0.724935324333867,1.34188684598364,3.73029336790177,2.01688012119897
SWAFR,467,0.798372149009157,347.807591225281,289.349147054884,35.9835727312167,303.453310185185,25135084.2864925,9.26250308513641,25.0003525733948,44.5695228767395,65.6909506225586,18.6603306289253,11.165387703704,2.85724245199454,0.483941889178576,1658478.79200707,0.486437941545732,1.34158908469017,4.38902256202076,2.07324420661787
SWAFR,160,0.975889850889851,436.184529149888,307.396750790334,41.0080113841428,302.50029461931,28293322.8700836,9.1989407225659,24.1493305909006,39.8555940326891,64.0508175398174,56.5574724310802,12.3427805878335,2.26983373516593,0.538765692048849,2300141.17471276,1.02490435712945,1.06067245132438,3.82033731303167,2.02664451470451
SWAFR,160,0.975889850889851,449.917069132501,301.804145962584,42.5514071649975,301.648916442394,31993961.2969366,12.4530036028694,24.6498159520766,42.0190176122329,62.5319352991441,49.5252983650863,8.0521554954067,1.61762331613834,0.80483489539121,3183295.89301629,1.75401138622936,0.742949695259086,3.0705455941325,1.51216192059998
SWAFR,745,0.914907645698464,50.2984349277416,497.767960498025,26.8093869532281,299.279609560918,44826933.6282731,14.1531956690662,16.675909834344,71.4650470085864,37.9652744190239,73.7437245546944,50.5885952671666,2.1940079002066,1.72339920731895,2199675.30828012,2.74614871587956,6.3142885614615,14.5856824560327,19.369477646892
SWAFR,1081,0.705569709868157,175.118828480232,546.27003217909,30.6553759565368,302.22549956427,42089909.6677559,10.2437282562256,20.907144536972,47.9467832565308,59.8852832794189,87.7421979066007,80.8849966070092,3.4866471998535302,1.52610182462618,3732464.62528231,1.65287227509424,3.19319798208227,11.9084458763395,10.9543527733351
SWAFR,994,0.805742893921261,251.677403900587,413.76388838874,36.8110593418388,302.56274537037,39034962.2276688,9.33919848918915,21.3680386161804,40.5536134338379,60.5979881668091,45.5924028385739,85.4165159031785,3.12008459419771,0.750606304867625,5224298.28273499,0.440660354380022,0.845273509521941,4.66762110414561,2.3525643729035
SWAFR,1207,0.753049078096079,290.042538956575,351.22535208808,40.6718461352336,302.321794662309,31554907.8431372,9.95509896278381,21.6733438968658,39.3691254806519,63.1907141876221,27.0417504858623,51.4068848080106,2.34768332392983,0.607217804405682,4574216.44577581,0.63789931986067006,0.961046634250217,3.47236345291138,1.82996358235677
SWAFR,862,0.786082126509059,340.029211826058,317.119155964322,40.3824563580931,302.315403159041,28436464.2701526,9.05594068050384,22.2664270210266,37.2311074829102,65.4954655075073,29.3419378069381,23.0962365265835,1.86472673278492,0.487012962962953,2826726.03788426,0.338809192445543,1.31653189235263,3.89988253911336,1.09326051923963
SWAFR,582,0.805852410554696,346.606492028346,295.11789165073,39.359986621009,302.482937908497,25108830.3376907,8.79746033668518,24.6075404930115,41.0092499923706,65.9789727401733,28.6035699052248,11.665069154934,2.35614974274411,0.428326490017734,2095169.51945494,0.395433954885829,1.00086860511735,3.91212654872247,0.92948949891921
SWAFR,502,0.787286365847536,366.881781666781,299.021758978102,41.8345987006691,302.915885021787,25765448.4477124,8.79642360210419,25.1435452270508,38.2479341506958,65.1895542907715,36.8286186557898,5.6504185561078,1.98489111291687,0.653362464604931,2044259.2447179,0.997498549980014,0.576265836330523,3.08396021389034,0.898894960178514
SWAFR,541,0.850437002038561,390.518169402563,298.427993670915,43.9265633710595,302.148574251406,28729495.5223691,10.4556180266447,24.8534839097844,39.5315646238105,63.2472925407942,34.6856180352464,5.53334093273069,2.4091158354483,0.24614762476164,1712381.72530374,1.07085048168582,0.62463157037017,2.6500269700106,1.7330485884638
SWAFR,289,0.771626297577855,21.9016157436546,399.746976640489,26.5043116981113,297.872804647785,45657853.5766158,16.0952570778983,4.46461255755275,82.4134717668806,9.98910570051521,50.4223797284997,136.418547084242,2.69561375921465,1.64905458666082,1549875.19356871,3.38898682854508,11.5447767109085,18.3198975614392,29.4213789140322
SWAFR,1306,0.679436480887478,73.8252858491396,616.880720337232,31.1859688752753,300.210862428305,45917746.2820877,10.9206414373297,21.903993692097,55.4603348179867,53.0859890566493,83.9072566358928,96.8851262603085,3.45875494507479,1.47936581321631,2607127.27210055,1.81154193460095,4.47108634840334,10.932335692169,12.2738490514852
SWAFR,1276,0.70232519218658,241.446624921795,543.334633950128,37.8959032313978,300.637594880174,45873976.9335511,9.37262275695801,24.2452121353149,49.5435333251953,58.5641591644287,63.3028547742917,97.9007728288048,3.21408466476188,1.31295555040941,5118503.03105401,0.782851520361152,2.68609505227145,8.68436791809089,4.59845410583362
SWAFR,1053,0.753150266503111,255.437458119074,394.956894137065,40.2561822629333,301.899411982571,36601470.4248365,9.02872069358826,21.4272427940369,34.2360264205933,61.1381776428223,27.5313617046199,85.0802882757305,1.4412115645003,0.803883950617281,5957102.99261673,0.489840566847059,1.09316805203756,7.93064812130398,2.31134882609049
SWAFR,847,0.78757679563479,289.331478054908,325.940296677483,41.1157606436505,301.936120915033,31069550.953159,10.0567410945892,21.5549623680115,33.2642137908936,64.255782699585,27.3211306114243,34.0754993518782,1.16196961605691,0.350651331396774,3591721.30234806,0.62816930770874,0.907406403223674,3.57968265957302,1.66112560696072
SWAFR,692,0.746495865274411,314.576068930221,313.411367123922,43.0269063667582,302.092767211329,29037600.2723312,9.30652935028076,23.3738990211487,32.7555773162842,65.2036687088013,26.4696542133474,11.2816466517507,1.77811784917189,0.336574431130487,2096699.75187605,0.450242660310533,1.26492800182766,2.88624738269382,0.750441343519425
SWAFR,910,0.754980743809964,315.845347935673,299.939275690715,42.4998018616527,302.10144869281,26737999.291939,9.45700207710266,25.1768408966064,35.2396063804626,64.4490235519409,34.8200424967529,9.04640820511175,1.87208016490409,0.36647337966479,1771772.88967983,0.645048244572425,0.917309535960511,2.9852211811253,0.561808401398575
SWAFR,676,0.766381723232754,354.090262996884,309.240777770148,45.8801093894906,302.093419008715,26911662.3638344,10.4178185653687,26.0697932624817,34.7382552146912,64.8835770797729,29.3020178702803,11.0791613309476,3.02300775050129,0.476072175674384,1371025.20656503,0.89973923457426,1.00164414445121,2.87593980506182,1.27729356954329
SWAFR,676,0.766381723232754,390.653648226829,315.892961535538,50.62880423069,302.296239708749,26410361.2831097,11.5528590352912,26.3013827876041,35.5557317031057,64.8377300061678,19.5421259325475,14.6869432643508,3.78651380394103,0.789937136813919,3428426.43857458,1.54705221053534,0.869285243711195,3.67009587048122,2.12808967943436
SWAFR,377,0.932387286815804,413.938793262354,330.241914678503,55.1623794635137,301.762440994916,33464622.5944081,15.8153363863627,27.4538594881694,42.2654196421305,61.6382884979248,14.5011215494692,12.4147805179415,3.39592488634372,0.98843312608912,3299451.23425923,2.29226769284649,1.26417405105433,4.30421116737199,2.13015999024227
SWAFR,2622,0.773198640334049,40.4758123600038,620.16192896882,30.8445838034784,298.020519970951,42567234.1714468,12.1185288062462,16.0952857213405,63.1822341772226,36.1267706171299,88.9374925829293,97.8122627500905,4.87772524365306,1.13752814019309,5294517.21698624,2.93177868373077,6.6436024261918,10.6827554348663,15.7100876735375
SWAFR,1900,0.663206513946546,189.516344665067,705.160411758423,36.590766523441,298.628841557734,51319156.9716773,9.83973801136017,25.3224888420105,63.9021974182129,56.3105015945435,85.7832552141842,140.692203469143,3.45980535923017,1.56148753476325,7286442.27030637,1.77032272707917,3.72092194894638,13.41547322308,6.90067086220756
SWAFR,1900,0.663206513946546,251.504563346832,447.420003170437,38.2946816224647,300.942562091503,42817799.3736382,8.91890709400177,23.2438569259644,41.3669732093811,59.2255032730103,22.1528513932017,137.592543416906,2.23795099776567,1.29461946865164,7314686.29569101,0.75457774427202,1.22539744906955,12.7181263033549,2.38471822950575
SWAFR,1090,0.765553320126933,262.52396333832,349.671538056267,40.3932516626678,301.692110021786,34371045.506536,9.88045636177063,21.4637166595459,30.3823977851868,62.5583292388916,19.6029095046674,54.4171724107531,0.913210597572065,0.622274933430156,4308937.01585568,0.447082580990261,1.05828081978692,5.10547803243001,1.9629519059923
SWAFR,1090,0.765553320126933,275.898151434156,310.945878545973,39.9053390217472,301.522956862745,30436836.5468409,9.85729150772095,22.1123991966248,31.3289359664917,64.3847478485107,20.1371035239166,16.0890487779217,1.89642373307471,0.382218082788673,2182851.28298236,0.437691496743096,1.13421720716688,1.45400005128649,1.02195237053765
SWAFR,735,0.761071101904712,303.382352709347,312.99410021464,42.7209954220289,301.635317102397,29041607.1078431,10.0635762214661,23.853930644989,31.7933969688416,64.6977033615112,25.2110859920138,6.23687572667624,2.13266378922028,0.476716914790637,1441201.29811184,0.650649152331882,1.0770744366116,1.15694677352905,0.586551755269369
SWAFR,664,0.787833547838397,380.830945321271,327.271745872498,47.3936750015303,301.107573965142,29615030.1470588,10.8255473232269,24.9302543258667,31.784805431366,64.5309340286255,39.7553356612778,13.8123102127383,3.53860862663497,0.670479030819618,1484848.88551263,0.90934849906386,0.895480982239484,1.60479738090471,0.55174950270625
SWAFR,383,0.896284880884612,415.212921884339,340.909685126411,53.4352810738931,300.496889052288,29866636.9825708,12.440759601593,26.4341756248474,33.2122327232361,63.9601903152466,28.0646997676903,14.2963632412016,3.44060006493667,0.896523159819664,3252322.5729515,1.90805670924943,0.711303297474571,3.34801049185229,1.42597004965537
SWAFR,383,0.896284880884612,414.942100838047,342.600945844823,54.9972622293202,299.896163550692,35888902.0304502,15.3966564910356,26.6602747052215,39.2792408300001,61.3983034533124,11.5141665652438,10.1644223560716,2.58127508330838,0.827278384435076,3742092.86321438,1.62407740790688,0.513647087870603,2.96333992852315,1.64477467153653
SWAFR,433,0.887827945688079,413.462359430625,337.079940781283,60.681027265233,299.984149387724,32385473.2927654,13.9572924909921,26.2465408588278,36.4993536061254,64.2921324105098,15.0620522580532,9.59486742787447,2.51643931567881,0.816004364091507,3070201.26660783,1.93842663787148,1.13691606229646,5.12189672182958,4.66010077616357
SWAFR,1996,0.777487021472732,13.2872402382058,664.01144262077,34.5375009945486,297.346522727273,40999392.8174108,18.4367609620094,13.2510160712525,77.4313969612122,30.6050478574905,112.723787818088,102.813023987254,4.60265980117589,1.01980114912893,10134822.2105208,6.7784381833214,6.88880230295209,8.16501282976224,13.5193280743598
SWAFR,1733,0.631392014156805,233.914673346371,875.47631579929,43.8165839929337,296.295274509804,59561216.2581696,8.1136226606369,24.9397223854065,82.4005583953857,54.8576586914063,96.3980136699391,212.891731525907,5.78050510713536,1.92415164179831,10926507.9219499,2.89325872642872,4.1884186861992,17.3759188098785,8.51137364888775
SWAFR,1733,0.631392014156805,296.36700497107,553.443331943088,40.6244838435263,299.282956753813,47120557.6525052,9.89084654331207,23.9852834701538,50.9123840713501,57.8536639022827,41.3467158635509,165.725656770777,2.00815532451576,1.66701928104572,7450830.77039443,0.684205181333754,1.69400658925374,16.3000131056044,2.3318114344279
SWAFR,1208,0.750478332673295,263.602527682342,368.513073827956,41.6006928188772,300.9686,36000664.2701526,10.3491394615173,23.0182079696655,34.4128984832764,61.0961578369141,30.2444650338295,69.6555983291437,1.17428938751782,0.766825048414382,5108872.22222218,0.715509806738959,1.58972190645006,7.8882159105936704,2.08205600738525
SWAFR,841,0.80472274866127,293.688829288494,324.28120903439,41.0937579378173,300.994970043573,33216070.8061002,10.8384647750854,22.4454611778259,30.0333202552795,63.135870552063,21.4751937756973,23.2421957204371,1.42456175405143,0.483638374485603,2834679.06681194,0.812327987882826,1.58238722271389,3.97361157311334,1.20849203745524
SWAFR,795,0.796072054281817,294.128951553893,315.60440103319,43.8593590581972,301.008317429194,30194463.3169934,10.9435430145264,23.8078909683228,31.3061025047302,62.8761796569824,25.7238585313026,8.72016956423537,2.49548483210204,0.478633920358302,1514658.18506418,0.929990785386827,1.11346370273166,1.65930189556546,0.894722993638781
SWAFR,702,0.851259877902523,332.037786439313,321.677290912204,47.9748139522813,300.633998583878,30278887.0098039,11.578444070816,25.2564318084717,32.1322462081909,64.2223377990723,32.4583866650421,9.93112883485399,3.75161418063285,0.58872443718228,1140605.24086181,1.23756392690871,0.815521038903131,1.38389951705932,0.992567927042642
SWAFR,698,0.843325220172367,371.907628809642,349.662930454678,54.7688441142198,299.952908169935,32125282.7069717,13.2580222797394,26.2035433769226,33.7866423225403,63.0074016571045,27.3711010714577,12.7356067211053,3.15060238210432,0.609122017727575,2608105.14874773,1.55266234363388,0.899016402488532,2.84675814231853,1.46061009705221
SWAFR,763,0.768944103860492,410.719911271158,358.908713387383,57.9143173513685,298.982113997821,40183536.5740742,17.0771642208099,28.1806497955322,41.2727872467041,59.5968548583984,23.8443168300169,16.3209802710721,2.60147265090821,0.590978936996628,5548050.04276073,2.14784729769191,1.09415027651378,3.56988519250502,2.01657749561132
SWAFR,316,0.91185177044826,397.127752552017,330.934600406223,60.722668234475,299.203795588235,35438926.9607842,15.9123955726624,27.0000353622437,38.6152495956421,60.7857802963257,32.4174526088278,10.5615067981095,1.79957586416618,0.457245439445863,1405646.94601651,0.939409803793338,1.00372164982945,3.51341099773104,2.79908037836419
SWAFR,316,0.91185177044826,344.123276159532,319.843880361516,61.7688994385672,298.736789836792,35372585.9037573,17.2154696113185,23.7337004009046,51.7954510471277,50.0808302896065,32.4824518903503,18.993657427617,1.52522017367031,0.336179162564396,2416161.59971299,1.06528947650388,3.08007216548939,9.72454705868603,8.6243659152017
SWAFR,43,0.976744186046512,310.978131136806,343.120398744624,69.4257149136217,299.353403675891,43406484.9001065,17.9409130583418,28.6387066536761,45.5738396340228,57.9144556573097,21.2517487834334,12.0405306496226,2.42457190151702,0.375516072324558,2250270.27076796,1.04622856950148,0.751634006798306,2.90432980937165,1.22008540188816
SWAFR,54,0.981458333333333,313.189033781681,332.806112083307,67.3576781209019,299.364910018802,44448920.0017908,17.5332926005533,28.085096385381,52.8758219366204,58.2085111957707,39.9836737483007,18.3716905785077,0.778620937938157,0.437294918703136,1223262.4342832,0.599819620038084,0.4008745268567,4.36539799671799,0.691287725838276
SWAFR,54,0.981458333333333,249.470148493715,324.664809277668,66.9820811791463,299.483576063276,39406127.4509808,17.2447467472242,27.8566059444262,45.7187053846276,57.4503981548807,43.1146242702224,19.6361657321549,0.353733275585222,0.429167486740721,3498792.06964195,0.624362103840365,0.604029048636151,3.7618598106768,1.11703666274144
SWAFR,49,0.981481481481482,84.8766295041179,255.615832500428,53.8680293177563,301.091733660131,35245259.539843,16.149341042362,23.5533846050081,56.0230767548974,54.4169942803786,15.2356521492197,6.40474003343939,1.75272014370611,1.2747910862239,4613122.93232122,0.926158845883361,5.36972758187447,7.12335509084672,13.6750235917061
SWAFR,198,0.889070747394101,72.7979090310182,278.051479205379,56.9304926346163,300.754505765908,36082668.1158573,15.8564601455416,21.0437350117243,54.9862431798662,48.9934333324432,17.6710605426548,15.0012924714786,2.28522197479087,1.54991904465541,4809105.95255441,1.2520541303843,6.31834799743452,8.89700899698022,15.1118997924599
SWAFR,1446,0.688778096834872,11.2435629582319,724.300461511764,35.5673385554043,296.827460585586,49320127.6395176,12.3553626984358,14.8786655624674,77.3473705649376,33.2844032419694,125.602650861691,86.790989321717,4.13189522000228,1.54143931838374,8644408.13704236,2.82817441444047,7.75239406175624,7.20905649910519,14.2282350421203
SWAFR,970,0.735947662994342,263.541180209935,924.137211685181,46.0983565224005,294.754342265795,63038162.3093677,9.08592353343964,26.3517316627502,93.5899237823486,53.561873588562,97.2084584583332,217.433171710573,6.37063212082716,2.24531933008667,10285095.2071039,2.46497363236512,4.63745754578382,18.8732743506289,8.16426121196005
SWAFR,970,0.735947662994342,310.692334723124,546.471942774455,40.5139591729212,298.794490413943,47922619.9346404,10.3022421741486,27.5962106513977,57.4674484634399,56.7907893753052,32.8139859597498,159.56307209062,1.59687726543353,1.84428516097796,8078430.73710953,0.887963830100166,1.81808045069377,17.7495045852661,2.30862798478868
SWAFR,811,0.813629239923271,340.56334075342,408.053134362963,42.3504235679251,299.872850163399,41594169.3899783,11.5634195709229,26.7322542572021,44.4977406311035,59.6271358108521,36.7600022080765,75.4438172111982,1.3565516875977,0.785666860324366,5375192.8528201,0.880571687486437,2.15698127428691,9.30720198525323,1.86944788826836
SWAFR,860,0.773919310181562,323.42916154872,343.589401652018,42.6408829053708,300.352952069717,35451343.4912853,12.1891686725616,24.8078848266602,37.3198477935791,62.1566487884521,19.8426038831638,29.2826552544111,1.54021940155948,0.572815413943355,2860231.74473494,0.903987781736586,1.88727729267544,6.36303672154745,1.23381364186605
SWAFR,905,0.816880170176858,321.175238447701,321.103006621467,44.3223244497475,300.311553812636,32232204.0849674,12.7652841854095,25.3792769050598,34.9877460670471,62.4350537490845,10.2879511759812,11.4869602396459,2.81790734293284,0.634155549503734,1540792.1931735901,1.08134828037686,1.29162447505527,4.86956838607788,1.09795800103082
SWAFR,699,0.821728745804638,316.762029253594,326.916454878913,49.1295253723233,299.681302995643,31451072.2494553,13.4218999671936,25.5828190612793,33.4566739082336,63.1773345184326,17.4634148105177,11.4948563676999,3.94844377409091,0.673960790365527,1229821.46272095,1.18355949613783,1.22754422081841,3.67202246983846,1.24336915122138
SWAFR,746,0.824010679244698,359.622555934661,337.675432874892,54.7272309967634,299.278031699346,33174625.680828,14.2416640090942,26.8448139381409,36.1605979537964,61.7287173461914,27.2437676371332,13.6849515608799,3.62304395922769,0.624912581699347,2186269.73190516,1.41414601114061,1.24360272937351,3.83952752219306,1.41244102901883
SWAFR,624,0.849363040214489,366.943598044129,345.214280115763,58.5666800266021,298.824567538126,35437508.4422661,15.1973719596863,28.1478255081177,39.4941555213928,60.0214301300049,23.4572350102622,13.2536631379304,3.3504074485671,0.411888677075751,1835763.58024685,1.05655569076538,0.797534597184923,2.88705733617147,0.920513767666287
SWAFR,624,0.849363040214489,354.856817884726,340.303069055345,61.3714967460603,298.740103485839,37218486.111111,16.8825256824493,28.3006630897522,41.0058586883545,59.4636289978027,34.3041416382471,21.1183660779692,2.87811087141802,0.291562845536722,1610482.33966963,0.687493661579333,1.06770469860724,4.14393885900635,1.90312259231627
SWAFR,473,0.857302310840072,310.988811132838,334.901987592909,62.6928293667506,298.550161328976,36588745.4520697,16.8038354301453,26.9588845920563,44.835396232605,56.4923894500732,42.6231492863381,26.9567594919996,2.72345812992923,0.295163353782065,2218674.64614646,0.698567063230597,1.33479388738314,3.97278515891954,3.21999065521865
SWAFR,645,0.826509188017498,286.255558479185,353.589959547255,65.3374359975813,298.849557352941,40202596.3779956,16.183882522583,28.1013896751404,44.713545589447,58.3145821380615,41.5125808594999,24.1532385040201,1.69965305981682,0.293227459391825,2882813.05145257,0.435029385842951,1.09868340540455,3.83878443226123,2.51348223935269
SWAFR,487,0.911559437432588,257.636387653132,328.936638053204,65.3044201831936,299.068662825955,33386396.8903712,16.0359721429569,26.2382175652022,41.1186832939227,54.9843414542601,44.0760638538593,38.9366117634852,1.20751990646387,0.513715829656949,6955697.77433107,0.511739620345986,1.72242210145648,4.40573644782725,3.62406130939565
SWAFR,487,0.911559437432588,281.680564562694,368.69302415212,66.2333003670997,298.509242156863,44017203.4313725,16.7800212669373,28.1923258399963,47.8853012466431,59.1052506256104,39.1832930367913,30.6543183589983,1.4636337707724,0.550519620908979,2615897.89433377,0.847402252678529,0.519207355256084,3.53734763053474,1.44734749168701
SWAFR,95,0.993417874396135,275.623131824543,364.495861125522,66.626897349934,298.616232026144,44616673.8562093,16.9650217533112,28.8172890853882,48.6733012771606,59.3344086837769,46.9978010115502,32.1724045039445,0.905031121082127,0.593877996791308,1392471.76449098,0.877466508870218,0.335346451790958,2.81371121253572,1.20803925943712
SWAFR,144,0.968670245876128,208.291150400841,357.004004976371,66.9847447525185,298.475658748565,43794043.4734227,15.9520833723007,28.8688206826487,50.33557416034,57.1355903379379,45.7304802210312,26.6660106320428,0.570746716803585,0.619789929648434,1405174.06180288,0.776233207041904,0.34454341485176,4.67883030094825,0.965509276840505
SWAFR,14,1,129.320692927287,290.062727408124,62.1810440867678,299.576558998599,40204784.0924563,16.2288842127873,26.1666078384106,57.9334401057317,60.3673650007982,31.4849168263352,27.7798467447906,2.97185015446643,0.922939950755335,1880808.35992558,0.507868989259135,7.67326670941726,8.07608369194161,16.8906716933721
SWAFR,147,0.890526900415339,101.576649736242,274.24924191369,57.5097401579221,299.635213262144,39809370.7000344,16.3899623126518,21.5172925915184,57.5714837051019,49.8621583796781,22.1346210264778,15.8697967200204,2.34526208410115,1.04127317729202,938225.768142909,0.643662257008709,6.9887963146452,7.12057905594865,16.7652635663247
SWAFR,147,0.890526900415339,82.583773062583,256.407940507426,53.6823056382646,298.628343404448,42338552.3571129,16.2796226228986,16.5191309725245,64.7848713933205,37.2740561231971,17.1642264738684,5.81963769494582,1.8431521047391,1.22060794307691,2987161.10138236,0.562106742790549,7.96239880307412,6.33390321112655,18.7542663320482
SWAFR,1478,0.745810497411187,43.8659278041256,701.926403728532,35.7743870806363,296.29120672546,53534550.0484149,13.139701003459,18.4521852679158,78.2391027194351,35.283261988261,111.492230929386,87.3175894128487,4.09926570613199,1.62745762212745,7713212.99187028,2.17337141890649,7.56246251543588,15.8898577858458,13.6806671227494
SWAFR,1478,0.745810497411187,255.224698362671,811.370716306898,40.3415603848048,294.031457625272,64692295.9422656,9.76323198318481,27.5314663124084,98.3302099609375,53.068705368041996,78.3387600396793,129.403508473433,2.67601938967271,2.19911685324857,8099885.09671921,1.34942678278022,3.75471996754329,16.4072441735104,5.50645224502838
SWAFR,803,0.826857791215061,298.270528720541,559.198533401489,40.2753490669842,297.927473474946,51896948.5838779,10.9257811880112,29.4128503799438,66.2120223236084,56.2176573944092,25.0584807357969,135.874074670768,2.43247924878154,1.74981475429676,7423905.35887183,0.929210568004184,1.95451065911187,16.638360625373,2.11998371548123
SWAFR,1085,0.785537016138058,298.470862161485,418.048366580539,38.4738175591298,299.482707407407,41767355.147059,12.0069589710236,29.1236971282959,50.9641500091553,59.9065893554688,15.9387348596274,69.4677139988652,3.61542034989362,0.664693948196581,4810918.94214475,0.741706359121534,2.17259972572327,10.6287103398641,1.81570365269979
SWAFR,829,0.825391472621265,309.145457058896,361.784135284424,42.748448410564,299.503592647059,35662667.0751633,12.9086525440216,27.5369107532501,48.9703607940674,60.6461467552185,11.6938777437516,37.2911675554441,1.96765702898617,0.42634745824256,4034754.01537158,0.595881207784017,2.15540152019925,8.19047044754028,0.939655361175537
SWAFR,1036,0.789073172806587,324.515314192984,331.866196077135,46.450534579276,299.351748856209,33640031.9716778,13.7851417541504,27.1006863594055,43.5751463699341,60.3800489997864,8.58495169026053,20.1799625396728,3.85018157267376,0.541318367223432,2608587.66642454,0.810927135679457,1.75853747367859,8.26655268775092,0.981036976708307
SWAFR,884,0.760866563649949,316.015911337712,335.490395079719,52.1487404944643,298.746193681917,32178561.0294118,15.1660607910156,27.721872882843,40.8891033935547,60.3472559738159,11.7499691635928,18.1574306238434,5.08199467122275,0.631318603243768,2845254.44807563,1.05065544870165,1.47532650629679,7.58445609198676,1.04645666546292
SWAFR,847,0.773227452714118,325.105189376338,360.976361147563,56.4982104008728,298.46515664488,33995327.0152505,16.0044624614716,28.7862192344666,40.9140104675293,61.3213651657104,28.9072980080159,22.8179596465311,4.95678311391456,0.555274095193675,3451442.76592488,0.836976146697998,1.00748977449205,8.12001572502984,1.37884718153212
SWAFR,847,0.773227452714118,333.701424853096,367.837285563151,63.5668855525817,298.182028050109,36093858.5511983,16.0239490032196,29.0882792663574,43.6824494171143,59.8656332778931,51.4236114597789,25.980789822756,4.76899385155625,0.540593816862219,3916749.98303654,0.536263893975153,0.910974411302143,8.77731301837497,1.87130362563663
SWAFR,765,0.872973572008108,329.241385579894,381.239340256585,68.4012193672113,298.322563180828,37757316.3126362,15.8976784038544,29.1660436820984,46.6592111206055,60.4103368377686,78.533553281668,35.2555891986694,4.45792457934633,0.41148513386914,3709538.84673227,0.392170111154013,1.40505786982717,7.90600890661783,3.75937266920151
SWAFR,541,0.853201301553315,257.712725167173,403.152281850179,69.4198232222176,298.075076089325,41048141.2581699,15.8000632381439,28.7747888183594,51.1829945373535,58.051454334259,83.9680919395494,40.4583831127615,4.04369987996327,0.358409442632428,3239520.78747302,0.609558584672604,1.84800826613635,6.90652063951727,4.1844173901475
SWAFR,517,0.867317237931602,216.620379709985,399.503289078607,65.179899637828,298.221138834423,39567833.224401,15.136354074478101,28.8020383262634,47.4835367584229,59.4822704315186,69.1853768757349,51.7161014500879,2.60296778775955,0.400578290790728,3923602.28404118,1.15784692014263,2.67701355258968,7.06781289597294,5.91085709262425
SWAFR,740,0.749992677877866,208.638175871957,385.520104823642,62.332084287695,298.831133932462,35957324.2102397,15.658435459137,28.1025059127808,39.0028276443481,61.0407521057129,63.3067096931354,61.5683595777973,2.37175167939531,0.723135753048597,6388594.22974059,0.795811827257292,2.1199795176252,11.8656021439689,6.58567956507455
SWAFR,743,0.848968422595227,200.807157451121,433.963157183329,64.4882630632232,297.620971895425,41176143.8180828,15.6411721897125,28.5074138259888,48.6726821899414,58.6980816268921,62.3682764813915,62.480418659228,1.69761975725656,0.700434452423129,4868098.51054112,1.42067348976199,2.2543644422424,8.25348342168694,4.82444863265515
SWAFR,453,0.859872538396623,210.457215734483,430.701914914449,67.2949346829284,297.681487145969,44379161.0838781,14.9241837692261,28.8432417106628,53.1414304351807,57.5357849502563,61.4018566437584,48.485141380653,1.29658077695655,0.531044570151304,2031290.81618442,1.86052652730105,1.83489311190957,6.94972230373041,3.57450304555019
SWAFR,842,0.889048007841593,165.088111946154,413.788869367572,67.3292792706811,297.802091892312,43773060.8096213,15.4543367347332,28.9516261514991,56.8211028359153,57.7548435866231,51.6806110146762,47.5865004266824,1.03743299350244,0.676615529820209,2537190.69166432,1.2796477156703,2.47293549227562,9.12203069838599,4.85907406046765
SWAFR,842,0.889048007841593,144.568531864907,352.657556380349,64.8448254179606,297.878826910074,47028702.1072797,15.1864620186817,28.2617862526028,69.1192912397713,57.3106099271226,53.880160146261,36.8328704340079,2.53501995788571,1.05189502139396,3659276.05011766,1.08618966174809,5.945262638277,11.0918733109289,11.5959799943411
SWAFR,331,0.954682779456193,76.8102291148762,768.685026000743,34.8968797741043,294.595007309942,60417697.8213505,12.4304568950947,16.8061303715654,105.859645256629,33.4040830920345,27.038880251345,97.6046505931629,6.43647665098632,1.30718715676169,6705179.79664696,0.88930753891676,6.19398728171885,17.4539365001191,11.4557487205566
SWAFR,1412,0.659739119261876,126.141221690385,848.035063942803,39.6652380028573,294.616560675381,65394557.365595,9.2372788263827,26.4569111990929,104.972967576007,51.5610354995728,72.0557618678655,75.8911303823621,5.96392415283983,1.21328022130116,4606131.31013201,2.5062837554705,7.23152312362605,15.7440231397581,12.8238720300286
SWAFR,1412,0.659739119261876,245.435561302568,746.253068813748,44.6026975236426,294.77245664488,63908105.3376905,10.7523521518707,30.2965721511841,98.7800393676758,53.2254708480835,60.8253686845857,110.534106955696,5.48410303410113,1.59480934274536,6133095.13156066,1.43948312085796,3.21407362079197,18.7064894982483,4.03458527975059
SWAFR,1058,0.782421252016594,259.231070458825,574.873154364692,44.1514739939723,298.059721895425,51028853.2952069,12.0455321216583,32.6263402175903,76.5527813720703,56.0283904647827,19.5713496523718,129.412490407685,4.72632810192384,2.26253763011376,8255990.59852334,1.0362724521425,2.36180183092753,18.4854699749417,2.4958100159963
SWAFR,920,0.790746906175358,297.308758122938,461.19403541565,43.9597540344025,298.951766394335,46304314.7603486,12.6507342910767,33.1773428153992,67.8456748962402,58.6397791671753,21.1325737296187,85.1891769913096,3.80837035576304,1.21023335754053,5912382.57988379,0.853043828010559,2.42824625651042,11.3777142842611,2.3550879213545
SWAFR,648,0.861642070692944,311.370401277761,403.101568667094,43.6890324699413,298.979111982571,41146286.1383441,13.6866304779053,31.0101246070862,60.2967152404785,61.0291108322144,23.2746451618396,55.0420673459843,4.32992351613146,0.687619299201155,4579826.83369648,0.605213158925375,1.63344532542759,11.4446859020657,1.84222713046604
SWAFR,648,0.861642070692944,316.552891993184,358.217992676629,48.249288581062,298.942079575163,38149574.4008715,13.2494192409515,30.1075514793396,54.9881747436523,61.3896382141113,32.2408434070032,41.8449547977212,5.19970817466915,0.639415008472522,4348162.49394812,1.09179816775852,1.30934876865811,10.6527317598131,1.50202245076497
SWAFR,905,0.832646904918473,304.406857413964,354.920415306091,58.5247679418379,298.310150980392,36209319.1993468,15.2127715015411,29.4217310523987,56.7970945739746,60.6229499053955,51.2114617437744,44.5428683980305,5.85845561170999,0.619185081159597,5187958.01848021,0.698240261077881,1.13329303105672,11.4608310190837,1.60731071684096
SWAFR,934,0.811254720390535,289.512993961315,402.493121346368,64.1394156839396,297.615154520697,42728646.1056645,15.3699526500702,29.8700330543518,58.3689033889771,59.5534620666504,79.5956022934056,37.9217930370505,4.65033522574029,0.693786079111457,5941625.02994689,0.431955676696918,2.7335328150432,12.6776284196642,5.11593604383708
SWAFR,1362,0.752005746760709,223.614483545834,413.295485869514,68.8152164855662,297.425295507092,45388565.5850444,15.9082175731659,28.9846959877014,64.2322249221802,57.371156539917,97.072754401291,32.9104781717037,3.54416812351496,0.644982431378551,5506551.67826784,0.420417410620937,5.60442408355692,12.834797024197,12.3191805715964
SWAFR,1362,0.752005746760709,118.539265968317,420.9683041259,72.7287112975877,297.360572069253,46952913.973614,15.5804975986481,26.1262063419819,67.3101003646851,50.2518692445755,108.211142991618,31.0004000507401,3.44780903815628,0.725961032787057,5927526.18819088,0.792067855103197,8.6742456680773,11.8987784049361,17.8981674058921
SWAFR,829,0.797767527408045,96.3273465925657,468.140853269601,75.3554619007402,298.013620793997,45334827.3604073,16.284292915593,24.3014850240163,57.4466201948083,47.9307787048094,89.8314938829737,57.8452187319727,5.52549104429081,0.239000279094209,4654058.1628147,0.825333380977505,8.20817259065394,9.37152994872803,16.7969618605471
SWAFR,796,0.753471462612262,94.1427533498306,478.249372449695,66.3872860520975,298.216658021233,46106640.7151097,17.3509169331303,22.6465341636251,59.7335245108899,45.3360244943657,67.675592092638,49.5471139708974,3.4429304856066,0.298546331022123,5126520.92419408,0.976852279526628,6.19255136918256,9.27189197720473,13.128261631923
SWAFR,1073,0.837483427337192,90.8168147363608,518.851095498326,62.9930043358927,297.388955918664,47688347.8461708,17.3940562354194,21.1993788856198,64.9176295810276,43.627090285377,60.6972914748546,58.9187099848296,2.7060498528072,0.657577937141951,4648234.73254287,7.47911593218053,6.67782040127943,24.2708495865096,13.9190221653612
SWAFR,944,0.786345736405624,86.6657776294658,545.808153390082,64.0788297792017,296.7775673047,47868924.8063423,16.8287254450273,24.4414538695957,64.2881372802112,49.5072597039468,61.5217591950789,67.3671930187818,2.80172734201647,0.771515561732163,3989672.74215742,16.3556032267013,8.06201456313082,40.7629889864634,16.649797616923
SWAFR,944,0.786345736405624,93.6240800462179,508.085747746924,68.1994697613891,296.994381001372,49290871.9438393,21.8950460125702,23.2270240466297,68.6130287863991,47.8020605811477,54.9941546060491,56.4599374370314,2.3978636254126098,0.42912401931964,3061703.69340892,18.9764123359123,9.55363783910308,41.6557329379895,19.1187283399645
SWAFR,766,0.815474397191926,92.0395720575445,452.490973727127,69.9626439066591,297.230903491026,49265598.2717682,16.6218021249258,23.4938690020144,68.3920907051333,48.2771464899182,53.2707828689023,47.6310585419397,2.40541772800713,0.47184152533948,2064392.7169395,18.442662708324,9.9761254527709,34.4913739172515,20.0757061393658
SWAFR,505,0.917062540769733,64.2421448971498,373.886361215013,66.4440724603487,296.306072303922,49356863.1670196,16.0269984545773,19.1691961340983,77.9235946446249,38.6395742815365,47.2135040433945,42.0203224733115,3.08075754714196,0.930744634576854,3510137.88103836,10.9206606699205,9.79318716552451,18.0894233801309,19.4468950018469
SWAFR,505,0.917062540769733,6.42517688148998,334.995273898346,63.5590313588405,295.372276143791,43437618.4640523,17.6797126531601,5.13575508453262,88.3142795562744,11.165264065067,48.1250322174714,23.3665893024303,2.32679322155052,1.25780233805688,3153125.26341549,9.88650009869741,9.63693821714688,13.9332281222439,19.6616562056474
SWAFR,1335,0.59555339115407,56.1393538074757,909.658187467288,44.7300653969456,292.781119434472,69438899.1717375,12.878443257014,15.4611752253072,118.652568689982,31.3648143449315,30.3934495986388,64.3758547433318,6.50299046105508,1.05455670059425,5901926.08260207,1.89573251125085,5.56735129920257,19.6045960151596,10.3571458987564
SWAFR,933,0.690478266562809,109.058461177941,969.626457285741,51.6002118709096,292.384523621144,73062388.1370181,12.5265860506829,24.522132820177,151.829184106056,46.6590922724719,53.7749647574642,103.668043840617,7.59113087934379,1.13050540022209,6457232.10265681,1.89065149657967,6.07970243349024,28.8578995532604,10.3560644838227
SWAFR,933,0.690478266562809,235.518585491718,908.044549212986,56.1038389097284,292.324267374728,71505854.956427,13.2204504871368,29.5834709358215,129.933106689453,50.41221824646,76.6836763693534,118.091967922094,6.82861028889566,1.68294468364569,7131361.76318518,1.8730378110657,4.82319890940371,30.7719479031643,7.20355498620943
SWAFR,1090,0.730588144663558,241.584905821732,706.271732652452,52.6554900082417,294.113222004357,62996888.2897602,13.1072166538239,29.5200936222076,96.602815246582,51.852350358963,49.1968791311359,160.876786800813,7.07751663947901,2.35249408892017,8802575.11166819,0.983966547383203,2.42971608952097,30.500237382253,4.35092152234332
SWAFR,857,0.833931074253649,259.855748845072,568.786717919244,52.2254075210231,297.141645588235,51490905.3649239,13.7963749313354,33.0416633224487,80.8504684829712,55.7997718811035,50.2558179296805,146.743696042755,8.39494080312975,2.27432525417574,9628503.50399419,0.749433251486884,2.11374658425649,22.8950502565172,3.59309240976969
SWAFR,1613,0.761463871601503,266.392360526485,462.894595947266,50.4296091852496,297.73478164488,45625843.9542483,14.4582607078552,31.2928461837769,74.8366118240356,57.7674438858032,59.3482014326683,116.690785217708,9.0293294808719,1.63455517268632,8137182.81234797,0.843330169428665,1.23526916344961,15.7212428787511,3.52619554625617
SWAFR,1556,0.789019045743037,245.904818125779,442.526351623535,53.6331135936292,297.337425980392,45774868.0010894,14.2229060840607,31.0580013275146,77.9672498321533,57.8444789886475,74.151891545645,82.0819895754642,9.03750851946686,1.33726717992989,7168941.4409228,0.931684694421696,2.72275690610847,14.8380155119122,6.3151826613925
SWAFR,1260,0.770001933300271,180.429269748461,445.010933473375,61.4477349787467,297.835325272331,44277043.627451,15.6995801830292,30.0107351112366,69.3878744125366,58.9614683151245,84.6181727988521,57.4797673735601,5.53429535870808,1.09277887814837,6661385.58866959,0.839128241850784,5.79446393303382,14.776292947215,12.3208741529566
SWAFR,1290,0.731952503852874,105.439069370692,478.699307696024,67.0693016083319,297.144607254313,47994048.4462791,15.6336949253082,27.237905216217,77.7898865127564,53.6502922058105,83.1440726244215,57.7168891074609,3.22427025213538,0.947387804392382,5922913.08518049,0.541788871338984,9.98976784261115,13.148590510524,20.2556128088865
SWAFR,1290,0.731952503852874,53.3861396754731,423.514867391065,69.8760069383885,295.494568114828,54292033.4059549,16.4763398369153,13.3884344619745,84.9713277816772,26.1308628674291,92.539608367231,26.4022152371811,3.25095559054904,1.51347137840889,6004251.66420971,0.76538760752905,12.2151280987555,12.9502159445626,24.0575384648449
SWAFR,353,0.973392079248934,64.5147512398942,850.343468560113,55.4768582113274,291.554260861207,56618300.8805373,17.9160978143865,9.02606744420799,157.026408802379,17.1088526804339,49.5795935646097,79.637349603894,4.24331607644157,0.584667940422082,12232654.082507,3.39640342491631,10.5694452076591,18.0371042009104,19.0401862835281
SWAFR,942,0.66486591207332,88.4897774406529,1012.23142829391,61.4430187403347,291.458049005819,73629331.6695015,16.056894338131,20.928094597273,176.547562885284,37.1315508786068,61.431258789423,117.262039031129,4.77554803808527,0.694930470811008,5089872.17122535,2.02833367619039,9.89974738810032,26.4862078102657,17.285208897026
SWAFR,942,0.66486591207332,138.931409693507,990.657215627035,63.7510878317635,291.139138071895,74425531.3180828,14.1124129772186,27.3947062444687,168.452978897095,46.9357564640045,72.2542598148179,167.328057790593,5.34260272739915,1.62352069230186,6687747.84643467,1.66503588659896,10.5114484652899,36.6324986592929,17.7285813649783
SWAFR,1345,0.714251804731982,156.119453923301,808.102192264133,67.3390373465249,292.831689270152,70572202.7233115,12.8818152427673,29.4949565505981,119.243003845215,50.0555930709839,71.6786963613149,118.460178556083,7.2580092737721,1.98675771054932,7854149.80780462,2.35273521725659,9.07923505517099,31.0439457158157,15.7937250025643
SWAFR,1873,0.600936035877893,146.613816352839,705.552605344984,74.0387217252032,295.172405283224,62767207.3529411,14.9534045028687,31.0645360660553,101.288437652588,52.2831927680969,74.1433055123059,117.872131808947,10.5547457662516,2.17896342789799,7588885.98510854,1.83449113023569,9.2903015033839509,24.738245332698,16.2062759600684
SWAFR,1873,0.600936035877893,115.389122305845,632.815499813919,70.7849785973718,295.148358565649,58124383.464726,15.2914044586654,27.537798371315,94.9458146242751,49.0286895656586,65.4346922427023,112.549780253516,7.82213706854961,1.85336134559672,7289895.09705015,1.36595879737874,10.7534545649204,21.0696601778145,19.758431181764
SWAFR,1469,0.689998766800676,88.923278893443,493.756951496519,66.1755308555534,294.770429026311,57487213.4687209,16.5974149509352,13.9966347835385,97.6798584607183,26.0871970947545,47.7854088184616,60.9485173953099,3.65321395314545,1.97816807085398,6060400.64070537,1.34226151024058,12.2384326065745,18.2332914096869,23.207011397663
