region,hdgc,lon,lat,n_QDS,CEC_mean_value,CEC_roughness,Clay_mean_value,Clay_roughness,Elevation_mean_value,Elevation_roughness,MAP_mean_value,MAP_roughness,NDVI_mean_value,NDVI_roughness,PDQ_mean_value,PDQ_roughness,pH_mean_value,pH_roughness,Soil.C_mean_value,Soil.C_roughness,Surface.T_mean_value,Surface.T_roughness,PC1,PC2,HDS_richness,mean_QDS_richness,mean_QDS_turnover,add_turnover,add_turnover_prop,mul_turnover
GCFR,E017S29A,17.25,-29.25,4,10.263805508613586,3.0380707581837973,8.571234107017517,1.041640361150106,284.1926956176758,102.08055623372395,129.82623481750488,30.218585968017578,17909850.75,3256612.5,10.533233880996704,2.621235688527425,73.28812789916992,3.5196431477864585,29.218297481536865,7.7395830154418945,306.8407669067383,0.5026804606119791,0.3599038261490718,-0.15526992141407936,483,167,0.871479198933698,316,0.6542443064182195,2.8922155688622753
GCFR,E017S29B,17.75,-29.25,4,9.18802273273468,1.6506078243255615,11.973732471466064,5.324093500773111,836.87896728515625,119.35129801432292,142.51369857788086,41.62565358479818,18470095.5,3896503,12.665189027786255,2.3150013287862143,70.19707870483398,6.575469970703125,39.77457141876221,10.351224899291992,304.1729202270508,1.211888631184896,1.5173038150364253,-1.2844937046743872,868,338,0.814436608038744,530,0.6105990783410138,2.5680473372781063
GCFR,E017S29D,17.75,-29.75,4,11.07158875465393,2.624351978302002,16.394319534301758,2.7185484568277998,657.8480453491211,268.4828135172526,170.46924209594727,12.721972147623697,21847739,3531579.3333333335,12.832991600036621,3.2136494318644204,66.2249584197998,1.8246625264485676,52.44692325592041,5.306620915730795,303.4528045654297,0.9347941080729166,0.5701945792149596,-0.6677091899216115,1179,498.25,0.754619377464766,680.75,0.5773960983884648,2.3662819869543403
GCFR,E017S30B,17.75,-30.25,4,8.834192276000977,3.635583241780599,16.657208919525146,5.216769854227702,478.87817764282227,304.4694239298502,201.75654220581055,14.844754536946615,25959052.5,3416239,12.144470453262329,1.9901582400004068,65.38616752624512,1.5397198994954429,50.30976963043213,10.872950871785482,304.5480422973633,2.5070343017578125,1.4405995173414172,-1.3811734774964322,1003,381.5,0.830123675498324,621.5,0.6196410767696909,2.6290956749672345
GCFR,E017S30D,17.75,-30.75,4,8.7278900146484375,2.607019106547038,16.289597511291504,2.374787966410319,177.47069549560547,127.99416605631511,192.70755004882812,19.191167195638023,23682045,1928590,20.45926284790039,12.637083371480305,65.28673934936523,5.2859954833984375,30.1656494140625,6.721000671386719,304.0859680175781,3.1039632161458335,1.5868727211009328,-0.10394053512742624,568,199.5,0.850622795272644,368.5,0.6487676056338029,2.8471177944862154
GCFR,E018S30A,18.25,-30.25,4,12.163367509841919,1.9943699836730957,19.255364894866943,2.9592294692993164,1100.1481170654297,111.20954386393228,201.64068984985352,23.264427185058594,20961582.25,5101464.833333333,18.214011430740356,3.075955231984456,66.06288719177246,1.9438006083170571,44.53334426879883,19.819173177083336,301.1730651855469,1.0909016927083333,1.1489340995026944,-0.7045227945438871,843,277.25,0.901525876474059,565.75,0.6711150652431791,3.040577096483318
GCFR,E018S30B,18.75,-30.25,4,8.855908632278442,1.4690155982971191,18.556965827941895,1.8357677459716797,967.2622222900391,52.365590413411454,161.28772354125977,16.168927510579426,14917935.75,5250545.5,21.84126329421997,1.2866315841674805,72.0830020904541,1.8726793924967449,23.88273859024048,8.740805625915527,305.8312225341797,1.4260660807291667,0.010552980073363222,-0.8224941558020693,45,12,0.979012345679012,33,0.7333333333333333,3.75
GCFR,E018S30C,18.25,-30.75,4,8.28093433380127,3.7042953173319497,17.2306010723114,2.990373134613037,486.7330131530762,285.9421361287435,184.14203262329102,25.68644460042318,23615275.5,3126976.3333333335,14.33004355430603,1.7847386995951333,67.05440521240234,1.5798314412434895,45.90254878997803,17.078481674194336,304.2689666748047,1.8002421061197915,1.4292940952164992,-0.9182036913435813,548,168.5,0.923073805063565,379.5,0.6925182481751825,3.2522255192878338
GCFR,E018S30D,18.75,-30.75,4,9.350586533546448,2.3805174032847085,18.0900821685791,2.4573516845703125,668.8869094848633,245.8837127685547,172.43611907958984,20.10981241861979,21427078.5,2645089.666666667,19.100117683410645,4.319710413614909,70.36180877685547,4.581103006998697,37.943349838256836,17.86718241373698,304.40193939208984,1.7733306884765625,1.7241370083996967,-0.8004955568384922,243,68,0.962632687150332,175,0.720164609053498,3.573529411764706
GCFR,E018S31A,18.25,-31.25,4,8.139480352401733,0.8229455947875977,18.089600563049316,1.9784959157307944,272.7925720214844,121.18735758463541,178.96881103515625,24.997823079427082,23525936,1963657.3333333333,15.438612699508667,2.62331215540568,66.76635551452637,0.7442131042480469,39.68553018569946,11.289680798848469,304.36544036865234,0.7648773193359375,-0.47027286719548506,0.2723311469776406,664,208,0.926690079236685,456,0.6867469879518072,3.1923076923076925
GCFR,E018S31B,18.75,-31.25,4,7.2288185358047485,1.672500212987264,17.35332226753235,2.1142382621765137,214.2156867980957,74.16586049397787,163.1842803955078,29.522872924804688,16910562.75,2670749.5,13.844108819961548,0.4419620831807454,71.84884452819824,1.7577171325683594,30.27281618118286,8.066642443339031,306.56395721435547,1.2984771728515625,-0.3010997806424555,-1.1329594877813929,692,231.75,0.885543547613174,460.25,0.6651011560693642,2.9859762675296655
GCFR,E018S31D,18.75,-31.75,4,7.45716118812561,2.469045003255208,19.641562461853027,2.384911855061849,168.05643844604492,67.53709665934245,180.11139678955078,28.538614908854164,26324525.5,5365527.666666667,13.733267545700073,2.5560510953267412,67.40360641479492,2.0386377970377603,50.100138664245605,7.812737147013347,304.8050842285156,2.206441243489583,0.9358921055456333,-0.4569241314197819,1542,621.25,0.791161670398233,920.75,0.5971141374837873,2.482092555331992
GCFR,E018S32A,18.375,-32.25,2,9.32408332824707,0.9752826690673828,18.755995750427246,0.8558406829833984,101.52882385253906,19.179397583007812,292.72540283203125,34.81024169921875,31656513,1065614,33.71503162384033,4.290685653686523,62.71354866027832,0.9191703796386719,46.3404426574707,5.5630035400390625,301.3114471435547,1.202056884765625,-1.3110935042091696,1.2432375264112903,540,322,0.807407407407407,218,0.40370370370370373,1.6770186335403727
GCFR,E018S32B,18.75,-32.25,4,10.541966915130615,3.8940935134887695,22.099751472473145,0.7613728841145834,322.1367301940918,204.04595692952475,268.4173049926758,62.90385437011719,32109222.5,6959386.333333333,18.380361795425415,4.8802816073099775,63.716976165771484,3.023876190185547,58.00078105926514,27.148008346557617,301.56455993652344,1.5139261881510415,2.242404393002282,0.5036205646748728,1634,605.5,0.833704208863897,1028.5,0.629436964504284,2.698596201486375
GCFR,E018S32C,18.291666666666668,-32.791666666666664,3,7.751908461252849,1.9732497533162434,18.022841771443684,1.579010009765625,53.08767573038737,11.056783040364584,294.41318766276044,32.555277506510414,32532475.333333332,2345366.6666666665,23.413199106852215,7.317918141682942,62.021905263264976,0.7436650594075521,37.870034535725914,7.889086405436198,301.3580627441406,0.043233235677083336,-1.8510768573843022,0.8581483251190687,600,253.66666666666666,0.864697723601967,346.33333333333337,0.5772222222222223,2.3653088042049935
GCFR,E018S32D,18.75,-32.75,4,8.751220703125,2.137248675028483,20.402209758758545,0.9243129094441731,128.8134422302246,21.76249440511068,328.00672912597656,45.217244466145836,33102048,3670655.3333333335,28.35877513885498,3.668923695882161,63.01252365112305,1.7528394063313804,42.61916160583496,7.457630157470703,302.38441467285156,1.315399169921875,0.02285481606623005,0.6630559445092158,1409,570.75,0.778634940142896,838.25,0.5949254790631654,2.4686815593517304
GCFR,E018S33B,18.75,-33.25,4,11.02215027809143,3.824824810028076,21.563632011413574,2.9740664164225263,158.52369499206543,89.52594884236655,445.11441802978516,92.00189717610677,42490107,3935530,32.75441551208496,5.434120814005534,59.67551231384277,1.6720034281412761,49.433183670043945,12.900531768798828,301.26539611816406,1.271881103515625,1.6431494072364714,0.29371100768205394,1144,384.25,0.877065903690899,759.75,0.6641171328671329,2.977228366948601
GCFR,E018S33D,18.75,-33.75,4,13.26443362236023,4.157594521840414,25.388160228729248,4.948756217956543,158.92211532592773,108.73250579833984,586.8919830322266,113.0969950358073,45826369,5579668.666666666,47.38012409210205,15.397231419881185,57.53194999694824,2.565479278564453,64.6452465057373,21.23025131225586,299.7287826538086,2.029973347981771,2.992716345655,0.3267408415904061,3029,1345.5,0.71424354072772,1683.5,0.555793991416309,2.251207729468599
GCFR,E019S30C,19.25,-30.75,4,11.264797925949097,2.838280518849691,20.047831058502197,5.30147139231364,718.2172546386719,233.08793131510419,173.4213523864746,22.29595692952474,15897411.5,6927588.333333333,24.151176929473877,0.6294247309366862,71.45984840393066,3.95834223429362,32.892635345458984,12.561538696289062,306.00926971435547,2.381078084309896,1.7413845545865967,-2.2381758579983826,322,98.5,0.924277467440994,223.5,0.6940993788819876,3.269035532994924
GCFR,E019S31A,19.25,-31.25,4,13.373135805130005,2.44876495997111,25.22173833847046,1.2616764704386394,678.3843841552734,80.626312255859375,239.19878005981445,52.57147979736328,27100730.5,8814049,19.23720407485962,1.1510356267293294,66.18019771575928,3.03434689839681,62.96394157409668,5.111872355143229,304.19527435302734,1.340215047200521,0.7390035730696759,-0.3000194544173804,1448,440.75,0.92182544053809,1007.25,0.695614640883978,3.285309132161089
GCFR,E019S31B,19.75,-31.25,4,14.835367918014526,2.5908424059549966,23.796164512634277,2.4318307240804033,1024.7147064208984,216.43148803710938,200.294189453125,37.17896525065104,20456839.25,3312766.8333333335,28.389991760253906,4.975270589192708,66.78918075561523,2.4064000447591143,60.515541076660156,8.18252436319987,303.87291717529297,1.8436737060546875,1.4654195447649963,-0.01948547281879124,786,256.5,0.915020844040658,529.5,0.6736641221374046,3.064327485380117
GCFR,E019S31C,19.25,-31.75,4,11.82683777809143,1.9743062655131023,20.773233890533447,2.4457565943400064,635.3819046020508,251.00293477376303,221.3343963623047,37.209543863932296,25785723,2233054.6666666665,18.230703592300415,2.559770743052165,66.36511993408203,1.4147898356119792,47.531935691833496,10.19514528910319,302.8175735473633,1.0688832600911458,0.7011888233925708,-0.11745436749105771,1193,379,0.90304845245013,814,0.6823134953897737,3.1477572559366753
GCFR,E019S31D,19.75,-31.75,4,15.316728591918945,3.2467505137125654,24.196595191955566,1.6115576426188152,942.2782897949219,345.91746012369794,226.91360473632812,21.21886189778646,22402458.5,2558643,23.995559692382812,9.861693700154623,66.53473281860352,1.9919840494791667,57.53500461578369,9.175990422566732,302.6139907836914,1.3536326090494792,1.3734169047493174,0.36358415722350435,435,137.5,0.917172494939968,297.5,0.6839080459770115,3.1636363636363636
GCFR,E019S32A,19.25,-32.25,4,14.486432552337646,2.088970184326172,20.676274299621582,3.7469711303710938,781.0204315185547,421.49543253580725,278.7084732055664,60.637288411458336,24615081,6921660,23.313706874847412,8.234714190165203,63.675456047058105,3.842922846476237,65.5293436050415,17.068571090698242,299.6662139892578,4.443135579427083,3.201469003031418,-0.08741304513368135,2027,783,0.845592425690427,1244,0.613714849531327,2.5887611749680715
GCFR,E019S32B,19.75,-32.25,4,11.741597890853882,1.5755724906921387,18.084199905395508,2.1655279795328775,378.981689453125,67.03521728515625,160.6237335205078,12.751520792643229,12650354,3349989.6666666665,11.602095603942871,1.699429194132487,71.12785720825195,1.6667302449544272,43.06611728668213,8.969199498494467,307.3798828125,1.07843017578125,-0.15078910819639607,-0.8393673115901913,421,180,0.71678497262288,241,0.5724465558194775,2.338888888888889
GCFR,E019S32C,19.25,-32.75,4,15.52688717842102,1.9425346056620278,21.249929428100586,2.1187197367350263,903.3030700683594,358.02809651692706,400.0630416870117,72.59569803873698,33302668,11805130,36.64565944671631,5.03235944112142,60.46732425689697,4.780649185180664,70.70214557647705,11.47773806254069,297.50836181640625,1.2601216634114583,2.492297352926396,0.04178816424601422,1898,777.25,0.782759396920888,1120.75,0.5904899894625922,2.441942746863943
GCFR,E019S32D,19.75,-32.75,4,11.498668670654297,1.792160669962565,19.679312705993652,0.6441987355550131,666.099723815918,410.15076192220056,203.18360137939453,68.822174072265625,13507504,4434190.666666667,24.728429555892944,15.134673913319906,70.18706130981445,3.8787689208984375,40.909043312072754,7.467288335164388,304.6785583496094,6.012176513671875,2.442790017497708,1.6458091336828704,1022,298.25,0.945561739279801,723.75,0.7081702544031311,3.426655490360436
GCFR,E019S33A,19.25,-33.25,4,15.644901752471924,1.8156509399414062,23.89507484436035,2.217156728108724,768.46600341796875,517.657246907552,500.6210479736328,119.88278198242188,39335179.5,7003202.333333333,53.768476486206055,4.160647074381511,59.425601959228516,4.327056884765625,73.304534912109375,24.522886912027996,297.16922760009766,3.198277791341146,3.136342593442069,0.12484695642969947,2655,1181.5,0.715191420240532,1473.5,0.5549905838041431,2.2471434617012274
GCFR,E019S33B,19.75,-33.25,4,14.82291865348816,4.971646785736084,22.84130620956421,2.4176041285196943,1086.4644165039062,500.40667724609375,309.7479476928711,148.31375630696616,24154895.5,4647530.333333333,38.47508907318115,8.389493942260742,63.626699447631836,6.698478698730469,63.0062198638916,39.38601938883463,298.0195007324219,5.988555908203125,4.2792966413237545,0.0815794020109065,1407,498,0.864236787303941,909,0.6460554371002132,2.825301204819277
GCFR,E019S33C,19.25,-33.75,4,15.250381231307983,1.180689016977946,26.711115837097168,3.3732630411783857,530.9691925048828,359.9371744791667,568.0500946044922,243.9348347981771,43383250,5271110.666666667,53.68548393249512,23.491682688395183,56.94810104370117,3.914235432942708,83.80553913116455,31.09923871358236,296.7537307739258,3.340337117513021,3.684266904777578,1.2449835088488308,3040,1370.5,0.712178383939485,1669.5,0.5491776315789474,2.2181685516234952
GCFR,E019S33D,19.75,-33.75,4,15.061041355133057,2.3358214696248374,26.476707458496094,1.7248738606770833,592.1877365112305,487.57006327311194,375.33534240722656,72.056365966796875,33561779,9329584.666666668,44.36143112182617,2.9023284912109375,60.5515775680542,1.7993577321370442,67.23023319244385,13.678592046101889,298.3262710571289,3.265385945638021,2.397154972624907,0.25610692823156134,1819,653.5,0.844555262539352,1165.5,0.6407366684991753,2.7834736036725327
GCFR,E019S34B,19.75,-34.25,4,14.026880979537964,1.200510819753011,28.303711414337158,1.3361895879109702,234.14359283447266,99.00498962402344,472.5748977661133,57.195988972981766,46511399,8558775.333333334,60.584208488464355,2.3814881642659502,58.934316635131836,2.192399342854818,71.71305561065674,11.467624028523764,297.9024353027344,2.1486104329427085,1.1864210385262022,0.2564832484327522,2122,841,0.795657794301564,1281,0.6036757775683318,2.5231866825208087
GCFR,E020S32A,20.25,-32.25,4,12.63034999370575,3.507631222407023,20.587937355041504,2.8692709604899087,1052.2770309448242,451.44325256347656,204.32598114013672,53.44756062825521,20772081.75,7579109.833333333,26.33337116241455,13.838547388712565,67.10016441345215,4.083362579345703,43.91538763046265,14.96578311920166,302.10479736328125,4.360941569010417,3.469368463581107,0.17966183734047828,740,279.5,0.834937379499541,460.5,0.6222972972972973,2.6475849731663685
GCFR,E020S32B,20.75,-32.25,4,16.695780992507935,1.615839163462321,22.537965297698975,0.8656581242879232,1462.70263671875,153.20829264322916,222.23878860473633,28.89310963948568,18098663.25,4056520.1666666665,38.79064178466797,5.943472544352213,65.226348876953125,2.6421801249186196,43.36687660217285,14.985215504964193,300.11956787109375,1.8111979166666665,1.2074583081229708,0.5397591447688174,257,72,0.975485528207061,185,0.7198443579766537,3.5694444444444446
GCFR,E020S32C,20.25,-32.75,4,12.772462606430054,2.550968329111735,20.753068447113037,2.131130536397298,840.4487609863281,230.49650065104166,211.2902946472168,35.399681091308594,24326081.5,2579511.666666667,25.607045650482178,6.299993832906087,66.23051261901855,1.252129872639974,49.823734283447266,10.052054087320965,302.7624206542969,1.4893086751302083,1.1324452569077403,0.42543431408433197,232,68.75,0.938627674304475,163.25,0.7036637931034483,3.3745454545454545
GCFR,E020S32D,20.75,-32.75,4,16.50910711288452,1.6958688100179036,21.184579372406006,1.3959239323933919,1267.7092895507812,308.6708984375,216.3127784729004,37.512219746907554,22839003,7477040.666666666,33.094886779785156,5.730600992838541,64.99480152130127,3.7191727956136065,50.2881441116333,10.647104263305664,299.7594757080078,1.454010009765625,1.837826137746495,0.22952817693333005,380,123.5,0.901260320166598,256.5,0.675,3.076923076923077
GCFR,E020S33A,20.25,-33.25,4,13.403140306472778,2.222907861073812,21.70773410797119,1.6015822092692056,856.9589385986328,148.10244750976562,236.09077835083008,48.56974538167317,23209188.5,1415801,38.06322193145752,6.187032699584961,67.07785415649414,2.9111429850260415,38.15772581100464,11.495793342590332,300.0644073486328,3.102549235026042,1.3799167843016837,0.43196318690135294,653,215,0.886457043936862,438,0.6707503828483921,3.0372093023255813
GCFR,E020S33B,20.75,-33.25,4,13.064962148666382,1.9629658063252768,23.02934169769287,1.0288410186767578,838.9470367431641,180.78221638997394,187.4987564086914,77.74756876627605,18777156.5,4228925.666666666,35.02290391921997,13.8742036819458,68.32401657104492,3.9883626302083335,36.5917854309082,12.188213348388672,300.95521545410156,3.14617919921875,2.279630648658109,1.2063881772161915,1215,453.5,0.838202486350313,761.5,0.6267489711934157,2.679162072767365
GCFR,E020S33C,20.25,-33.75,4,14.133994579315186,3.4142236709594727,26.377856731414795,2.8597841262817383,672.479736328125,441.51146443684894,326.59529876708984,97.54889424641927,30415761.5,13099801.666666668,55.77452087402344,32.064135233561196,62.56355953216553,5.784953435262044,63.75108623504639,23.16099484761556,298.9553451538086,3.2512664794921875,4.330836066379164,0.6678945047092569,1467,466.75,0.903097732602443,1000.25,0.6818336741649625,3.143010176754151
GCFR,E020S33D,20.75,-33.75,4,12.486185550689697,3.289758046468099,27.098477840423584,1.1260271072387695,580.4197235107422,172.83161417643228,357.3397560119629,139.1792729695638,25086167,8258883.333333333,71.9473123550415,24.22916475931803,64.61534309387207,4.605805714925131,51.903242111206055,22.89080301920573,301.1273651123047,2.5284627278645835,3.354795437226819,1.3960157638512327,1893,685.5,0.848727900750127,1207.5,0.6378763866877971,2.761487964989059
GCFR,E020S34A,20.25,-34.25,4,12.798206090927124,2.0507715543111167,29.590786933898926,1.7677408854166665,137.44246864318848,17.640941619873047,443.1365966796875,100.70652262369791,39588184,4964380,82.51289749145508,32.340352376302086,61.392273902893066,1.9042199452718098,60.94853401184082,12.747974395751953,299.7650451660156,1.264495849609375,1.4156332545800367,1.6677212503442207,1906,675.75,0.860960782382811,1230.25,0.6454616998950682,2.820569737328894
GCFR,E021S33A,21.25,-33.25,4,13.532052278518677,2.646323362986247,23.571531772613525,1.5200153986612954,930.9771575927734,360.4728291829427,269.0274848937988,118.59412892659505,20492032.5,8237455,50.54686260223389,19.529133478800453,66.52823829650879,5.59671147664388,67.44808673858643,31.086926142374676,300.19596099853516,5.2979075113932295,3.9974528356245465,0.9449727235926849,1004,302.75,0.964917864503695,701.25,0.6984561752988048,3.3162675474814205
GCFR,E021S33B,21.75,-33.25,4,13.717305183410645,4.8904924392700195,23.960785388946533,2.0849281946818037,719.2019119262695,418.1294809977214,279.1429748535156,200.332763671875,23054882,16064775.666666668,44.813382625579834,23.990672747294106,66.13920021057129,9.388114929199219,57.90986442565918,48.755388259887695,300.6371536254883,8.0962982177734375,5.448724852574156,0.639649818377497,408,104.25,0.996216509473501,303.75,0.7444852941176471,3.9136690647482015
GCFR,E021S33C,21.25,-33.75,4,11.278785943984985,3.87741486231486,28.109726905822754,0.7288653055826823,483.7131805419922,263.26991780598956,329.9969062805176,57.08898162841797,26387658.5,8827412.333333334,63.548171043395996,12.049516677856445,64.23144149780273,4.3244476318359375,49.95126438140869,25.302770614624023,300.0922546386719,3.055267333984375,3.0627345634234544,0.8360551927578503,1681,600,0.857752710102162,1081,0.6430696014277216,2.8016666666666667
GCFR,E021S33D,21.75,-33.75,4,11.947546005249023,2.300879796346029,27.996724605560303,0.9927186965942383,366.1904640197754,244.2628606160482,337.9513931274414,123.36559549967448,35800556,9184673.333333334,66.81960582733154,20.890438715616863,61.412546157836914,4.321706136067708,61.80226707458496,32.857666015625,299.7454605102539,3.100163777669271,3.466726010099592,1.3802313267785842,906,284.75,0.921890759851809,621.25,0.6857064017660044,3.1817383669885864
GCFR,E022S33A,22.25,-33.25,4,15.021499633789062,4.011998176574707,26.328907012939453,1.8001785278320312,971.3662414550781,336.28297932942706,307.50300216674805,181.21664174397785,29193853,17239928,55.324689865112305,27.416319529215496,63.455698013305664,8.27804946899414,59.37779998779297,36.41312789916992,299.65978240966797,6.018285115559896,5.002257138485849,0.8962623189022519,1335,428,0.931732654923501,907,0.6794007490636704,3.119158878504673
GCFR,E022S33B,22.75,-33.25,4,12.787201166152954,1.0342087745666504,25.065319538116455,0.4852660497029623,934.9355926513672,122.08600870768228,273.74850845336914,98.68672434488931,19543604.25,7368466.833333333,51.667720794677734,25.6754150390625,67.72745323181152,4.146325429280599,37.183518409729004,17.931884765625,301.6827621459961,3.3690745035807295,2.3776904254496856,2.148962872991618,596,167.25,0.977922381550411,428.75,0.7193791946308725,3.563527653213752
GCFR,E022S33C,22.25,-33.75,4,13.211929082870483,2.46431303024292,29.14829730987549,1.0522480010986328,560.65667724609375,304.8011474609375,431.9325370788574,216.68299102783203,50691464,13885206.666666668,85.07030200958252,43.291659673055015,58.931199073791504,6.291772842407227,70.04627513885498,33.200585047403976,297.4910659790039,4.7478688557942705,4.486485475653769,1.8247094906442798,1692,599.5,0.867968410850746,1092.5,0.6456855791962175,2.822351959966639
GCFR,E022S33D,22.75,-33.75,4,15.353179931640625,2.517173449198405,27.92664670944214,1.2691526412963867,865.8175201416016,452.212636311849,573.3183975219727,180.6862030029297,53298930,23366150.666666664,121.26103591918945,44.226783752441406,54.67088317871094,3.3513323465983076,87.86533737182617,10.006571451822916,294.7234878540039,1.6866404215494792,3.679970890206978,2.085995851632596,1696,593.5,0.865735073831978,1102.5,0.6500589622641509,2.857624262847515
GCFR,E023S33A,23.25,-33.25,4,12.844610214233398,3.354319890340169,25.99940538406372,0.5608250300089518,843.8994445800781,96.82383219401042,281.26705169677734,90.18548075358072,22852625,7502352.666666666,46.18414783477783,26.022263209025063,65.51319980621338,5.589139938354492,45.351826667785645,28.31264432271322,300.2273712158203,3.0981852213541665,3.0559633384885125,1.531403166356568,586,183.25,0.92519201628599,402.75,0.6872866894197952,3.197817189631651
GCFR,E023S33B,23.75,-33.25,4,14.248955488204956,0.9325798352559407,27.17578935623169,2.6063674290974936,850.3219909667969,162.98699951171875,352.90052795410156,42.543599446614586,30613448.5,6890025.666666666,49.172773361206055,6.287635803222656,62.396485328674316,3.5614121754964194,55.01314449310303,15.575943628946941,298.4664306640625,3.2466023763020835,2.066567381028605,0.02707562723094762,232,61.25,0.963060428849903,170.75,0.7359913793103449,3.7877551020408164
GCFR,E023S33C,23.25,-33.75,4,14.470368146896362,0.9325302441914877,28.072450160980225,1.262181282043457,722.3497772216797,460.1046447753906,672.0318298339844,245.03139241536456,51743341,28697820.666666668,132.61857223510742,63.36714426676433,55.61414051055908,6.575003941853841,79.01587104797363,11.026162465413412,296.0594787597656,2.0285237630208335,3.980690167232517,2.3391038847101315,1392,521.5,0.828060997548066,870.5,0.6253591954022989,2.6692233940556087
GCFR,E023S33D,23.75,-33.75,4,15.71553635597229,1.5535276730855307,28.844337463378906,1.6672471364339194,925.430419921875,263.544677734375,721.4345245361328,134.84970092773438,51526580,18191524,119.96485710144043,40.75314712524414,53.97727680206299,4.47471555074056,95.51951026916504,6.141292572021484,294.4917449951172,0.7427266438802083,2.7522326705107485,1.787611504871673,1379,531.75,0.818724619837234,847.25,0.614394488759971,2.5933239304184297
GCFR,E024S33A,24.208333333333332,-33.291666666666664,3,11.981579462687174,3.287862777709961,27.704071044921875,0.9004058837890625,599.5840962727865,267.10520426432294,267.1823323567708,94.3661600748698,26409619.333333332,6778565.333333333,34.50507799784342,8.110024770100912,65.27376302083333,4.4823659261067705,43.13542111714681,23.12127431233724,301.36744181315106,2.0184326171875,2.7995550334038577,0.7830067517412767,240,87.33333333333333,0.956875160146188,152.66666666666669,0.6361111111111112,2.7480916030534353
GCFR,E024S33B,24.75,-33.375,2,14.70472526550293,0.17719268798828125,32.365288734436035,2.719480514526367,522.5852966308594,46.29119873046875,322.9014892578125,3.57086181640625,38253078,4467604,45.941293716430664,2.2163429260253906,61.372344970703125,0.509368896484375,59.50469779968262,11.081501007080078,300.5729522705078,0.281707763671875,-2.1779098146546403,-0.5594566419775423,120,61,0.983333333333333,59,0.49166666666666664,1.9672131147540983
GCFR,E024S33C,24.25,-33.75,4,14.504575252532959,1.0535964965820312,29.123688220977783,1.4818105697631836,571.8004608154297,176.77915445963544,549.71575927734375,90.30902099609375,44964144,7254505.333333334,83.88721466064453,19.90771484375,56.35470008850098,1.6125361124674478,82.77007675170898,8.602650960286459,297.4773178100586,1.3770497639973958,1.6764688872350177,1.7941016908270706,1050,385.25,0.832598134261948,664.75,0.633095238095238,2.7255029201817003
GCFR,E024S33D,24.75,-33.75,4,14.44038724899292,1.4388491312662761,29.56023359298706,1.8112179438273113,441.6753978729248,334.3095232645671,516.3115692138672,34.2232666015625,50887906,5420972,86.04545593261719,11.536239624023438,55.8184118270874,1.338374455769857,80.58779525756836,8.025952657063803,297.22479248046875,1.525421142578125,1.4203251762380078,0.9485851335887536,916,317.75,0.867167745572811,598.25,0.6531113537117904,2.882769472856019
GCFR,E025S33A,25.25,-33.375,2,14.730739116668701,1.0922651290893555,32.36825466156006,3.7193164825439453,280.53047943115234,88.70582580566406,401.67132568359375,86.1134033203125,52786838,14437180,65.75596809387207,16.19186019897461,57.993703842163086,3.9927635192871094,73.87279510498047,11.629837036132812,298.77879333496094,4.022430419921875,2.851057124864538,0.5789356049529888,13,6.5,1,6.5,0.5,2
GCFR,E025S33C,25.25,-33.75,4,14.703396797180176,0.7569592793782552,30.144673824310303,0.9844687779744467,376.8518714904785,240.70401255289713,480.66114044189453,54.0671641031901,58464287,7966022,77.10477256774902,7.814126332600911,54.411356925964355,2.1778074900309248,78.43556022644043,4.727270762125651,296.85094451904297,1.716252644856771,1.0851129920865663,1.361743768025355,1568,643.75,0.775050875754464,924.25,0.5894451530612245,2.435728155339806
GCFR,E026S33B,26.75,-33.375,2,12.18530559539795,0.3755054473876953,32.77725410461426,0.13114547729492188,325.2674102783203,1.063079833984375,558.8829040527344,52.01397705078125,60422496,6530840,86.32751846313477,3.7237014770507812,52.90766143798828,0.23193359375,78.81536483764648,0.02999114990234375,298.0900573730469,0.151611328125,-5.962418248953383,4.168846843472349,56,28.5,0.982142857142857,27.5,0.49107142857142855,1.9649122807017543
SWAFR,E114S26C,114.20833333333333,-26.791666666666668,3,7.576970895131429,1.274391810099284,17.266993204752605,2.9024569193522134,106.91761525472005,38.574625651041664,252.1025594075521,20.323282877604168,30415196.666666668,1718906.6666666667,12.274590810139975,2.736718495686849,62.34973907470703,1.42926025390625,33.7287400563558,5.090442657470703,306.5436706542969,0.2110595703125,-1.2743176513507337,-0.3194155699738269,84,35.333333333333336,0.908681765389083,48.666666666666664,0.5793650793650793,2.3773584905660377
SWAFR,E114S27A,114.25,-27.25,4,10.013678908348083,2.1391708850860596,23.654910564422607,2.605463981628418,138.86466026306152,32.62524286905925,299.2178726196289,14.027613321940104,36831883.5,3931233,14.572219610214233,1.3210673332214355,62.58485507965088,0.6518535614013672,36.07406759262085,12.01012134552002,304.9936752319336,1.0635121663411458,-0.47420994934593996,-0.7914228999267914,403,144.25,0.851078501709293,258.75,0.642059553349876,2.7937608318890814
SWAFR,E114S27D,114.75,-27.75,4,7.740883469581604,1.4508779048919678,22.211612224578857,3.131499926249186,231.5355453491211,25.590164184570312,295.78297424316406,17.6964111328125,28183765.5,3575787,18.750887870788574,2.7539857228597007,64.8648042678833,1.383614222208659,31.720448970794678,8.4001677831014,305.1660842895508,0.8869272867838541,-0.30944303609820867,-0.5699060820863825,905,385.75,0.796756772063818,519.25,0.5737569060773481,2.346079066753078
SWAFR,E114S28B,114.75,-28.25,4,9.267683744430542,0.8711930910746256,21.314613819122314,1.7058178583780925,229.03753662109375,68.71983846028645,355.61253356933594,52.32386271158854,34496724,4218673.333333333,20.550146102905273,3.6284071604410806,63.46311378479004,1.8970680236816406,49.33161926269531,5.003225962320964,305.6906433105469,0.14467366536458334,-0.6682167985241916,0.5617358147781011,923,376,0.785236593635476,547,0.5926327193932828,2.4547872340425534
SWAFR,E115S27C,115.25,-27.75,4,7.002524733543396,1.7826038201649983,22.09158706665039,0.8648344675699869,256.96956634521484,10.723068237304688,254.9411392211914,18.54815673828125,26443049.5,1386551.6666666667,20.426663398742676,1.6311677296956382,64.54183578491211,1.2504781087239583,20.385753631591797,3.6466070810953775,305.2191696166992,0.7541249593098959,-1.9008796968279416,0.1802224523715478,69,18,0.991803278688525,51,0.7391304347826086,3.8333333333333335
SWAFR,E115S27D,115.75,-27.75,4,7.322514891624451,2.6706942717234297,23.150804042816162,0.9405787785847982,294.4417190551758,15.915552775065104,227.99704360961914,13.741020202636719,21184820.5,2117872.3333333335,21.02800703048706,0.8375202814737955,67.33894920349121,1.6346448262532551,26.97145175933838,7.319258371988932,306.96419525146484,0.7409515380859375,-1.3164244704712431,-0.7367189476772815,336,103.75,0.91620773712412,232.25,0.6912202380952381,3.23855421686747
SWAFR,E115S28A,115.25,-28.25,4,8.652837038040161,0.1973846753438314,21.89337396621704,1.7258087793986001,258.7654685974121,28.733365376790363,291.34996795654297,13.757583618164062,27177494.5,2346252.3333333335,24.69851064682007,2.998020490010579,65.51058387756348,0.31752904256184894,41.013712882995605,11.560174942016602,305.7767105102539,0.7194061279296875,-1.9869064320800462,0.774429979977319,539,193.25,0.871815261490979,345.75,0.641465677179963,2.7891332470892625
SWAFR,E115S28B,115.75,-28.25,4,7.933652281761169,1.78385329246521,23.05097246170044,1.1237312952677407,293.7611312866211,20.409520467122395,272.1737289428711,18.241724650065102,23598705.5,3389073.666666667,25.187395095825195,1.8662808736165366,66.32379913330078,1.395947774251302,35.271756172180176,13.683916727701824,306.0492858886719,0.6947428385416667,-0.6311796817521655,-0.2616109985931124,397,135.25,0.901608915948235,261.75,0.6593198992443325,2.9353049907578557
SWAFR,E115S28C,115.25,-28.75,4,9.265192747116089,0.636542797088623,20.955546855926514,1.2269353866577148,232.90998077392578,28.947794596354168,343.1918640136719,33.215301513671875,32024316.5,3809468.3333333335,27.847060203552246,1.940180460611979,63.99304676055908,1.6354198455810547,46.85903453826904,6.550610224405925,305.7954559326172,0.85406494140625,-0.7971097874318203,0.3089219699986086,874,368.75,0.751769462721371,505.25,0.5780892448512586,2.3701694915254237
SWAFR,E115S28D,115.75,-28.75,4,9.162237882614136,0.4219905535380046,22.73780918121338,0.8734906514485676,317.1331329345703,38.49394734700521,308.02005767822266,20.80817159016927,27865214.5,4836951,29.136308670043945,1.6477279663085938,65.3811264038086,2.447394053141276,53.542250633239746,4.302705764770508,305.8583450317383,0.8683420817057291,-1.0586097638853313,0.1983921666720928,841,338,0.790236815649632,503,0.5980975029726516,2.4881656804733727
SWAFR,E115S29A,115.25,-29.25,4,9.781776666641235,1.0090781847635906,20.756415843963623,2.4841508865356445,161.4328908920288,85.75156847635905,409.9262924194336,53.59733581542969,36182050,2775428,25.10877561569214,2.009896914164225,63.05268383026123,0.6671632130940754,46.20288848876953,3.222015380859375,304.3778533935547,0.9947306315104166,-0.610436747924835,0.5805923278003067,948,384.75,0.779616264715912,563.25,0.5941455696202531,2.4639376218323585
SWAFR,E115S29B,115.75,-29.25,4,8.487892746925354,0.5779219468434651,23.794057369232178,1.358687400817871,274.6651420593262,37.962877909342446,340.462646484375,32.21944173177083,30297937.5,5364299,29.92239236831665,0.8576014836629232,64.49509143829346,2.259084701538086,48.18613815307617,4.875780741373698,304.5011215209961,0.49377950032552087,-1.0445734822053878,-0.29543796017175605,872,355.75,0.777508332539142,516.25,0.5920298165137615,2.4511595221363316
SWAFR,E115S29C,115.25,-29.75,4,9.495416641235352,2.3863792419433594,23.206686973571777,3.9505138397216797,129.1885986328125,107.6180025736491,465.9699249267578,26.430633544921875,39446494,3216169.333333333,27.17797565460205,1.361048380533854,59.84352397918701,4.423402786254883,49.61061096191406,5.066811879475912,303.1935577392578,1.286529541015625,0.7160318501868397,-1.3699717748290692,1238,616.5,0.650984824258276,621.5,0.5020193861066236,2.008110300081103
SWAFR,E115S29D,115.75,-29.75,4,8.340859413146973,1.3831713994344077,21.33433771133423,2.7554807662963867,271.2822685241699,29.070655822753906,366.6959228515625,46.05058797200521,30486528,3529114.6666666665,30.7109317779541,0.8305905659993489,64.49268913269043,1.3749758402506511,38.222161293029785,3.462961196899414,303.7413101196289,0.5631459554036459,-0.9581442447842912,-0.4824193135717541,989,409.5,0.777953909274222,579.5,0.5859453993933266,2.415140415140415
SWAFR,E115S30A,115.25,-30.25,4,9.949651718139648,1.9678357442220051,23.104796409606934,3.1703720092773438,161.1885986328125,112.62679290771484,507.76509857177734,20.773117065429688,44452558,8246046.666666667,28.010340690612793,1.4985211690266926,59.54482650756836,1.997601826985677,53.771029472351074,12.29524294535319,302.0708770751953,1.378143310546875,1.013809290402237,-1.1322283970905553,1434,796,0.5767569033025,638,0.44490934449093444,1.8015075376884422
SWAFR,E115S30B,115.75,-30.25,4,9.016521453857422,1.9461402893066406,21.942465782165527,4.693603515625,279.1827049255371,51.075075785319015,447.49060821533203,66.15576680501302,36187426.5,5683101.666666667,32.03259992599487,2.3284851710001626,61.68918514251709,2.512004216512044,40.996514320373535,5.579765955607096,302.50753021240234,0.4655914306640625,0.5210940540196166,-0.532275675178576,1056,434.25,0.779904812687816,621.75,0.5887784090909091,2.4317789291882557
SWAFR,E115S30D,115.75,-30.75,4,9.241424083709717,1.8323265711466472,19.32291889190674,2.186255772908529,194.41581344604492,72.94596099853516,515.7450180053711,79.25393168131511,41248942,4767886.666666667,31.808878898620605,4.319009145100912,60.23687934875488,1.2985038757324219,43.4802770614624,6.511678695678711,302.29154205322266,1.0538991292317708,0.6972372286501443,0.6787563631193253,1081,491.25,0.705569709868157,589.75,0.5455596669750231,2.200508905852417
SWAFR,E115S31B,115.75,-31.25,4,10.81150197982788,0.9466063181559246,25.052667140960693,1.0074160893758137,95.20832347869873,70.23492622375488,623.9216156005859,44.674814860026046,46146550,4668660,32.3281888961792,2.0173746744791665,58.83598232269287,1.4495588938395183,53.297104835510254,5.073930740356445,300.3717803955078,1.52679443359375,-0.13069668606901383,0.6338086420636171,1306,617,0.679436480887478,689,0.5275650842266463,2.1166936790923825
SWAFR,E115S33D,115.75,-33.75,4,9.599984884262085,1.0065954526265461,28.405152320861816,2.8937657674153647,147.4565315246582,92.52119700113933,852.7083435058594,55.8365478515625,64885334,10960352,41.76066017150879,3.2617835998535156,52.90002632141113,1.6994616190592446,103.99736595153809,30.104478200276695,294.9245910644531,2.403167724609375,1.8581708623958317,-0.12844849857028554,1412,686.5,0.659739119261876,725.5,0.5138101983002833,2.0568099053168245
SWAFR,E115S34B,115.75,-34.25,4,13.249372243881226,3.283985296885173,27.667661666870117,2.241217931111654,158.02752876281738,120.50108210245767,982.3680572509766,79.0834452311198,75570588,8218690.666666666,53.92355251312256,7.608713150024414,50.49320888519287,2.2044849395751953,164.42251205444336,47.453061421712235,291.6325378417969,1.4505411783854167,2.6760471109471164,0.2126943538572267,933,433.25,0.690478266562809,499.75,0.5356377277599143,2.153491055972302
SWAFR,E116S27C,116.20833333333333,-27.791666666666668,3,6.487884044647217,1.9218441645304363,21.379967371622723,1.3121541341145833,341.3456319173177,33.67388916015625,223.7226104736328,5.22479248046875,20418610,1782569.3333333333,23.375192006429035,2.1733004252115884,67.56322224934895,0.5088043212890625,22.112651189168293,6.070178985595703,306.614990234375,0.348388671875,-2.0164357579715686,-0.28594333653648685,183,69.66666666666667,0.947581933325817,113.33333333333333,0.6193078324225865,2.6267942583732053
SWAFR,E116S28A,116.25,-28.25,4,7.475232481956482,2.3419430255889893,22.309674739837646,1.414878527323405,346.2411804199219,25.231608072916668,251.0354118347168,13.501899719238281,23580626,2741104.666666667,24.84863805770874,1.5539738337198892,66.1428050994873,0.9624773661295574,28.396964073181152,8.497073491414389,305.4305877685547,0.650909423828125,-0.9999560516325656,-0.44931259884211494,276,88.75,0.929697620542907,187.25,0.6784420289855072,3.1098591549295773
SWAFR,E116S28B,116.75,-28.25,4,7.230714201927185,0.7967266241709391,22.667181491851807,1.9374367396036785,359.7559509277344,62.229420979817704,246.45375061035156,9.48016357421875,21949977.5,1088482.3333333335,26.989840984344482,1.4973198572794595,67.49571800231934,1.0083910624186199,28.29324960708618,8.661752382914225,305.8545837402344,0.760345458984375,-1.4275332153055842,-0.5514475095134338,335,124,0.805459308781798,211,0.6298507462686567,2.7016129032258065
SWAFR,E116S28C,116.25,-28.75,4,9.308833837509155,1.1532642046610515,24.402336597442627,0.9808721542358398,314.94212341308594,51.20379638671875,280.1319274902344,13.592112223307291,23578828.5,3239562.3333333335,27.217289924621582,1.5665334065755208,65.887451171875,1.7863566080729167,40.51405620574951,10.511373519897461,305.09458923339844,1.1302388509114585,-0.5013861196053375,-0.34065481831545213,374,134.75,0.857597786426933,239.25,0.6397058823529411,2.7755102040816326
SWAFR,E116S28D,116.75,-28.75,4,8.779806137084961,1.6489394505818684,22.850666999816895,1.2184664408365886,348.11902618408203,31.77605692545573,266.8450241088867,10.228734334309896,25305767,6076280.666666667,28.48844861984253,0.8036985397338867,65.4233808517456,2.4380880991617837,34.946330547332764,3.7359387079874677,304.81248474121094,1.3597310384114585,-0.7313534276411604,-1.0382910734044681,243,74.75,0.932873462649137,168.25,0.6923868312757202,3.250836120401338
SWAFR,E116S29A,116.25,-29.25,4,7.998727321624756,1.0030094782511392,25.044044971466064,1.5763750076293945,280.82234954833984,22.939895629882812,287.7165832519531,9.466796875,23907997,2785692,29.36320924758911,0.5794070561726887,66.59405136108398,1.0430526733398438,48.10020065307617,10.770177205403645,305.50877380371094,0.453582763671875,-1.7516109417619843,-1.1261331581689094,638,263.25,0.797609842660857,374.75,0.5873824451410659,2.4235517568850904
SWAFR,E116S29B,116.75,-29.25,4,9.70402705669403,3.0772265593210855,23.742420196533203,0.28136126200358075,324.0571517944336,44.1947275797526,280.9472198486328,3.6355082194010415,26463254,3949422.6666666665,32.568045139312744,2.6130603154500323,63.22062969207764,2.971835454305013,49.72572422027588,8.76872189839681,304.4137954711914,0.6793365478515625,-0.7783427991593229,-0.3485148298085674,520,195.75,0.831362564991739,324.25,0.6235576923076923,2.656449553001277
SWAFR,E116S29C,116.25,-29.75,4,8.093441486358643,0.32399940490722656,24.248140335083008,0.6675440470377604,307.3664321899414,11.901321411132812,308.37440490722656,24.275227864583332,28461307,4037930.666666667,31.264453887939453,2.734832763671875,65.53770065307617,2.0986404418945312,42.09842491149902,2.2220484415690103,304.21004486083984,0.5165761311848959,-2.059630299039147,0.9461877310950828,840,312.25,0.82299255655626,527.75,0.6282738095238095,2.690152121697358
SWAFR,E116S29D,116.75,-29.75,4,8.397435665130615,2.235363165537516,24.372671604156494,1.6545311609903972,322.42567443847656,24.967915852864586,282.85814666748047,2.257939656575521,28767362.5,4830765.666666666,33.38031244277954,2.3003721237182617,64.67455291748047,3.2946294148763022,45.911216735839844,9.425203959147135,303.49405670166016,1.281377156575521,-0.3586513765875227,-1.7830336767293562,712,291.5,0.780705230920402,420.5,0.5905898876404494,2.4425385934819897
SWAFR,E116S30A,116.25,-30.25,4,9.897929906845093,0.44455989201863605,21.28773069381714,1.0767062505086265,301.86083984375,23.668853759765625,339.8292541503906,24.45269775390625,33261237,2233673.3333333335,36.76050281524658,2.47767702738444,62.49737071990967,1.656991958618164,41.40259552001953,2.55850092569987,302.9566192626953,0.41765340169270837,-1.9571548583356835,0.641183166760844,901,361.75,0.79841105329276,539.25,0.5985016648168702,2.4906703524533516
SWAFR,E116S30B,116.75,-30.25,4,8.332800269126892,0.7371472517649332,23.923995971679688,0.9506276448567709,319.2825393676758,8.0062103271484375,306.9814147949219,20.384602864583332,27423876,1631539.3333333333,37.24552536010742,2.008007049560547,65.23694229125977,0.37751515706380206,40.28848361968994,4.396543502807617,303.24896240234375,0.3795064290364583,-2.836485564466465,0.9292336451395452,851,381,0.719973414880631,470,0.5522914218566393,2.2335958005249346
SWAFR,E116S30C,116.25,-30.75,4,9.439951658248901,1.4752691586812336,21.49361562728882,1.2544482549031577,265.7313003540039,23.106897989908855,396.4587173461914,40.23070780436198,38004976,3734049.3333333335,37.717509269714355,3.000510533650716,60.66490077972412,1.298818588256836,41.418396949768066,6.43043327331543,302.48609924316406,0.7247517903645834,-0.5244747619063262,0.532710583961388,994,392.75,0.805742893921261,601.25,0.6048792756539235,2.530872056015277
SWAFR,E116S30D,116.75,-30.75,4,10.115058898925781,2.6511462529500327,23.138083934783936,3.464221636454264,293.05411529541016,17.032089233398438,346.7339172363281,23.731170654296875,29779246.5,2620109.6666666665,40.65622615814209,2.458557764689128,64.62377166748047,1.8808848063151042,39.67898464202881,4.972094853719075,302.46834564208984,0.3577016194661458,-0.719454798807842,-0.7247070348068585,1207,509.5,0.753049078096079,697.5,0.5778790389395194,2.368989205103042
SWAFR,E116S31A,116.25,-31.25,4,8.662467002868652,1.1378631591796875,23.934866905212402,1.7277520497639973,268.1551971435547,62.81859334309896,510.9789581298828,74.36973063151042,45956244,7261053.333333333,39.227742195129395,0.9187183380126953,58.51436805725098,2.034125010172526,48.22177314758301,6.586128234863281,300.65775299072266,1.405248006184896,0.3686096733242744,-0.14911069299967736,1276,584,0.70232519218658,692,0.542319749216301,2.184931506849315
SWAFR,E116S31B,116.75,-31.25,4,9.385297536849976,1.0170934995015464,20.408003330230713,1.0372095108032227,264.79279708862305,22.459988911946613,372.18091583251953,45.33086649576823,34910028.5,2157161.6666666665,40.38937568664551,1.3165079752604167,60.74241638183594,1.1685778299967446,32.12922286987305,3.5351270039876304,301.9104461669922,0.3663126627604167,-1.746163961311864,0.5308512874686493,1053,433.75,0.753150266503111,619.25,0.5880816714150048,2.427665706051873
SWAFR,E116S31C,116.25,-31.75,4,9.76730227470398,1.0129847526550293,24.905235290527344,1.1778202056884766,252.5530662536621,48.83180491129557,682.7846374511719,163.4178670247396,54177023,7054451.333333333,37.54239749908447,4.990972518920898,55.837950706481934,1.8917624155680337,65.17022323608398,16.806952158610027,298.22290802001953,1.9323577880859375,1.372947833448711,1.2764618225197641,1900,902.5,0.663206513946546,997.5,0.525,2.1052631578947367
SWAFR,E116S31D,116.75,-31.75,4,8.840789079666138,0.5603715578715006,22.06706142425537,2.4058119455973306,254.62687301635742,68.27282460530598,405.3780212402344,48.14565022786458,39260089,4795372.666666667,38.630221366882324,2.3884347279866533,60.05733776092529,1.2153860727945962,37.21956014633179,7.170809110005697,301.4885025024414,0.9751332600911459,-0.10858985593940003,0.3235172683112396,1409,622.5,0.739114648212775,786.5,0.5581973030518098,2.263453815261044
SWAFR,E116S32A,116.25,-32.25,4,7.978882312774658,0.6870924631754557,23.08159589767456,1.442806561787923,279.3716506958008,29.215733846028648,842.6820373535156,138.06679280598956,62573251,6086947.333333334,45.03780174255371,4.254629770914714,54.456642150878906,2.3246116638183594,86.22029113769531,18.883748372395832,295.4218292236328,1.7035115559895835,1.0241833769495092,0.9474036674922043,1733,857.25,0.631392014156805,875.75,0.5053375649163301,2.021580635753864
SWAFR,E116S32B,116.75,-32.25,4,10.480065107345581,1.0845081011454265,24.49885845184326,2.637584050496419,280.60736083984375,33.123443603515625,487.4867935180664,100.27394104003906,43230317,3804055.3333333335,40.83860778808594,2.308155059814453,58.72830772399902,2.0743611653645835,44.31189441680908,7.911676406860352,300.43031311035156,1.2410074869791665,0.3989461700494565,0.21265980758442135,1208,512.25,0.750478332673295,695.75,0.5759519867549668,2.358223523670083
SWAFR,E116S32C,116.25,-32.75,4,9.17176628112793,1.7732429504394531,25.901155471801758,2.20729128519694,300.92325592041016,39.46135965983073,845.0296783447266,191.71823120117188,63360472,7293993.333333333,44.788023948669434,4.724215825398763,53.948323249816895,0.9853420257568359,91.58353233337402,22.435858408610024,294.46009063720703,2.171808878580729,1.647771900960004,1.0210459892654955,970,419,0.735947662994342,551,0.568041237113402,2.315035799522673
SWAFR,E116S32D,116.75,-32.75,4,10.067302942276001,0.9912803967793783,28.508973121643066,0.9596118927001953,305.1758804321289,17.020980834960938,497.28954315185547,54.3844248453776,43543068,4280170.666666667,40.93178844451904,1.222598393758138,57.73154354095459,1.6580880482991538,50.546332359313965,5.704113642374675,299.8924026489258,1.1101531982421875,-0.7707796953512619,0.36773591257054805,811,313.75,0.813629239923271,497.25,0.6131319358816276,2.5848605577689243
SWAFR,E116S33A,116.25,-33.25,4,9.375125885009766,0.720881462097168,27.229114055633545,1.5360441207885742,270.7947883605957,34.57412974039713,767.8290100097656,92.69724527994792,63933401,3709111.333333333,39.757789611816406,2.5978012084960938,53.70646572113037,0.5660699208577474,94.42449188232422,11.855359395345053,294.0138626098633,1.0821380615234375,-0.3126988354422054,1.156422637549722,891,425.5,0.684815027789889,465.5,0.5224466891133558,2.0940070505287895
SWAFR,E116S33B,116.75,-33.25,4,11.397191762924194,1.111475149790446,30.63886547088623,0.8644065856933594,305.8812942504883,30.105005900065102,507.35079193115234,63.84960428873698,48229285,4756326,39.917428970336914,0.311913808186849,56.62728500366211,1.2266883850097656,59.4384126663208,7.430081049601237,298.87828826904297,1.192835489908854,-0.8752322602720622,-0.16132690329961624,803,302.75,0.826857791215061,500.25,0.6229763387297634,2.652353426919901
SWAFR,E116S33C,116.25,-33.75,4,11.036552906036377,1.4531313578287761,30.34336757659912,2.6309356689453125,255.5039405822754,29.949526468912758,697.45489501953125,69.70692952473958,62394617,9244558,44.60339832305908,2.7235355377197266,54.16470146179199,2.332042694091797,93.51506614685059,15.018189748128254,295.1419982910156,3.045684814453125,1.458274208594559,-0.15236751531407597,1009,427.25,0.739827355929787,581.75,0.5765609514370664,2.361614979520187
SWAFR,E116S33D,116.75,-33.75,4,12.456121444702148,0.9758214950561523,33.30666494369507,2.4292777379353843,269.8586769104004,30.06279754638672,544.5474090576172,51.883880615234375,50018500,2852570.6666666665,44.13893985748291,2.4539012908935547,56.759371757507324,1.220193862915039,76.58062362670898,9.788279215494793,298.6049499511719,0.6722208658854166,-0.3756985166154062,0.18713251402351058,1058,429.5,0.782421252016594,628.5,0.5940453686200378,2.463329452852154
SWAFR,E116S34A,116.25,-34.25,4,12.18436884880066,1.441063721974691,28.768221855163574,1.9200572967529297,229.05956268310547,62.30645751953125,841.4312438964844,155.20157877604166,69882600,2132437.3333333335,53.78056240081787,8.357075373331705,50.76273059844971,1.5565636952718098,113.82797813415527,19.483158111572266,292.3992233276367,0.20837910970052081,0.4739775137556842,1.2282652150224136,1278,622.25,0.664061440910263,655.75,0.5131064162754304,2.053836882282041
SWAFR,E116S34B,116.75,-34.25,4,13.062060117721558,1.7865233421325684,30.05622673034668,2.401259740193685,250.230712890625,49.02099609375,660.6648864746094,116.21335856119792,62194352,7821689.333333334,52.24140453338623,2.5959707895914717,53.08626651763916,1.5956567128499348,90.75897216796875,9.273704528808594,294.52245330810547,2.353052775065104,1.2964323462794616,0.3593440904479083,1090,496.25,0.730588144663558,593.75,0.5447247706422018,2.1964735516372795
SWAFR,E116S34D,116.75,-34.75,4,13.550986528396606,2.7253225644429526,29.01454734802246,1.6730740865071614,140.1493148803711,78.60584259033203,957.2804412841797,105.54409790039062,76592318,3486889.333333333,64.56057262420654,3.7377185821533203,49.218772888183594,0.6084162394205729,167.1211929321289,50.144124348958336,291.30970764160156,1.0340372721354167,1.249418022678081,0.7777569284336888,1222,650,0.612172516528026,572,0.46808510638297873,1.88
SWAFR,E117S28C,117.25,-28.75,4,6.8179919719696045,1.2163128852844238,23.136117935180664,1.4832979838053384,330.45679473876953,41.69271341959635,250.02373123168945,4.804252624511719,20673112,720505.3333333333,27.88467264175415,2.0028092066446943,67.40807914733887,1.1733868916829429,27.10706329345703,3.6592578887939453,305.4312973022461,0.32439676920572913,-2.411122219121297,-0.5556190215255216,480,153.5,0.90348751243253,326.5,0.6802083333333333,3.1270358306188926
SWAFR,E117S29A,117.25,-29.25,4,8.87774932384491,2.2203331788380942,23.395619869232178,1.293871243794759,317.69283294677734,31.468317667643227,267.35457611083984,10.225824991861979,25185257,2388110,33.10168218612671,2.2445243199666343,64.88802909851074,1.1770591735839844,35.93301010131836,2.6168721516927085,304.83267974853516,0.9444020589192709,-1.2603370589600096,-0.16030136694076524,565,225.25,0.794671876361515,339.75,0.6013274336283185,2.5083240843507215
SWAFR,E117S29C,117.25,-29.75,4,9.586386680603027,1.4369831085205078,24.691784858703613,0.8414192199707031,352.45987701416016,15.875747680664062,270.9199981689453,7.681996663411459,30585948,1863928.6666666667,33.98971080780029,1.077260971069336,63.0795373916626,1.1196015675862632,44.31400394439697,7.835452397664389,302.9675979614258,0.24096171061197916,-2.3189646157973955,-0.5411844813181611,609,232.75,0.836553321642181,376.25,0.617816091954023,2.6165413533834587
SWAFR,E117S30A,117.25,-30.25,4,8.617785215377808,0.5377313296000162,24.368764400482178,1.2077118555704753,328.81798553466797,26.642125447591145,285.4089050292969,15.050811767578125,25934831.5,1395373.6666666667,35.3905029296875,2.287872314453125,66.02738380432129,0.7633349100748698,41.458664894104004,2.7740561167399087,303.55303955078125,0.668212890625,-2.271891374338897,0.598758008854898,507,207.75,0.768437794576542,299.25,0.5902366863905325,2.44043321299639
SWAFR,E117S30B,117.75,-30.25,4,8.460258960723877,1.2414916356404624,24.39778232574463,0.5202725728352865,364.18692779541016,33.62054951985677,293.1531066894531,7.091756184895833,26361122.5,2533215.666666667,36.83742713928223,2.0224647521972656,64.86921119689941,1.0766105651855469,38.616700172424316,2.044120152791341,303.3220672607422,0.8233540852864584,-2.043329262406708,0.3954158464057698,467,185.75,0.798372149009157,281.25,0.60224839400428265,2.5141318977119784
SWAFR,E117S30C,117.25,-30.75,4,8.57295835018158,1.325913985570272,22.810667514801025,2.6145995457967124,345.26981353759766,30.82268778483073,308.0505828857422,30.60369873046875,27784851.5,3296689,39.846981048583984,3.9689598083496094,65.86213111877441,0.7451032002766926,36.313870429992676,2.021059036254883,302.31639099121094,0.5434977213541666,-1.1256060460497876,0.5748568685169073,862,345.75,0.786082126509059,516.25,0.5988979118329466,2.4931308749096166
SWAFR,E117S30D,117.75,-30.75,4,8.287906289100647,1.20529309908549,24.83051872253418,1.6265023549397786,341.42871856689453,30.993311564127605,297.7146530151367,4.8540089925130205,25981197,1624130.6666666665,39.897891998291016,2.117104848225911,66.0921745300293,0.6782582600911458,40.23241996765137,1.7785924275716147,302.83927154541016,0.07302347819010417,-3.254207017708323,-0.28108039345939156,582,225,0.805852410554696,357,0.6134020618556701,2.5866666666666664
SWAFR,E117S31A,117.25,-31.25,4,9.975226402282715,0.8547725677490234,22.030989170074463,1.6563774744669597,304.79217529296875,45.844187418619796,318.29933166503906,17.67529296875,29793182.5,3948744.3333333335,40.86808395385742,0.6688791910807291,64.35786819458008,1.4389419555664062,34.90110969543457,3.714148203531901,301.7373809814453,0.371063232421875,-1.5722028179667427,-0.6769235567152744,847,343.75,0.78757679563479,503.25,0.5941558441558441,2.464
SWAFR,E117S31B,117.75,-31.25,4,9.303576946258545,0.10588773091634114,23.99885320663452,2.7118660608927407,313.67002868652344,35.227315266927086,315.30435943603516,8.4672393798828125,28356725.5,2386507,43.38868808746338,0.8144995371500652,65.29253387451172,0.5231424967447916,31.9134259223938,2.8300917943318686,302.1990737915039,0.37469991048177087,-3.220233552955357,-0.2701446007764871,692,296,0.746495865274411,396,0.5722543352601156,2.3378378378378377
SWAFR,E117S31C,117.25,-31.75,4,10.025943994522095,0.12571350733439127,21.505796432495117,1.215419133504232,249.92355346679688,36.086191813151046,337.8157653808594,25.253011067708332,31419022,5133178.666666667,40.2116117477417,0.714321772257487,63.688483238220215,2.111403783162435,29.302310943603516,3.598609288533529,301.41980743408203,0.3395029703776042,-2.137981773780906,-0.019705265184403666,1090,469.25,0.765553320126933,620.75,0.5694954128440367,2.322855620671284
SWAFR,E117S31D,117.75,-31.75,4,9.663179159164429,0.6716974576314291,22.321979522705078,1.8087495168050132,285.4276428222656,26.95537312825521,308.11954498291016,2.0533599853515625,30029697.5,2465603,40.531012535095215,1.2751153310139973,63.40155220031738,1.9772097269694011,31.48951816558838,3.3131561279296875,301.5960235595703,0.29453531901041663,-2.4949230651692647,-1.5007021514714902,974,399,0.783652017781874,575,0.5903490759753593,2.4411027568922306
SWAFR,E117S32A,117.25,-32.25,4,10.121449708938599,0.8739488919576008,23.109862804412842,1.2625672022501626,264.69572830200195,38.15096791585286,352.15576934814453,23.380304972330727,33546238,7020060,41.245094299316406,1.008374532063802,62.119789123535156,2.667074839274089,33.80614900588989,2.4157285690307617,300.99820709228516,0.40793355305989587,-1.1447066581801324,-0.3674896720746522,841,331.5,0.80472274866127,509.5,0.6058263971462544,2.5369532428355956
SWAFR,E117S32B,117.75,-32.25,4,10.852880001068115,0.8940553665161133,22.422317028045654,1.6022590001424155,311.26405334472656,12.9981689453125,320.7780990600586,8.2797088623046875,33574065,721404,41.58146858215332,0.82857513427734375,62.96590518951416,0.4628060658772786,30.88556146621704,3.873826026916504,300.77293395996094,0.48187255859375,-3.2096651041176907,-0.372298278692947,795,320.25,0.796072054281817,474.75,0.5971698113207548,2.4824355971896956
SWAFR,E117S32C,117.25,-32.75,4,11.961455821990967,1.0607191721598308,26.8604474067688,2.567157427469889,343.76383209228516,33.12627665201823,390.58715057373047,44.64510599772135,40150702,1808133.3333333333,42.69331073760986,1.453573226928711,60.06746578216553,0.5089181264241537,42.16182994842529,3.000621159871419,300.1283416748047,0.3187459309895833,-1.8401628537706516,0.3960296211507567,1124,520,0.690108370357052,604,0.5373665480427047,2.1615384615384614
SWAFR,E117S32D,117.75,-32.75,4,12.765305757522583,0.86447540918986,24.4371280670166,1.4552243550618489,326.2879867553711,44.002070109049484,337.68465423583984,11.654240926106771,33906333.5,2568930.3333333335,42.868597984313965,1.331796646118164,62.28242301940918,1.1762593587239585,35.7732138633728,5.320680936177572,300.07835388183594,0.45616658528645837,-1.5615628852639805,-0.3864853027456667,860,357.25,0.773919310181562,502.75,0.584593023255814,2.4072778166550033
SWAFR,E117S33A,117.25,-33.25,4,12.116533756256104,1.71082337697347,28.65653085708618,1.1680936813354492,312.1012878417969,38.984965006510414,400.19830322265625,33.014302571614586,39590501.5,7118378.333333334,38.33405590057373,2.402048110961914,59.78910255432129,0.9421361287434896,53.313992500305176,7.995373407999674,299.1874542236328,0.8291117350260416,-0.15636526088351907,0.40175244698599694,1085,446.5,0.785537016138058,638.5,0.588479262672811,2.4300111982082866
SWAFR,E117S33B,117.75,-33.25,4,13.075912237167358,0.9222610791524251,26.120491981506348,3.8719863891601562,303.5624237060547,53.974283854166664,353.7341995239258,24.397577921549477,34895317.5,3506021,43.73799228668213,1.6420180002848308,58.82145404815674,8.863772710164389,49.173221588134766,12.739860534667969,299.47308349609375,0.5368550618489584,0.4918395983130832,-1.5961070969333442,829,317.25,0.825391472621265,511.75,0.6173100120627262,2.613081166272656
SWAFR,E117S33C,117.25,-33.75,4,13.029917001724243,0.8731029828389486,33.179975509643555,3.108855565388997,307.7114944458008,42.70866394042969,446.3253631591797,21.20539347330729,45969788,4325913.333333333,44.41872215270996,2.7254638671875,59.2312650680542,0.914981206258138,67.17578983306885,8.170466740926106,299.00695037841797,0.22992451985677084,-0.9198102491157492,-0.20669530785780668,920,370,0.790746906175358,550,0.5978260869565217,2.4864864864864864
SWAFR,E117S33D,117.75,-33.75,4,13.823149919509888,0.43321975072224933,31.063077449798584,1.4865090052286782,312.7374038696289,12.53002421061198,385.99900817871094,25.6307373046875,40542512,3251737.333333333,43.38620376586914,1.623101552327474,61.46315670013428,0.2746473948160807,58.20834827423096,4.987518946329753,299.15206146240234,0.2522633870442708,-2.7063047672233616,0.8386745033412131,648,227.75,0.861642070692944,420.25,0.6485339506172839,2.845225027442371
SWAFR,E117S34A,117.25,-34.25,4,14.02309250831604,2.123216470082601,33.06417894363403,1.3895877202351887,265.58226776123047,29.632278442382812,543.144172668457,57.233647664388016,50878753,4753540.666666666,52.36240196228027,3.312449137369792,56.347256660461426,2.075068791707357,78.61238861083984,8.334665934244791,297.3453674316406,1.267059326171875,0.49391953869824956,0.3635383527490136,857,318.5,0.833931074253649,538.5,0.6283547257876313,2.6907378335949765
SWAFR,E117S34B,117.75,-34.25,4,13.850704908370972,1.311487038930257,31.690184116363525,2.8264977137247724,284.99031829833984,39.9353993733724,451.54969787597656,40.48551432291667,48322956,12724220,50.32219123840332,6.856396993001303,57.98036003112793,5.13094965616862,78.53824806213379,19.424864451090496,297.3628158569336,2.582209269205729,2.1514516353639093,-0.3498899179989987,1613,725.5,0.761463871601503,887.5,0.5502169869807811,2.2232942798070296
SWAFR,E117S34C,117.25,-34.75,4,13.007507562637329,1.5757241249084473,30.11426067352295,2.368298848470052,156.75106239318848,95.35570907592773,787.8165435791016,121.45897420247395,70383442,5026753.333333333,68.98652458190918,8.3592898050944,51.2321891784668,1.6273714701334636,113.8400650024414,11.586524963378906,292.91565704345703,1.113550821940104,1.468615708107331,1.0248984171104036,1345,625.5,0.714251804731982,719.5,0.5349442379182157,2.150279776179057
SWAFR,E117S34D,117.75,-34.75,4,14.867557048797607,0.8554102579752605,30.749240398406982,3.0549001693725586,156.38722610473633,111.47848002115884,704.64111328125,109.8153076171875,63139258,8658938.666666666,76.46783447265625,1.9579060872395835,52.45757293701172,2.3962860107421875,102.62053680419922,4.7401580810546875,295.15804290771484,1.6809031168619792,1.0525322484703772,0.1513001181387988,1873,986.75,0.600936035877893,886.25,0.4731713828083289,1.898150494046111
SWAFR,E118S29A,118.25,-29.375,2,9.378623008728027,2.6672325134277344,23.482264518737793,0.19435691833496094,353.0580596923828,7.162628173828125,283.9358673095703,24.072906494140625,26310568,970984,36.42828178405762,2.774311065673828,63.58234977722168,1.3958778381347656,41.228302001953125,1.9347305297851562,304.00640869140625,0.1385498046875,-3.121152461068607,1.5131803792895941,29,15,0.96551724137931,14,0.4827586206896552,1.9333333333333333
SWAFR,E118S29D,118.75,-29.625,2,11.899259090423584,3.8886537551879883,23.340551376342773,0.5778236389160156,468.4155731201172,92.892120361328125,287.3665466308594,12.5086669921875,30589337,1985494,41.95832824707031,1.6720962524414062,62.11783409118652,1.0111656188964844,50.59064865112305,5.0847625732421875,302.2372589111328,1.644195556640625,-0.5740455195883379,0.15209166615793515,14,7.5,0.928571428571429,6.5,0.4642857142857143,1.8666666666666667
SWAFR,E118S30C,118.25,-30.75,4,8.73971176147461,0.611475944519043,24.506296634674072,0.6258548100789388,380.6702423095703,14.5206298828125,298.3252410888672,6.917073567708334,26798951.5,1958820.3333333333,41.85580635070801,1.0979677836100261,64.59556293487549,1.0049877166748047,37.06327247619629,1.1255276997884116,302.3776550292969,0.742156982421875,-3.1750072942127052,0.23207358819101517,502,202.5,0.787286365847536,299.5,0.5966135458167331,2.4790123456790125
SWAFR,E118S30D,118.70833333333333,-30.791666666666668,3,10.414198875427246,1.5882498423258464,25.02359453837077,0.4615885416666667,390.54083251953125,68.37412516276042,297.09703572591144,5.705342610677083,28431826.666666668,1330944,44.41399256388346,1.339068094889323,62.745750427246094,1.758466084798177,38.459259033203125,7.793678283691406,302.1527506510417,1.31109619140625,-1.2563327678998468,-0.3217304495085771,541,232,0.850437002038561,309,0.5711645101663586,2.331896551724138
SWAFR,E118S31A,118.25,-31.25,4,9.810206651687622,1.113288720448812,25.262818813323975,1.2243064244588218,310.4887008666992,40.28992207845052,297.5997009277344,8.189565022786459,23748049.25,5472271.5,41.78506278991699,0.7992464701334635,63.420212745666504,2.8306662241617837,36.98509407043457,6.575754801432292,301.79907989501953,1.5323537190755208,-0.5689799697129053,-1.2260901237760549,910,377.75,0.754980743809964,532.25,0.5848901098901099,2.409000661813369
SWAFR,E118S31B,118.75,-31.25,4,10.246103048324585,1.3138073285420735,26.21427583694458,0.8333514531453451,353.59273529052734,21.876571655273438,311.3213577270508,16.258031209309898,26088309,1758820,47.993597984313965,2.8664404551188154,65.44507217407227,0.5152994791666666,35.117733001708984,7.631247838338217,302.17325592041016,0.9335581461588541,-1.5163636845029942,0.7583824030089961,676,286.5,0.766381723232754,389.5,0.5761834319526628,2.3595113438045376
SWAFR,E118S31C,118.25,-31.75,4,10.288085222244263,0.8889470100402832,24.182047843933105,1.5856831868489583,319.56414794921875,53.47796630859375,314.37938690185547,6.4026133219401045,29261952.5,2967876.333333333,42.749512672424316,2.168544133504232,64.94877815246582,0.6669349670410156,30.11433172225952,3.1595398585001626,301.6832809448242,0.2620391845703125,-2.1026978638806293,-0.1490968550345609,735,311.5,0.761071101904712,423.5,0.5761904761904761,2.359550561797753
SWAFR,E118S31D,118.75,-31.75,4,11.196085691452026,0.6564599672953287,25.59874963760376,0.4590698877970377,400.2511672973633,36.37336730957031,330.25801849365234,6.3745574951171875,30231113,1021892.6666666667,49.30154037475586,1.9198226928710938,64.22506523132324,0.662499745686849,32.126450538635254,2.1792221069335938,300.90926361083984,0.6346893310546875,-2.998565219704343,0.7828178899163173,664,273.5,0.787833547838397,390.5,0.5881024096385542,2.4277879341864717
SWAFR,E118S32A,118.25,-32.25,4,11.212738990783691,0.7347027460734049,24.092875957489014,1.3050508499145508,297.1547622680664,43.3036855061849,313.6199722290039,4.9491628011067705,31011905,5804246.666666667,43.82239627838135,2.082066218058268,61.930108070373535,3.9666334788004556,31.427374362945557,3.031263033548991,300.6128234863281,1.4526774088541667,-0.727421881098135,-0.9055595736472319,863,324,0.82561547231473,539,0.6245654692931634,2.6635802469135803
SWAFR,E118S32B,118.75,-32.25,4,11.41531229019165,0.32402547200520837,25.771033763885498,0.7312523523966471,328.1315689086914,18.056798299153645,326.22277069091797,9.25567118326823,29778608.5,413111,49.365845680236816,2.0807323455810547,64.70398712158203,0.96369171142578125,32.38012409210205,3.2465476989746094,300.7153091430664,0.6897939046223958,-3.2591941012967864,0.670054350607104,702,256.75,0.851259877902523,445.25,0.6342592592592593,2.7341772151898733
SWAFR,E118S32C,118.25,-32.75,4,12.908653259277344,0.8501294453938801,25.23108959197998,2.5454330444335938,321.2313537597656,40.879486083984375,318.44834899902344,7.234395345052083,31954408,2462150.666666667,44.789119720458984,1.1732037862141926,61.660905838012695,2.7727203369140625,34.90466785430908,3.8553524017333984,300.1238250732422,0.455413818359375,-1.4220829486454307,-1.3510153642798304,905,352.5,0.816880170176858,552.5,0.6104972375690608,2.5673758865248226
SWAFR,E118S32D,118.75,-32.75,4,13.224323034286499,0.7918664614359537,26.186301708221436,2.1481116612752276,342.00452423095703,35.46768697102865,330.6865921020508,7.4127655029296875,32450090,902205.3333333334,50.15953826904297,3.118284861246745,63.11648178100586,0.5363426208496094,33.89205312728882,3.2098976771036787,299.7705612182617,0.18192036946614584,-2.7634010673206975,0.09409957027189003,699,268.25,0.821728745804638,430.75,0.6162374821173104,2.6057781919850886
SWAFR,E118S33A,118.25,-33.25,4,14.572052955627441,1.5490681330362956,25.16998529434204,5.9707237879435215,320.8530731201172,40.154856363932296,331.69666290283203,6.4637908935546875,31173526,7462618.666666667,47.63557529449463,2.5973682403564453,56.092451095581055,12.305614471435547,43.154727935791016,5.0257212320963545,298.85203552246094,1.10107421875,0.7932765225977153,-2.397609724698008,1036,422,0.789073172806587,614,0.5926640926640927,2.4549763033175354
SWAFR,E118S33B,118.75,-33.25,4,14.934307098388672,1.3128430048624673,29.284140586853027,1.006338119506836,321.11490631103516,33.79580179850261,340.5274658203125,9.872731526692709,33913316,4995137.333333333,53.13756465911865,2.182593663533529,62.5943660736084,1.1142552693684895,40.254634857177734,6.7125180562337246,299.0119857788086,0.4007415771484375,-1.1980105770316791,-0.12760304608304313,884,384.5,0.760866563649949,499.5,0.5650452488687783,2.2990897269180754
SWAFR,E118S33C,118.25,-33.75,4,12.596612215042114,0.28098122278849286,29.89579963684082,1.336647669474284,328.3424530029297,17.44854736328125,351.29608154296875,17.90088907877604,38161017,2143854,50.20752143859863,4.660603841145834,61.44565773010254,0.24523035685221356,53.48069477081299,4.031782150268555,298.97373962402344,0.442291259765625,-2.6556043554240194,1.5258228247849448,882,345.75,0.793792097430878,536.25,0.6079931972789115,2.5509761388286334
SWAFR,E118S33D,118.75,-33.75,4,15.181336641311646,1.7254640261332193,29.689494132995605,0.9973290761311849,300.03553771972656,21.812255859375,363.3288879394531,28.30742390950521,39302743.5,9218915.666666666,60.21982479095459,6.191256841023763,60.42149257659912,2.084726333618164,59.474029541015625,6.4660695393880205,298.2394714355469,0.903900146484375,0.22299461584069968,0.607085758045776,905,339.75,0.832646904918473,565.25,0.624585635359116,2.6637233259749817
SWAFR,E118S34A,118.25,-34.25,4,14.51885175704956,2.5151650110880532,30.87677812576294,1.7085580825805664,269.67762756347656,71.37583923339844,437.4842758178711,49.14698791503906,48465176,14256314.666666666,55.242812156677246,4.5295556386311855,57.64399719238281,5.173413594563802,82.5926866531372,27.738426844278973,296.2767791748047,3.23779296875,2.676860513857312,-0.36355865098530593,1556,658.5,0.789019045743037,897.5,0.5767994858611826,2.3629460895975702
SWAFR,E118S34B,118.75,-34.25,4,15.522003412246704,1.60323699315389,30.600297927856445,0.8984584808349609,165.08153343200684,94.9416109720866,448.00255584716797,24.602645874023438,43736783,3651626,62.05087661743164,1.9014600118001301,59.9072847366333,0.3906561533610026,68.11588478088379,7.851200103759766,298.0505065917969,0.39447021484375,-1.054247202624123,0.7406066333538058,1260,528.75,0.770001933300271,731.25,0.5803571428571429,2.382978723404255
SWAFR,E119S31C,119.25,-31.75,4,12.912068128585815,1.113635540008545,26.669068813323975,0.38135178883870446,422.0014190673828,14.092763264973957,343.79882049560547,10.103388468424479,30146617.5,1732682.3333333335,53.92179298400879,0.7723579406738281,63.82971382141113,0.7998237609863281,32.88370227813721,2.9678707122802734,300.49853515625,0.6106770833333333,-2.9074550930045957,0.3262804103736682,383,123.5,0.896284880884612,259.5,0.6775456919060052,3.1012145748987856
SWAFR,E119S31D,119.70833333333333,-31.791666666666668,3,15.604827245076498,2.378320058186849,26.228288650512695,1.2688217163085938,411.7088317871094,35.33636474609375,342.05698649088544,9.881510416666666,35332324,11857470.666666666,55.717332204182945,4.156252543131511,61.51331329345703,6.143816630045573,40.42965825398763,8.716601053873697,299.4332987467448,1.2452392578125,0.9295239026826908,-0.8753155519624984,433,180.33333333333334,0.887827945688079,252.66666666666666,0.5835257890685143,2.401109057301294
SWAFR,E119S32A,119.25,-32.25,4,14.323068618774414,1.229490598042806,26.52805185317993,0.9351447423299154,382.84661865234375,55.72911580403646,357.14764404296875,6.596181233723959,34187461,5540815.333333333,55.417497634887695,1.7977803548177085,62.35753059387207,3.404619852701823,33.77633714675903,2.8693176905314126,299.33643341064453,1.089543660481771,-0.7153504345474458,-0.6654964153304863,698,263,0.843325220172367,435,0.6232091690544412,2.653992395437262
SWAFR,E119S32B,119.75,-32.25,4,16.210468769073486,0.8025468190511067,27.801687240600586,0.7056490580240886,406.0727081298828,31.046773274739586,356.8097381591797,7.022186279296875,44302579,3497455.3333333335,58.71595001220703,2.447606404622396,57.95109558105469,2.4506683349609375,44.75041389465332,10.302205403645834,298.75821685791016,0.5035654703776041,-1.1478857412747951,-0.298023618495212,763,320,0.768944103860492,443,0.580602883355177,2.384375
SWAFR,E119S32C,119.25,-32.75,4,14.487389087677002,1.519002596537272,26.486292839050293,3.125840504964193,346.3719177246094,19.374542236328125,337.5293426513672,5.282511393229166,31416300,1419396,55.575477600097656,1.5547243754069011,60.27712821960449,6.335043589274089,34.96642875671387,4.203632354736328,299.28975677490234,0.7979482014973958,-1.037337800250875,-1.9649105363950614,746,284.5,0.824010679244698,461.5,0.618632707774799,2.622144112478032
SWAFR,E119S32D,119.75,-32.75,4,15.713733911514282,1.6858569780985515,28.951261043548584,1.5759941736857097,382.7339782714844,37.277801513671875,346.70758056640625,5.969624837239583,34700695,1413160.6666666667,59.183709144592285,1.7677618662516275,61.28792095184326,1.2358468373616536,38.86892509460449,3.248881022135417,299.06009674072266,0.4814300537109375,-1.868914582127066,-0.660498633911518,624,229,0.849363040214489,395,0.6330128205128205,2.7248908296943233
SWAFR,E119S33A,119.25,-33.25,4,16.009910821914673,1.9981595675150552,28.622313499450684,0.8176390329996744,325.9863967895508,32.06632995605469,364.02953338623047,11.563044230143229,34315975,7068290,57.85087776184082,2.6973470052083335,61.04545211791992,2.221602121988932,41.64560413360596,3.862441380818685,298.44054412841797,0.5083770751953125,-0.7114623648768003,-0.10484626004753977,847,349.75,0.773227452714118,497.25,0.5870720188902007,2.4217298070050037
SWAFR,E119S33B,119.75,-33.25,4,16.612734079360962,2.7632829348246255,28.118497848510742,2.0320555369059243,329.52757263183594,27.27337646484375,368.84619903564453,21.076807657877602,33367852.5,8058105.666666666,65.01351165771484,4.8924624125162754,59.09733295440674,4.096189498901367,43.22251892089844,10.219242095947266,298.0107879638672,1.1289469401041667,1.023434101707969,-0.5880481255413658,1124,534,0.694067451990022,590,0.5249110320284698,2.1048689138576777
SWAFR,E119S33C,119.25,-33.75,4,15.630549907684326,2.585108757019043,29.82012939453125,1.5794703165690105,276.96228408813477,54.86209360758463,410.0801010131836,21.37517801920573,43969388,5495366.666666667,64.86958980560303,2.9171212514241533,59.1450777053833,2.63136355082194,60.97883987426758,12.638943990071615,297.3494415283203,1.9464518229166665,0.9774480413760318,-0.4870806645130866,934,362.25,0.811254720390535,571.75,0.612152034261242,2.578329882677709
SWAFR,E119S33D,119.75,-33.75,4,15.196171283721924,2.07517147064209,29.083842754364014,0.5404767990112305,184.26141929626465,113.790220896403,413.053466796875,7.43994140625,47526232,8420436,70.38644790649414,4.1413116455078125,56.97987174987793,3.114008585611979,70.192458152771,21.48370806376139,297.1463928222656,0.95599365234375,0.7950725409394992,-0.28154228779192036,1362,586.75,0.752005746760709,775.25,0.5691997063142438,2.3212611844908393
SWAFR,E120S32A,120.25,-32.25,4,16.618130207061768,2.5701573689778647,26.34239101409912,1.7733243306477864,380.04669189453125,59.743845621744796,325.4836654663086,15.413681030273438,36804731,5727200.666666667,61.07334613800049,0.5365505218505859,57.22800636291504,4.276322682698567,43.00645065307617,6.825389862060547,298.95288848876953,0.2951405843098958,-0.3888506231276472,-1.7595745598773023,316,101.5,0.91185177044826,214.5,0.6787974683544303,3.1133004926108376
SWAFR,E120S32C,120.25,-32.75,4,16.56475067138672,1.7558053334554036,28.654513835906982,0.9588772455851238,332.43878173828125,33.88051350911458,338.1372299194336,15.740951538085938,33780314,2783904.6666666665,61.43510437011719,1.0896581013997397,61.58121299743652,2.5136464436848955,39.631147384643555,4.419012705485026,299.0826721191406,0.5008341471354167,-1.1680412998055951,-0.5394898509002781,428,136.75,0.914285581449183,291.25,0.6804906542056075,3.129798903107861
SWAFR,E120S32D,120.75,-32.75,4,16.41639232635498,0.8381004333496094,26.3943133354187,2.8724451065063477,314.38318634033203,55.61990865071615,340.7107925415039,17.245732625325523,34752089.5,6343703,63.94382381439209,2.9057140350341797,57.14065742492676,10.531442006429037,41.00938415527344,5.662034352620443,299.08760833740234,0.3314666748046875,0.23192595985496162,-1.20762452152794,473,178,0.857302310840072,295,0.6236786469344608,2.657303370786517
SWAFR,E120S33A,120.25,-33.25,4,16.11763310432434,2.4661828676859536,29.141080856323242,0.56081390380859375,307.7519760131836,52.52047220865885,382.56248474121094,31.8206787109375,40412440,3586526.6666666665,68.54384422302246,5.1923281351725254,59.10354042053223,2.5554771423339844,49.90920829772949,4.252859751383464,298.2716369628906,0.5727945963541667,-0.18933496358751684,0.915557956395915,765,271.75,0.872973572008108,493.25,0.6447712418300654,2.81508739650414
SWAFR,E120S33B,120.75,-33.25,4,14.777786493301392,1.7917154630025227,29.161139488220215,1.2239252726236978,258.423583984375,12.140645345052082,403.57308197021484,37.76161193847656,41715795,8076018,68.69186782836914,4.929074605305989,59.39969825744629,1.638964335123698,51.34022045135498,8.162900924682617,297.95577239990234,1.0624643961588542,0.12330486584241118,0.54344740589261,541,194.5,0.853201301553315,346.5,0.6404805914972274,2.7814910025706943
SWAFR,E120S33C,120.25,-33.75,4,15.364252090454102,0.8171796798706055,30.1929030418396,1.1967744827270508,112.37073135375977,120.65642674763998,430.81893157958984,16.541336059570312,45469382,4567492,71.99332046508789,4.218004862467448,58.28536415100098,2.2007306416829424,61.039649963378906,14.827776590983074,297.72760009765625,1.0094197591145833,0.4135259480181939,0.0832649041930783,1575,722.5,0.721270339068093,852.5,0.5412698412698412,2.179930795847751
SWAFR,E121S32C,121.25,-32.75,4,16.413111686706543,2.804864247639974,26.856192588806152,3.176364262898763,278.6582489013672,37.471720377604164,348.59532928466797,16.72815450032552,38828524,7635934.666666666,65.48805809020996,0.7405560811360677,54.29790782928467,7.942190170288086,44.971757888793945,8.680787404378256,298.8242416381836,0.6460723876953125,0.564722080416574,-2.263141028454784,645,243.25,0.826509188017498,401.75,0.6228682170542635,2.6515930113052417
SWAFR,E121S32D,121.75,-32.75,4,17.92466449737549,4.200571378072103,21.063961029052734,10.215840021769205,256.04692459106445,23.907178243001304,330.64373779296875,16.23936971028646,25589598.5,11915129,65.57406234741211,1.731157938639323,44.418657302856445,21.688420613606773,43.21467876434326,12.436532974243164,299.09300231933594,0.8996988932291667,2.036523771249428,-3.1874428629163245,487,159.5,0.911559437432588,327.5,0.6724845995893224,3.053291536050157
SWAFR,E121S33A,121.25,-33.25,4,14.23887324333191,1.1988364855448406,29.00278949737549,0.96478271484375,212.645751953125,46.359334309895836,395.95850372314453,30.550593058268227,41024739,4802830,64.04970836639404,1.7410780588785808,59.77157688140869,1.4827009836832683,46.11656379699707,2.900282541910807,298.0804901123047,0.8513285319010417,-0.8057100181694005,0.41742271621332144,517,180,0.867317237931602,337,0.6518375241779497,2.8722222222222222
SWAFR,E121S33B,121.75,-33.25,4,15.60574984550476,0.6497623125712076,27.951128005981445,0.6011466979980469,212.82867431640625,39.78727722167969,387.4602813720703,51.80544026692708,35549217,3843459.3333333335,62.17240619659424,0.6793359120686848,61.078927993774414,1.243731180826823,38.18424701690674,4.074046452840169,298.80297088623047,0.8273366292317708,-1.3951378865817945,0.6287526405310835,740,320.25,0.749992677877866,419.75,0.5672297297297297,2.310694769711163
SWAFR,E122S32A,122.25,-32.375,2,19.200678825378418,0.4472675323486328,29.45546817779541,1.1252460479736328,311.3655700683594,6.768798828125,346.6693420410156,1.5596923828125,44046674,963548,69.95658874511719,2.24053955078125,58.315805435180664,0.17065048217773438,45.32065391540527,4.259372711181641,299.7381591796875,0.70098876953125,-4.107449697323175,0.10656196629776345,43,22,0.976744186046512,21,0.4883720930232558,1.9545454545454546
SWAFR,E122S32C,122.25,-32.75,4,17.898301124572754,1.382944107055664,29.4763765335083,1.1275679270426433,284.69462966918945,24.045677185058594,373.2709197998047,21.43281046549479,44259493,7535066,66.02708625793457,1.7132759094238281,59.56875419616699,3.088633219401042,49.277931213378906,6.1497650146484375,298.3288879394531,0.6049702962239584,-0.3846819486336082,-0.4058796194696112,57,14.25,1,42.75,0.75,4
SWAFR,E122S32D,122.75,-32.75,4,16.653704404830933,1.9860806465148926,28.10928773880005,1.9087285995483398,269.80710220336914,38.57834116617838,360.4678955078125,10.526814778645834,42737450,8130481.333333333,66.85893058776855,0.8013445536295573,57.89824676513672,6.225738525390625,48.36553955078125,1.4137763977050781,298.38002014160156,0.8651326497395833,-0.5397184482175263,-1.591146467994355,95,24.5,0.993417874396135,70.5,0.7421052631578947,3.877551020408163
SWAFR,E122S33A,122.25,-33.25,4,14.681816577911377,1.640072504679362,28.68237829208374,0.7865654627482096,203.1579246520996,32.033877054850265,433.51499938964844,26.050018310546875,44189930,3408637.333333333,64.79397392272949,2.031383514404297,57.41922092437744,0.4915078481038411,51.33630847930908,3.0440553029378252,297.3864974975586,1.1745758056640625,-1.3141756323662068,0.9655826254686085,743,279.5,0.848968422595227,463.5,0.6238223418573351,2.658318425760286
SWAFR,E122S33B,122.75,-33.25,4,14.709121704101562,0.6390711466471355,29.02153491973877,0.4189592997233073,203.51469039916992,29.497006734212242,427.5890197753906,35.668497721354164,44393752,2267477.3333333335,67.2772159576416,1.4603055318196616,57.37870121002197,1.2418486277262368,53.001614570617676,2.541604995727539,297.5790252685547,0.8504130045572916,-1.8928967978269815,1.2059099871095673,453,156.5,0.859872538396623,296.5,0.6545253863134658,2.8945686900958467
SWAFR,E124S32C,124.25,-32.875,2,16.44218111038208,2.3542356491088867,26.756659507751465,0.6673069000244141,128.7809066772461,19.685684204101562,285.35157775878906,8.170501708984375,39696476,3190448,61.476402282714844,0.89092254638671875,63.01348304748535,2.571239471435547,56.95205307006836,6.708717346191406,299.61187744140625,0.130859375,-1.9114912632612393,-0.9409053601015439,14,7,1,7,0.5,2
